par,signataire_original,type,date,url,titre,texte,nbcar
1 journaliste,Éric Leblanc,une chronique sportive,2022-07-12,https://www.rds.ca/hockey/canadiens/mailloux-assure-tout-faire-pour-devenir-une-meilleure-personne-1.15953395,CH : Logan Mailloux assure tout faire pour devenir une meilleure personne,"Près d'un an après la commotion provoquée par la sélection de Logan Mailloux au repêchage de la LNH, le défenseur ontarien vit sa première expérience avec le Canadien de Montréal et il assure investir tous les efforts nécessaires pour devenir une meilleure personne. Rappelons que le Canadien, sous la gouverne de Marc Bergevin, avait repêché Mailloux même si ce dernier avait indiqué qu'il ne souhaitait pas être choisi en 2021. Mailloux trouvait qu'il ne méritait pas ce privilège car il avait été condamné à payer une amende en Suède pour avoir partagé des photos inappropriées d'une femme avec laquelle il avait eu un acte sexuel. À partir de ce faux pas, le Canadien s'est au moins assuré que Mailloux participe à plusieurs programmes d'éducation pour comprendre la portée de son geste et saisir l'importance du consentement. « Depuis l'incident, j'ai eu toute cette éducation. J'ai l'impression d'être parti de zéro et d'avoir compris énormément de choses. Je devais développer ma maturité rapidement et je trouve que j'y suis bien parvenu », a humblement décrit Mailloux lors d'une mêlée de presse en compagnie de Rob Ramage, le directeur du développement des joueurs du Canadien, qui est devenu son mentor. « C'est difficile chaque jour, j'y pense au quotidien et je sais que la victime doit également composer avec ça », a-t-il ajouté. Mailloux réalise qu'il ne peut pas effacer son énorme erreur et il aurait souhaité agir autrement. « Je changerais tout ce que j'ai fait ... J'ai grandement changé comme personne, je n'étais pas éduqué à cette époque et je sens que je le suis maintenant. » « Avec ce qui est arrivé, ce n'était pas facile. Je l'ai côtoyé tout au long de la saison l'an dernier, il était pas mal à terre. Il a travaillé très fort, il a rencontré beaucoup de monde pour s'en sortir. Aujourd'hui, je pense qu'il est une meilleure personne », a déclaré Francis Bouillon qui participe au développement des joueurs. Dans un sens, la grande attention médiatique dirigée vers cet incident peut mener à une évolution nécessaire. Ce contexte permet à de nombreux jeunes d'être sensibilisé au consentement et au respect. Puisque comme Mailloux le précise, il faut que les programmes d'éducation soient répandus dans le milieu du hockey",2252
1 journaliste,Éric Leblanc,une chronique sportive,2023-01-18,https://www.rds.ca/hockey/canadiens/pas-evident-de-trouver-l-equilibre-1.16527718,Canadien : le directeur général Kent Hughes a dressé son bilan de l'équipe à la mi-saison,"Kent Hughes reconnaît qu'il n'existe aucune réponse parfaite pour encadrer l'évolution de Juraj Slafkovsky ou bien l'utilisation des vétérans alors que le développement demeure la priorité. Tout devient une question d'équilibre. Voici l'apprentissage retenu par Hughes qui célèbre son premier anniversaire comme directeur général du Canadien, un poste scruté à la loupe. D'un côté, il y a le désir de rebâtir cette organisation avec une culture gagnante. De l'autre, il y a l'immense tentation d'ajouter un espoir extraordinaire comme Connor Bedard au repêchage. « Je disais à Martin (St-Louis, l'entraîneur) que les victoires sont bonnes à un certain point, mais que les défaites ne sont pas bonnes jusqu'à certain point », a confié Hughes en souriant. « Je crois beaucoup en la culture d'équipe contrairement à miser sur un club qui ne peut pas gagner, où l'imputabilité n'existe pas et que les joueurs ne savent pas comment gagner », a enchaîné le DG. Ce dossier fait réagir les partisans alors que plusieurs prétendent que le Canadien offre trop d'utilisation à des vétérans au détriment de la relève. « J'imagine que des discussions surviennent dans les 32 clubs de la LNH à ce sujet. J'ai parlé à plusieurs directeurs généraux expérimentés par rapport à ce qu'ils ont vécu. On en discute tous à l'interne, mais on va toujours permettre aux entraîneurs de prendre les décisions sur les joueurs et leurs partenaires. Tout comme qu'à la date limite des transactions (le 3 mars), on veut leur point de vue sur les joueurs, mais c'est le groupe de gestion qui fera les décisions sur les transactions », a exposé Hughes. « On sait qu'on n'a pas une équipe pour gagner chaque partie, mais on s'attend à ce que les joueurs se présentent pour gagner à chaque match. Ce serait différent de leur dire, on n'est plus capable d'obtenir des victoires, on va juste faire jouer les jeunes. Je pense qu'on perdrait l'équipe, la chambre », a précisé le dirigeant. Cela nous fait dire que les discussions doivent être intéressantes entre les départements hockey du Tricolore. D'ailleurs, Hughes retire sa plus grande fierté en voyant le groupe assemblé",2139
1 journaliste,Éric Leblanc,une chronique sportive,2023-01-18,https://www.rds.ca/hockey/owen-beck-a-maintenant-montreal-en-tete-1.16527053,Espoirs des Canadiens : Owen Beck a maintenant Montréal en tête,"À peine repêché par le Canadien l'été dernier, Owen Beck n'a pas tardé à devenir une révélation lors du tournoi des recrues et du camp d'entraînement. Maintenant qu'il a savouré l'or avec Équipe Canada junior, il aspire à jouer à Montréal la saison prochaine. « Absolument, j'aimerais être dans la LNH le plus rapidement possible, c'est l'objectif de tous. Je vais travailler en ce sens », a raconté Beck, l'un des cinq membres de l'équipe championne qui ont été honorés mardi soir au Centre Bell. L'attaquant droitier de 18 ans n'est pas du style à lancer ce souhait en l'air. À vrai dire, sa personnalité ressemble énormément au jeu qu'il déploie sur la patinoire, un style réfléchi et juste assez confiant pour se débrouiller contre des adversaires de haut niveau. Excellent étudiant, Beck reconnaît qu'il s'est assuré de retenir les apprentissages de l'été durant son passage avec l'organisation montréalaise. Quand il cumule le tout à l'élan de confiance acquis dans l'uniforme du Canada pendant le dernier droit du tournoi, Beck calcule que ses chances sont réalistes. « C'est un événement gigantesque, c'est merveilleux d'avoir pu y participer à 18 ans. Ça devrait m'aider pour l'année prochaine. Cette expérience va me servir dans tous mes matchs », a relaté Beck, repêché au 33e rang par le CH cet été. D'ailleurs, les Steelheads de Mississauga, de la Ligue junior de l'Ontario, ont jugé bon de l'échanger, cette année, aux Petes de Peterborough. Une belle prudence de la part des dirigeants des Steelheads qui auraient pu le perdre, l'an prochain, sans rien obtenir en retour. Jusqu'à présent, en trois matchs, Beck a été limité à un but avec sa nouvelle équipe, mais il est excité à l'idée de pouvoir exploiter davantage ses habiletés offensives. « Mes entraîneurs à Mississauga et Peterborough insistent beaucoup sur les détails afin de bien respecter le système. Mais je crois qu'il y a plus de place pour la créativité à Peterborough et c'est quelque chose qui m'enchante, j'ai hâte d'expérimenter ça dans mon jeu », a précisé Beck avec une phrase qui devrait ravir quelques partisans du CH. Que du positif pour Hinds Si ÉCJ mise sur plusieurs valeurs sûres pour le prochain niveau",2195
1 journaliste,Améli Pineda,un reportage judiciaire,2021-05-20,https://www.ledevoir.com/societe/586670/justice-un-pas-de-plus-vers-la-protection-des-victimes-de-violence-conjugale,Un pas de plus vers la protection des victimes de violence conjugale,"Une mère de famille victime de violence conjugale a obtenu la protection du tribunal dans le cadre de sa séparation, une mesure rarement utilisée qui, selon l’organisme Juripop, pourrait changer la vie de plusieurs femmes. « De la violence conjugale, ça ne veut pas toujours dire qu’il y a des coups. C’est souvent au moment de la séparation que ça devient explosif, particulièrement lorsqu’il faut négocier la garde des enfants ou la pension alimentaire », souligne Sylvie Lévesque, directrice générale de la Fédération des associations de familles monoparentales et recomposées du Québec. Si la violence est subtile et difficile à démontrer, les craintes des femmes sont réelles, note Me Justine Fortin, avocate à la clinique juridique Juripop. C’est dans ce contexte que l’organisme a récemment réussi à obtenir une ordonnance de protection à l’égard d’une mère de famille dont la séparation avec le père de ses enfants a tourné au cauchemar. « C’est un cas de violences psychologique et économique, qui s’est échelonné sur une dizaine d’années, mais où il n’y a pas eu de commission d’acte criminel », explique Me Fortin. « La mère de famille n’avait pas la possibilité de porter plainte à la police, mais elle avait quand même des motifs de craindre pour sa sécurité à cause de son vécu des dernières années. » Or, il existe au Québec une procédure méconnue, qui permet d’être protégé contre quelqu’un, même s’il n’a commis aucun acte criminel. C’est l’équivalent civil de l’interdit de contact au criminel, appelé dans le jargon judiciaire un « 810 ». Jusqu’à présent, cette procédure civile a surtout été utilisée dans des dossiers de disputes de voisins, par exemple. L’homme s’est ainsi vu ordonner par un juge de cesser tout comportement harcelant et intimidateur envers la mère de ses enfants, de rester à l’écart des lieux fréquentés par son ex-conjointe ainsi que de remettre toutes les armes qu’il a en sa possession aux autorités policières. L’ordonnance de protection est valable pour une durée maximale de trois ans. S’il y a bris de l’ordonnance, le tribunal pourra condamner l’individu à payer une amende, à faire du travail communautaire ou à purger une peine d’emprisonnement. Selon Juripop, il s’agirait d’une des premières ordonnances de protection civile dans un contexte de violence conjugale. « L’enjeu qu’on va vivre devant les tribunaux de droit de la famille, c’est que la violence conjugale est souvent balayée du revers de la main et donc ça devient encore plus difficile de démontrer la pertinence de protéger la mère », souligne Me Fortin. Une étude publiée en novembre 2019, menée par la Fédération des maisons d’hébergement pour femmes, révélait que la violence conjugale était souvent remplacée par des termes plus nuancés dans des décisions rendues par les tribunaux de la famille, qui parlent davantage de « conflit parental », ou encore de « relation orageuse ». La décision du juge constitue donc un pas de plus vers une justice adaptée aux besoins des victimes de violence conjugale, estime Sophie Gagnon, directrice générale de Juripop. « Les victimes ont des parcours différents et il faut que le système puisse y répondre. L’ordonnance de protection civile vient combler un vide, mais ce n’est pas une mesure qui doit venir remplacer la possibilité de porter plainte », souligne-t-elle. Les femmes victimes de violence conjugale peuvent utiliser la ligne téléphonique d’assistance juridique en droit familial lancée ce printemps, mentionne Mme Gagnon. Depuis son lancement, l’organisme reçoit 8 à 10 appels par jour sur des questions comme la garde d’enfants ou l’accès à la résidence familiale. La ligne d’assistance juridique est accessible au 1-844-312-9009.",3705
1 journaliste,Améli Pineda,un reportage judiciaire,2021-06-16,https://www.ledevoir.com/societe/sante/586996/amendes-salees-les-opposants-au-masque-veulent-les-contester,Les opposants au port du masque veulent contester les constats d’infraction,"Au même moment où Québec a annoncé des amendes salées aux contrevenants aux règles de santé publique, les organisateurs d’une manifestation regroupant des opposants au port du masque les ont invités à contester toute contravention qu’ils pourraient recevoir. « Les autorités jouent avec la peur des tickets et non avec la peur de la maladie », a lancé Steeve « L’artiss » Charland, un des anciens dirigeants du groupe identitaire La Meute, aujourd’hui devenu un des porte-parole des antimasques. Les centaines de manifestants réunis au parc La Fontaine, situé dans l’arrondissement du Plateau-Mont-Royal à Montréal, ont été invités par M. Charland à poursuivre leur combat pour leur liberté de ne pas porter de couvre-visage ainsi que de continuer à pouvoir se réunir en toute quiétude. Suivez l'évolution de la COVID-19 au Québec Consultez notre tableau de bord interactif. « Ils veulent nous donner des tickets de sommes faramineuses parce qu’on veut vivre une vie normale, ça n’a aucun bon sens, on n’acceptera pas ça », a-t-il déclaré sous les applaudissements de la foule. Quelques minutes plus tôt, Québec a fait savoir que les policiers pourront désormais obtenir un « télémandat » sur-le-champ auprès d’un juge pour pénétrer à l’intérieur de résidences privées où ils soupçonnent un rassemblement illégal. Ils pourront par la suite remettre un constat d’infraction portatif assorti d’une amende de 1000 dollars à toute personne faisant fi des règles sanitaires. « Ce ne sont pas les cas de COVID qui vont augmenter, mais bien les faillites, les cas de détresse et de violence conjugale », a avancé M. Charland. Je ne vais pas faire exprès d’entrer dans la bulle de quelqu’un, je respecte la distanciation physique, mais j’aimerais ça respirer et le masque m’empêche de le faire — Une manifestante D’autres orateurs ont pris la parole pour encourager les manifestants à continuer à sensibiliser leur famille à l’importance de s’opposer aux mesures imposées par la Santé publique. Certains ont laissé entendre que si Québec serre la vis, c’est en raison de leur nombre grandissant. Soirée festive Les manifestants non masqués se sont serrés dans leurs bras, donné la bise et ont dansé ensemble à quelques heures du début du confinement de 28 jours annoncé plus tôt cette semaine par le premier ministre François Legault. Karine, qui a préféré taire son nom de famille, a fait la route depuis Mont-Saint-Hilaire pour être présente. « C’est une question de respecter la liberté de choix de chacun. Je ne vais pas faire exprès d’entrer dans la bulle de quelqu’un, je respecte la distanciation physique, mais j’aimerais ça respirer et le masque m’empêche de le faire », a fait valoir la mère de famille, venue avec son garçon de 11 ans. À deux reprises, des policiers du Service de police de la Ville de Montréal (SPVM) sont intervenus auprès des organisateurs. « On vous demande de respecter la distanciation physique, l’espace nous le permet, mais on vous rappelle que ça reste un choix individuel », a averti un organisateur, qui a lui aussi rappelé aux manifestants « qu’une contravention, ça peut toujours se contester ». Ils veulent nous donner des tickets de sommes faramineuses parce qu’on veut vivre une vie normale, ça n’a aucun bon sens, on n’acceptera pas ça — Steeve Charland Des agents à vélo se sont promenés par moments dans la foule demandant le respect des deux mètres. Un avis de dispersion a aussi été lancé laissant présager une intervention des autorités, mais finalement les manifestants ont quitté le terrain à 19 h, comme prévu. Aucune amende n’a été donnée. Un homme a été arrêté pour méfait durant la manifestation. Parallèlement à ce rassemblement, les organisateurs du rassemblement prévu le 11 octobre au parc Jarry à Montréal ont finalement annoncé l’annulation de l’événement dans une vidéo diffusée sur Facebook. « En raison de la zone rouge et des restrictions entourant celle-ci, l’événement « Action pour la liberté » est annulé », a fait savoir Jean-François Denis, un des organisateurs, tout en qualifiant la situation de « pseudo pandémie ».",4082
1 journaliste,Éric Leblanc,une chronique sportive,2022-08-14,https://www.rds.ca/hockey/lnh/apres-le-choc-david-perron-doit-se-rejouir-1.15985564,"Après le choc, David Perron doit se réjouir","Quand il a signé son nouveau contrat, à l'ouverture du marché des joueurs autonomes, David Perron ne s'est pas empressé d'accorder des entrevues à RDS et TSN comme on le voit régulièrement lors des émissions spéciales. À vrai dire, Perron a eu besoin de temps pour encaisser le coup. Le coup étant de quitter les Blues de St. Louis où il imaginait que son troisième passage allait se poursuivre en vertu de ses prestations convaincantes. Sous le choc de ne pas avoir reçu une offre véritablement sérieuse des Blues avant le déclenchement de l'autonomie, Perron s'est rabattu vers l'option des Red Wings de Detroit avec un contrat de deux ans pour 9,5 millions. Le Québécois a pris quelques jours avant de livrer le fond de sa pensée à Jeremy Rutherford, le journaliste affecté à la couverture des Blues pour The Athletic. Il avait besoin de temps car il était ébranlé et persuadé de trouver un terrain d'entente avec la direction du club du Missouri. Perron a même révélé que ses enfants ont pleuré quand il leur a appris qu'un déménagement s'imposait et que la famille quitterait la ville de St.Louis. Mardi, dans le cadre du Pro-Am Gagné-Bergeron, Perron a accepté de revenir sur ce changement inattendu. « C'est sûr que c'était décevant par rapport au fait que j'ai passé plusieurs années de ma carrière avec les Blues, 11 saisons sur 15. Mes enfants ont grandi là-bas, on était habitués et on adorait ça. Sur ce point, c'est vraiment difficile », a confié le droitier de 34 ans qui jugeait valoir une offre sérieuse. « Les saisons et mes performances faisaient que je méritais, je pense, d'avoir un contrat qui faisait du sens pour rester avec l'équipe. Ça fait quelques semaines donc je crois que c'est le temps de tourner la page et d'être excité d'aller à Detroit », a-t-il déduit. Perron ne veut surtout pas se lamenter, il sait qu'il se classe dans les privilégiés de la société. Il est parti de loin pour le réaliser mieux que bien d'autres joueurs. De plus, il se joint à l'organisation dirigée par Steve Yzerman qui se démarque comme il le faisait sur la patinoire. Il arrive alors que les Red Wings aspirent à chauffer les équipes qui luttent pour les séries. Maniaque de hockey, Perron a choisi de ne pas se gaver de vidéos ou d'informations sur ses nouveaux et jeunes coéquipiers. « Honnêtement, je ne connais pas tant l'équipe. Je veux arriver la tête libre et donner la chance à tout le monde d'avoir une première impression. Je sais qu'on a de bons jeunes, j'en entends toujours parler par mes chums ou dans les entrevues », a expliqué Perron sur une note intéressante. S'il était encore parmi les meilleurs pointeurs des Blues la saison dernière",2664
1 journaliste,Éric Leblanc,une chronique sportive,2022-11-13,https://www.rds.ca/football/alouettes/matte-emotif-des-changements-a-prevoir-1.16391437,Alouettes : les changements à prévoir rendent Matte émotif,"La tête basse, le cœur lourd, les joueurs des Alouettes de Montréal quittaient le terrain après la défaite à Toronto. Le colosse Kristian Matte s'est alors arrêté pour se laisser consoler d'un long câlin par son beau-père. Quand on a demandé à Matte s'il acceptait de nous en dire davantage sur cette scène touchante, ses yeux ont été envahis par les larmes. « Il est venu voir le match avec un ami. C'est un partisan de football depuis avant que je sois avec les Alouettes. Il me supporte énormément. Ouais, c'était un moment spécial… », a-t-il accepté de nous raconter avec émotion. Matte avait le cœur qui chavirait pour plus d'une raison. Parmi celles-ci, ça lui faisait mal de savoir que ce groupe, qui avait « quelque chose de spécial », sera en partie démantelé. « Les joueurs, quand ils prennent leur retraite, ils disent toujours que tu te rappelles de tes coéquipiers. Notre vestiaire était très proche. On s'amusait en jouant au football et c'est spécial quand ça arrive », a noté le sympathique gaillard. « Oui, après avoir commencé 2-6, ça prend de bons ingrédients pour remonter cette pente. Je fais mon positif ici, mais on n'a jamais lâché, on croyait en nous », a déclaré Matte qui a pu s'éloigner de la déception quelques secondes. Quand notre équipe gagne la coupe Grey à notre saison recrue, on ne peut que penser que ce scénario euphorisant se reproduira une fois et même plusieurs fois. Mais non, Matte n'a jamais eu la chance de revivre le match ultime depuis la conquête de 2010. À 37 ans, le vétéran joueur de ligne offensive possède une autre année à son contrat et il faudra voir si l'organisation retiendra ses services. « Il faut aller chercher la bague. Je suis sous contrat, mais ce n'est pas toujours entre nos mains. Je trouve que je joue encore du très bon football. Le plan n'est pas concrétisé, mais je veux encore jouer », a répondu Matte sans laisser planer de doutes sur ses intentions. Par contre, c'était la dernière année du contrat du receveur Eugene Lewis, un autre gros morceau",2022
1 journaliste,Éric Leblanc,une chronique sportive,2022-08-04,https://www.rds.ca/football/alouettes/les-alouettes-s-ecrasent-au-quatrieme-quart-1.15978997,"LCF : Les Alouettes s'écrasent au quatrième quart devant les Blue Bombers, qui sont invaincus","Même si les observateurs ne donnaient pas cher de la peau des Alouettes contre les Blue Bombers de Winnipeg, la victoire était à la portée du club montréalais qui a encore été coulé par son manque d'opportunisme. Les champions en titre sont parvenus à conserver leur fiche parfaite (9-0) pour l'emporter 35 à 20 alors que tout s'est écroulé au dernier quart durant lequel les Alouettes ont été malmenés 21-6. Pourtant, les Alouettes avaient nivelé le pointage à 14-14 au troisième quart et le défi colossal de renverser la formation invaincue motivait les spectateurs. Mais on reconnaît les équipes gagnantes dans les moments cruciaux et les Bombers l'ont démontré. Dans la réalité implacable du sport professionnel, passer proche de l'emporter ne vaut rien au classement si bien que les Alouettes se retrouvent avec un dossier de 2-6. Précisons que la troupe montréalaise possède le même dossier de 1-3 sous les ordres de Danny Maciocia que ceux de Khari Jones qui a été congédié. « Celle-là fait mal, surtout par la manière dont on a réagi. Le problème qu'on a, c'est qu'on n'est pas capable de gérer de l'adversité. On se cherche des problèmes », a déploré Maciocia, le directeur général et entraîneur par intérim qui était particulièrement furieux d'une punition de Tyrice Beverette qui a asséné un coup de casque à un adversaire. « On avait l'occasion d'ajouter un placement, mais c'est inacceptable et j'en ai parlé (aux joueurs) », a-t-il ajouté. Après avoir repris les commandes 21-14, Winnipeg a scié les jambes des Oiseaux en ajoutant un majeur sur un retour de botté de dégagement. « Ce sera important de ne pas lâcher. Après leur touché sur les unités spéciales, c'est devenu amorphe et c'est sûr qu'on ne veut pas ça », a admis Marc-Antoine Dequoy. En fin de rencontre, Trevor Harris a dû oser et il a été intercepté à deux reprises. Dominique Davis est venu compléter la rencontre au poste de quart et il a complété une passe de touché chanceuse. Maciocia a reconnu qu'il évaluera toutes les options dans les prochains jours dont au poste de quart. « Il faut retourner au travail et tout regarder. Prendre des décisions qui vont nous donner une chance de régler les problèmes et obtenir des victoires », a noté le patron football. Mais on doit revenir aux ennuis des Alouettes pour profiter de leurs occasions. L'unité défensive a finalement excellé au sein du nouveau système défensif de Noel Thorpe. Elle a créé quatre revirements très importants. Le hic, et il est majeur, c'est que l'attaque montréalaise n'a inscrit que trois microscopiques points à la suite de ceux-ci. Cette minuscule récolte s'explique notamment par un touché raté sur une tentative de trois verges à Eugene Lewis",2702
1 journaliste,Améli Pineda,un reportage judiciaire,2020-04-02,https://www.ledevoir.com/societe/585937/upac-l-ex-commissaire-temoigne-au-proces-de-son-ex-bras-droit,Robert Lafrenière assure ne pas avoir quitté l’UPAC à cause de Guy Ouellette,"L’ex-commissaire de l’Unité permanente anticorruption (UPAC) Robert Lafrenière affirme que sa démission surprise, en pleine journée électorale il y a deux ans, n’est aucunement liée au dossier du député lavallois Guy Ouellette. L’arrestation de ce dernier, qui est soupçonné d’avoir divulgué des informations aux journalistes, n’a à ce jour mené à aucune accusation. « J’avais 65 ans, je travaillais depuis 46 ans, j’étais fatigué et j’avais décidé, cet été-là, que je démissionnerais [à un moment donné]», a-t-il fait valoir lundi, lors de sa première apparition publique depuis son départ à la tête de l’UPAC. M. Lafrenière était le premier témoin au procès civil de son ancien bras droit, Marcel Forget, qui poursuit le gouvernement du Québec pour 2 millions de dollars pour « congédiement déguisé ». L’ex-grand patron de l’UPAC s’est lui-même dirigé vers les journalistes pour faire le point sur son passage à la cour à sa sortie de la salle d’audience du palais de justice de Montréal. Il est cependant resté de marbre lorsqu’il a été questionné sur les allégations qui le visent dans Qu’on accuse ou qu’on s’excuse, le livre de Guy Ouellette récemment paru, où il est entre autres qualifié « d’Edgar Hoover québécois ». « Je ne ferai pas de commentaires sur le livre de M. Ouellette. Il peut y avoir des enquêtes en cour sur des sujets qu’il y a dans le livre et je ne veux pas me prononcer », s’est-il limité à dire, alors que son avocate se trouvait à ses côtés. La démission de M. Lafrenière avait été annoncée la matinée du 1er octobre 2018, alors que les Québécois s’apprêtaient à aller aux urnes, faisant élire en fin de soirée le gouvernement caquiste de François Legault. Quelques jours plus tôt, le Directeur des poursuites criminelles et pénales (DPCP) avait annoncé que l’UPAC ne pourrait finalement pas fouiller les documents saisis dans la résidence et la voiture du député libéral Guy Ouellette lors de son arrestation en octobre 2017. L’unité d’enquête le soupçonnait d’être derrière les fuites de renseignements policiers sensibles dans les médias. Procès Lors de la première journée d’audience du procès de Marcel Forget contre Québec, l’avocat de l’ex-numéro deux de l’UPAC, a tenté de questionner M. Lafrenière sur l’implication du politique dans les nominations au sein de l’UPAC. Me Daniel Rochefort s’est heurté à de nombreuses objections de ses confrères qui représentent le gouvernement et M. Lafrenière. « Il y a un contexte que je veux démontrer », a-t-il plaidé. « Lorsque le mandat de M. Lafrenière a été renouvelé, il est devenu intouchable, alors on a ciblé le numéro deux. » Il voulait connaître la version de l’ancien commissaire sur les perquisitions au Parti libéral du Québec (PLQ), sur les arrestations de Marc-Yvan Côté, ancien argentier du PLQ, et de Nathalie Normandeau, ancienne ministre libérale, ainsi que sur sa relation avec le député Guy Ouellette. Or, la juge ne lui a pas permis d’aller plus loin dans son interrogatoire à ces sujets. M. Forget s’est retrouvé dans l’embarras en novembre 2017 après que Le Journal de Montréal a eu rapporté qu’il avait vendu des actions sans permis de courtier dans les années 1990 et 2000. Des policiers et d’ex-policiers ont affirmé au quotidien montréalais avoir investi, grâce à lui, dans la firme Newtech, qui a été mise à l’amende dans la foulée d’une enquête de l’Autorité des marchés financiers (AMF). Selon M. Lafrenière son ancien bras droit n’a jamais été poussé à prendre la porte. « Je me rappelle lui avoir dit [que] ça allait finir par finir, de ne pas s’inquiéter », a-t-il témoigné. Or, M. Forget aurait finalement décidé de quitter l’organisation le 30 novembre 2017. Selon des documents de cour, M. Forget soutient avoir été obligé de démissionner après avoir fait l’objet de menaces d’André Fortier, secrétaire général associé aux emplois supérieurs, dans la foulée de ces reportages. L’ancien ministre de la Sécurité publique Martin Coiteux est attendu mardi pour témoigner.",3981
1 journaliste,Améli Pineda,un reportage judiciaire,2021-07-21,https://www.ledevoir.com/societe/574712/budget-reactions-violence-faite-aux-femmes,Les besoins des femmes violentées restent immenses,"Le cri du coeur lancé dans les derniers mois pour le financement des ressources pour les victimes de violence conjugale commence à être entendu, selon les organismes d’aide. Bien qu’« historiques », les sommes dégagées par Québec dans son budget 2020 ne permettront toutefois pas encore de répondre à l’ensemble des besoins. « Il y avait urgence d’agir. Les récents féminicides et les décès liés à la violence conjugale qu’on a connus depuis cet automne ont créé une onde de choc. Le gouvernement est sous les projecteurs », souligne Louise Riendeau, porte-parole du Regroupement des maisons pour femmes victimes de violence conjugale. À lire aussi L'éditorial de Marie-Andrée Chouinard - «Immense retard, petit rattrapage» Des investissements de 181 millions sur cinq ans ont été annoncés mardi pour bonifier le plan gouvernemental de lutte contre la violence conjugale et les services offerts par les maisons d’hébergement. De cette somme, un budget de 120 millions est réservé à ces maisons au cours des cinq prochaines années, afin qu’elles assurent la « pérennité » de leurs services et qu’elles les adaptent aux femmes en situation de vulnérabilité. « C’est historique », avait déclaré fièrement la ministre Isabelle Charest, en rappelant que le plan d’action était auparavant accompagné d’un financement de 86 millions. « Je pense que oui, l’actualité a fait en sorte qu’on a encore plus mis en lumière cet enjeu-là et l’importance d’agir », a-t-elle ajouté. « C’est en effet un investissement majeur qui va nous permettre de pérenniser le financement des maisons d’hébergement, mais c’est évident qu’on n’a pas eu ce qu’on voulait », confie Manon Monastesse, de la Fédération des maisons d’hébergement pour femmes. Son regroupement, qui compte 36 maisons d’hébergement, aurait à lui seul besoin de 32 millions de dollars. « Québec a annoncé 24 millions par année qu’il faudra se répartir entre non seulement les maisons d’urgence de première étape, mais aussi celles d’hébergement de deuxième étape », note Mme Monastesse. Il y avait urgence d’agir. Les récents féminicides et les décès liés à la violence conjugale qu’on a connus depuis cet automne ont créé une onde de choc. — Louise Riendeau Développement À court terme, difficile d’imaginer l’ouverture de nouvelles maisons. « Si on veut ouvrir des nouvelles places dans les maisons d’urgence et ouvrir de nouveaux appartements de 2e étape qui permettraient à des femmes de quitter leur foyer, ça prendrait le double des sommes annoncées », mentionne Mme Riendeau. L’Alliance provinciale des maisons d’hébergement pour femmes et enfants victimes de violence conjugale, qui attend depuis des mois le feu vert pour ouvrir 98 nouvelles appartements de 2e étape, insiste sur l’importance de les concrétiser. Les maisons de 2e étape accueillent les femmes qui, après avoir séjourné dans une maison d’hébergement de 1re étape, présentent le plus haut risque de se faire assassiner. « Le développement des nouvelles places est un énorme enjeu parce que, contrairement aux maisons de première étape, notre financement n’est malheureusement pas récurrent », indique Mme Fedida. Un bon début Elle estime également que les investissements annoncés ne constituent pour l’instant qu’un « rattrapage ». « C’est un bon début, même si ça ne répond pas à nos attentes », dit Gaëlle Fedida de l’Alliance. Elle se réjouit notamment que Québec ait prévu 5 millions de dollars pour consolider les huit cellules d’intervention rapide existantes et en implanter dans de nouvelles régions. « Concrètement, ça vise à prévenir l’homicide conjugal et ça fonctionne très bien ; alors, c’est une bonne nouvelle de vouloir l’implanter dans d’autres régions. Cet investissement est une reconnaissance du mandat du gouvernement en matière de sécurité publique pour protéger les femmes », souligne Mme Fedida.",3838
1 journaliste,Améli Pineda,un reportage judiciaire,2021-04-16,https://www.ledevoir.com/politique/quebec/594895/erreur-sur-la-personne-quebec-declenche-une-enquete-independante-sur-l-affaire-camara,Mamadi Camara s'avoue déçu par les deux enquêtes annoncées,"Mamadi III Fara Camara s’avoue déçu par les enquêtes annoncées mardi pour faire la lumière sur son arrestation et son accusation à tort de tentative de meurtre sur un policier. Le Montréalais et sa famille auraient préféré qu’elles prennent la forme d’une enquête publique plutôt que d’être menées selon la Loi sur la police. « M. Camara pourrait n’avoir qu’un rôle très secondaire dans ces deux enquêtes », souligne un de ses avocats, Me Alain Arsenault. « Les enquêtes annoncées prennent la forme d’une enquête interne, mais ce ne sont pas des enquêtes indépendantes comme lorsqu’on déclenche une commission d’enquête », explique-t-il. Mardi, Québec a annoncé que le travail du Service de police de la Ville de Montréal (SPVM) ayant mené à l’arrestation et à l’accusation de M. Camara sera scruté en détail par le juge Louis Dionne. L’enquête, qui débutera le 22 février prochain, s’échelonnera sur une période maximale de cinq mois et mènera au dépôt d’un rapport. Il se peut toutefois que ce rapport ne soit pas entièrement rendu public, a précisé la ministre de la Sécurité publique, Geneviève Guilbault. Sa publication se fera « dans la mesure où il sera possible de le faire sans nuire à une enquête policière ou à d’éventuelles poursuites judiciaires », a-t-elle fait valoir. « La forme actuelle de cette enquête ne donne aucune garantie minimale qu’on pourra véritablement faire la lumière sur les événements, car on ne saura même pas qui sera rencontré et qui seront les témoins. C’est une enquête qui se fera à huis clos », se désole quant à lui Me Arsenault. Profilage racial ? À Québec, le premier ministre François Legault a assuré que l’enquête permettra de donner des réponses aux Québécois « qui n’aiment pas ce qu’ils entendent depuis une semaine ». « Je peux comprendre que les gens veulent des réponses », a-t-il commenté en marge d’un point de presse sur la pandémie. Selon lui, cette investigation déterminera notamment s’il y a eu ou non profilage racial, une hypothèse qu’il n’a pas voulu aborder de front. « Nous n’avons pas suffisamment d’informations pour savoir s’il s’agit d’un cas de racisme », a soutenu M. Legault, insistant sur la nécessité d’« aller au fond des choses » avant de voir dans l’intervention du SPVM un lien avec du racisme ou du profilage. « Le juge Dionne pourra répondre à cette question, quant aux motivations et aux raisons pour lesquelles cela s’est passé de cette façon et s’il en avait été de même si c’était une personne blanche », a-t-il noté, se gardant de prononcer le terme « racisme systémique ». De son côté, le SPVM a indiqué par courriel « respecter » la décision prise par Québec. « Nous ferons preuve de collaboration et de transparence tout au long du processus », a souligné le corps de police. Le Directeur des poursuites criminelles et pénales (DPCP) a aussi annoncé qu’une enquête sur le traitement judiciaire du dossier de M. Camara sera menée et espère pouvoir aussi confier le mandat au juge Dionne. Plante satisfaite Sur la scène politique, l’enquête sur le SPVM a été bien accueillie. « L’enquête annoncée répond aux objectifs souhaités, soit une enquête neutre sur tout le processus menant à la confirmation d’innocence de M. Camara », a écrit sur Twitter la mairesse de Montréal, Valérie Plante. M. Camara a passé six jours en prison à cause d’une erreur sur la personne. Il a été faussement identifié comme le principal suspect de la violente agression contre policier Sanjay Vig, le 28 janvier dernier. L’homme de 31 ans a accepté les excuses offertes en personne lundi par le chef du SPVM, Sylvain Caron. Son avocate a cependant précisé que la page n’est pas tournée pour autant, puisque celui-ci étudie toujours la possibilité d’intenter une poursuite civile. Quant au véritable agresseur, il n’a toujours pas été retrouvé.",3805
1 journaliste,Améli Pineda,un reportage judiciaire,2020-03-31,https://www.ledevoir.com/societe/589799/profilage-racial-la-police-de-repentigny-se-veut-plus-inclusive,La police de Repentigny se veut plus inclusive,"La police de Repentigny demeure prudente quant à l’utilisation du terme « profilage racial », alors qu’elle entame une démarche sur « l’inclusion », en attendant les conclusions d’un rapport sur les interpellations basées sur l’origine ethnique par les policiers sur son territoire. « C’est certain qu’il y a un problème, sinon la population ne nous demanderait pas de réfléchir à nos pratiques », lance d’emblée en entrevue avec Le Devoir Hélène Dion, directrice du Service de police de la Ville de Repentigny (SPVR). Dans les dernières années, le SPVR a notamment été montré du doigt par des citoyens noirs qui ont témoigné de nombreuses interpellations dont ils disent faire l’objet sans motifs. Si le Service de police de la Ville de Montréal a reconnu l’existence du profilage racial au sein de ses troupes l’an dernier, le SPVR n’est pas encore rendu à cette étape. « Ça fait justement partie de la réflexion que permettra notre démarche, c’est-à-dire de voir si nos pratiques sont exemptes de toute discrimination », mentionne Mme Dion. « En tant qu’humain, on ne peut pas dire qu’on n’a pas de préjugés, ajoute-t-elle. Cependant, une fois qu’on reconnaît en avoir, il faut s’assurer que nos pratiques ne soient pas guidées par ceux-ci. On veut donc les identifier, les comprendre et travailler pour toujours s’assurer qu’ils n’orientent pas nos décisions sur le terrain. » Pourquoi alors ne pas reconnaître l’existence du profilage racial ? « Il y a eu plusieurs allégations de profilage et, jusqu’à présent, tous les cas devant la déontologie policière ne se sont pas avérés », répond Mme Dion. « Par contre, la population nous demande une réflexion parce que nos pratiques ne peuvent plus être comme il y a 15 ou 20 ans. On doit s’ajuster et c’est à ça que nous allons répondre. » Réflexion Le corps de police de la Rive-Nord à Montréal annoncera lundi s’associer à l’agence Uena, spécialisée en « gouvernance inclusive », afin de prendre un pas de recul face à ses façons de faire. La démarche s’échelonnera sur près d’un an et comprendra cinq grandes étapes, dont la première est de sensibiliser les policiers à la question de l’équité. Dafina Savic, cofondatrice de l’agence Uena, estime qu’il n’est pas nécessaire qu’une organisation reconnaisse l’existence du profilage dans ses rangs pour aborder la question. « Nous ne sommes pas là pour juger s’ils en ont fait ou pas. Par contre, ils ont été sensibilisés au fait que ça existe et ils souhaitent prendre des actions », note Mme Savic. Il y a eu plusieurs allégations de profilage et, jusqu’à présent, tous les cas devant la déontologie policière ne se sont pas avérés — Hélène Dion En août dernier, une manifestation automobile a été organisée pour dénoncer le profilage racial au sein des forces policières de la province. Le groupe d’automobilistes avaitfait des arrêts dans les villes de Montréal, Repentigny, Terrebonne et Mascouche, puis avait terminé la manifestation devant le bureau de circonscription du premier ministre François Legault, à L’Assomption. Le SPVR a été vertement critiqué cet été après qu’un groupe de neuf jeunes Noirs a reçu un total de 11 500 $ de constats d’infractions pour avoir joué au basketball, alors que, le même soir, d’autres jeunes, blancs, n’ont reçu qu’un avertissement. Le corps policier soutient avoir rectifié les faits. Il maintient que l’intervention n’était aucunement liée à la couleur de la peau, mais au fait que plusieurs de ces jeunes avaient déjà été interpellés et avertis dans les semaines précédentes sur le respect des directives de santé publique. À Montréal, le rapport d’un groupe d’experts indépendants a révélé en octobre 2019 que les Noirs et les Autochtones sont respectivement quatre et cinq fois plus susceptibles d’être interpellés par les policiers que les Blancs. Dans la foulée, la police de Repentigny a décidé de commander aussi son propre rapport sur les interventions policières. « Il y a un lien de confiance à rebâtir, c’est clair, et nonobstant les conclusions du rapport qui est attendu, le SPVR veut prendre des actions pour briser ces perceptions », mentionne Dafina Savic, de l’agence Uena.",4139
1 journaliste,Améli Pineda,un reportage judiciaire,2021-04-08,https://www.ledevoir.com/societe/587599/poursuite-quebec-jean-charest,Jean Charest poursuit Québec pour violation de sa vie privée,"Le ex-premier ministre Jean Charest accuse Québec d’avoir violé sa vie privée à la suite des fuites de l’enquête Mâchurer menée par l’Unité permanente anticorruption (UPAC). L’ancien politicien a intenté vendredi une poursuite de plus d’un million de dollars. « C’est à contrecœur que je dépose aujourd’hui une poursuite contre le gouvernement du Québec », soutient dans une déclaration écrite M. Charest. Celui qui a été chef du Parti libéral du Québec jusqu’en 2012 est une des principales cibles de l’enquête Mâchurer. Il réclame à Québec une somme totale de 1 050 000 $ en dommages punitifs et moraux. Lancée il y a plus de six ans, cette enquête, qui est d’ailleurs toujours en cours, s’intéresse à un système de financement illégal au Parti libéral du Québec. Ces soupçons policiers n’ont jamais été validés par les tribunaux et n’ont jusqu’aujourd’hui mené à aucune accusation. Le choix du nom de cette investigation témoignait déjà, selon M. Charest, de l’intention de l’UPAC de nuire à son image. « Le commissaire de l’UPAC [Robert Lafrenière] et son personnel ont baptisé cette enquête Mâchurer, terme qui se définit notamment comme “barbouiller de noir”, “calomnier quelqu’un”, c’est-à-dire noircir sa réputation » ou « dire du mal de quelqu’un afin d’en salir la réputation », fait-il valoir. Fuites dans les médias L’ancien député de Sherbrooke estime que Québec et l’UPAC ont failli à leur devoir de protéger les informations recueillies dans le cadre leur enquête. Il les accuse d’avoir violé sa vie privée, alors que plusieurs éléments d’enquête ont fait l’objet de fuites. « Au cours des dernières années, des informations confidentielles sur ma vie privée, ainsi que sur ma famille, ont fait l’objet de plusieurs fuites médiatiques. Ces fuites sont illégales et constituent de surcroît une entrave à la justice », fait valoir M. Charest. En avril 2017, Le Journal de Montréal a entre autres révélé que M. Charest a été sous surveillance policière jusqu’en 2016. « Il est manifeste que la publication du dossier d’enquête relatif à [M. Charest] provient directement d’un coulage par un membre du personnel [de l’UPAC], ce qui constitue de sa part un abus de pouvoir empreint de mauvaise foi et de témérité », peut-on lire dans sa requête. Frustration M. Charest soutient qu’il espérait ne pas judiciariser l’affaire. Il aurait tenté de négocier avec le gouvernement pour obtenir des excuses publiques, en échange desquelles il s’engageait à ne pas poursuivre l’État. « Mon offre a été refusée », indique-t-il, ajoutant avoir offert un recours à la médiation pour en arriver à un « règlement honorable ». Devant le refus de l’État, M. Charest dit ne pas avoir eu d’autre choix que de faire appel aux tribunaux. « L’enquête Mâchurer, de par les fautes [de Québec et de l’UPAC], a eu comme effet, sinon comme but, de porter gravement atteinte aux droits fondamentaux du demandeur à la préservation de sa vie privée », est-il écrit. En janvier dernier, lorsque M. Charest était pressenti pour briguer la direction du Parti conservateur du Canada, son avocat a réclamé la fin de l’enquête Mâchurer dans une entrevue accordée à Radio-Canada. Les fuites de cette enquête ont eu d’importantes répercussions dans les deux dernières années. Le député lavallois Guy Ouellette poursuit aussi le gouvernement pour atteinte à sa réputation ; il réclame de son côté un peu plus d’un demi-million de dollars. Les fuites ont aussi été citées lors de l’arrêt des procédures des dossiers des ex-ministres Nathalie Normandeau et Marc-Yvan Côté en septembre. L’ex-commissaire de l’UPAC, Robert Lafrenière, avait lancé en octobre 2017 Projet A, une enquête sur les fuites d’informations qui désormais entre les mains du Bureau des enquêtes indépendantes sous le nom de Projet Serment.",3779
1 journaliste,Améli Pineda,un reportage judiciaire,2020-12-04,https://www.ledevoir.com/societe/582598/violence-conjugale-inquietudes-face-a-un-tueur-qui-ecope-d-au-moins-13-ans-de-penitencier,Inquiétudes face à un tueur qui écope d’au moins 13 ans de pénitencier,"Un meurtrier a écopé jeudi d’au moins 13 ans d’incarcération pour avoir poignardé son ex-conjointe à 62 reprises. Une audience qui a aussi soulevé les limites du tribunal à pouvoir encadrer sa nouvelle relation avec une déficiente intellectuelle rencontrée sur Internet à l’aide d’un cellulaire obtenu illégalement. « Je sais que c’est peut-être incompréhensible pour la famille et les amis […] mais je veux vous rappeler que la sentence en est une de perpétuité. Si le Max Aubin d’aujourd’hui est le Max Aubin dans dix ans, il serait surprenant qu’il puisse obtenir sa libération conditionnelle », a souligné la juge Hélène Di Salvo, en rendant sa décision. Les larmes aux yeux, les proches de Mylène Laliberté ne pouvaient cacher leur déception. La femme de 24 ans a été tuée par Max Aubin, qui n’acceptait pas leur rupture. Le 13 janvier 2017, il s’est rendu chez elle à Saint-Lin-Laurentides dans le but de discuter. Voyant qu’il était sous l’effet de cocaïne, Mylène Laliberté a refusé de le laisser rentrer dans son appartement, mais l’homme a défoncé sa porte. Une fois à l’intérieur, il l’a poignardé à 62 reprises avec deux couteaux avant de repartir avec un ami qui l’attendait dans sa voiture. « Le crime est horrible, marqué d’une violence inouïe. De gestes violents, gratuits et odieux ont été posés par l’accusé qui ne pouvait accepter la rupture […] il s’agit d’un autre triste cas de violence conjugale et le législateur en fait un facteur aggravant. Trop de femmes sont assassinées par un conjoint abusif incapable d’accepter la rupture », a noté le juge Di Salvo. L’homme de 25 ans représente toujours un risque élevé de récidive, selon un rapport présentenciel. Même s’il montre des signes d’introspection, la juge a souligné qu’il s’agit « d’une amorce de regrets » et que Max Aubin est surtout mobilisé par la durée de sa sanction, qu’il espère être la plus courte possible. Selon lui, « un homme peut s’améliorer lorsqu’il reçoit de l’aide » et estime que le tribunal devrait lui accorder cette « chance ». « J’en ai eu plein de compagnes avant Mylène, je ne les ai pas toutes tuées », a-t-il notamment fait valoir. L’homme, qui était âgé de 21 ans au moment du crime, a plaidé coupable en décembre dernier à une accusation réduite de meurtre non-prémédité. Insistant sur la gravité du crime, la juge Di Salvo a retenu la recommandation conjointe de la Couronne et de la défense, qui suggérant que l’homme purge au moins 13 ans de pénitencier avant d’être admissible à une libération conditionnelle. La juge a également fait part de ses inquiétudes concernant la nouvelle relation amoureuse de Max Aubin. C’est que même s’il est derrière les barreaux depuis trois ans, l’homme a pu rencontrer sur Internet une jeune femme, qui a une déficience intellectuelle, avec qui il dit être en couple. En janvier dernier, TVA Nouvelles a révélé qu’il possédait illégalement un cellulaire en prison, ce qui lui permettait de communiquer avec elle. « Cette nouvelle liaison semble exposer une répétition de la même problématique de dépendance […] Sa dépendance affective, son contrôle et la jalousie sont au centre de la relation avec sa compagne actuelle. Si nous ne pouvons pas parler de gestes directs, nous croyons que la tangente que tend à prendre la relation comporte un risque pour la sécurité de la jeune fille qui est préoccupant », a mentionné la magistrate en citant le rapport. Toujours selon le document, Max Aubin souhaite que les autorités carcérales lui donnent accès rapidement à des contacts directs avec elle. « Malgré ses inquiétudes et ses préoccupations, le Tribunal ne peut malheureusement pas protéger cette dernière lors de l’imposition de la peine. L’entourage de cette jeune femme et les autorités carcérales devront encadrer adéquatement et efficacement cette relation », a souligné la juge.",3830
1 journaliste,Améli Pineda,un reportage judiciaire,2021-07-28,https://www.ledevoir.com/societe/594612/mort-de-bony-jean-pierre-le-policier-christian-gilbert-acquitte,Un policier acquitté dans l’affaire Bony Jean-Pierre,"L’acquittement du policier Christian Gilbert, qui a causé la mort de Bony Jean-Pierre en mars 2016 lors d’une frappe antidrogue à Montréal-Nord, a été accueilli avec soulagement par le Service de police de la Ville de Montréal (SPVM). « Nos policiers ne se lèvent pas le matin en voulant poser ce type de gestes », a commenté le chef de police du SPVM, Sylvain Caron, qui s’est dit soulagé de la décision rendue jeudi par le juge Yvan Poulin. « Ce que nos policiers veulent, c’est donner une bonne sécurité à la population montréalaise […] mais malheureusement ça ne tourne pas toujours comme on aurait aimé que ça tourne », a-t-il ajouté. Membre du groupe d’intervention tactique du SPVM, Christian Gilbert participait à une importante opération policière visant des trafiquants de drogues le 31 mars 2016. La frappe visait un logement de la rue Arthur-Chevrier, identifié comme point de vente de trafiquants de drogue du gang de rue d’allégeance rouge. Muni d’une arme intermédiaire, il était responsable de la couverture à l’avant de l’immeuble en cas de tentative de fuite des suspects. Enfermé dans une chambre avec un autre individu, Bony Jean-Pierre s’est précipité vers une fenêtre lorsque les policiers ont fait irruption. L’agent Gilbert a tiré un premier projectile de plastique sur le cadrage de la fenêtre pour le dissuader de fuir, mais il a poursuivi sa manœuvre bien qu’on ait crié « Police ». Le policier a alors tiré un deuxième projectile en plastique visant la hanche, mais au même moment, Bony Jean-Pierre s’est lancé vers le sol et a été finalement été atteint à la tête. Il est décédé quelques jours plus tard à l’hôpital. « Bien que les conséquences de cet événement demeurent incontestablement tragiques, dramatiques et catastrophiques, il n’a pas été démontré que M. Gilbert a engagé sa responsabilité criminelle en utilisant une force injustifiée. Pour ces motifs, il est acquitté », a tranché le juge Poulin. L’opération policière a été correctement planifiée, a-t-il par ailleurs souligné. Le ministère public n’a pas été en mesure de démontrer hors de tout doute raisonnable que M. Gilbert a utilisé la force excessive à l’endroit de Bony Jean-Pierre. « Le Tribunal accepte le témoignage de M. Gilbert selon lequel il était certain d’atteindre la hanche de M. Jean-Pierre et qu’il n’a jamais eu l’intention de l’atteindre ailleurs que dans cette “zone verte”. Aux yeux du Tribunal, aucun élément ne permet de mettre en doute la franchise, la sincérité et la fiabilité du témoignage de M. Gilbert dans son ensemble », a-t-il noté. L’avocat de l’agent Gilbert a insisté sur le fait que son client n’a jamais voulu atteindre la tête du suspect. « C’est un triste concours de circonstances », a dit Me Louis Belleau. De son côté, Will Prosper, documentariste, militant des droits de la personne et ancien policier, qualifie cette décision de scandale. « De voir qu’un policier peut tirer sur quelqu’un qui s’enfuit parce qu’il est pris de panique dans un appartement, alors qu’il y a des grenades assourdissantes et qu’il a juste peur pour sa vie […] c’est un véritable scandale », a-t-il dit. L’avocat de l’agent Gilbert a rappelé qu’« il n’y a pas du tout de dimension qui pourrait faire penser qu’il y avait un ingrédient racial qui a influencé la conduite des policiers. C’était une opération sur un groupe de criminels qui faisaient du trafic de drogues dans un appartement ». Puisque cette affaire avait provoqué une émeute à Montréal-Nord, le 6 avril 2016, le SPVM a confirmé être aux aguets jeudi soir. À l’époque, des manifestants avaient saccagé le poste de police 39, boulevard Henri-Bourassa, vandalisé des voitures et fracassé des vitrines de commerces avoisinants. L’avocat de la Couronne, Me Jean-Sébastien Bussières, a indiqué qu’il prendra le temps d’analyser le jugement avant d’annoncer s’il ira en appel ou non. Avec Jeanne Corriveau",3879
1 journaliste,Thomas Gerbet,un reportage,2020-10-01,https://ici.radio-canada.ca/nouvelle/1738096/chum-suspend-visites-patients-covid,Le CHUM suspend les visites aux patients | Coronavirus,"Dès jeudi soir, à minuit, les visiteurs ne pourront plus se rendre au chevet des patients du Centre hospitalier de l'Université de Montréal (CHUM), à part pour l'accompagnement de fin de vie et les accouchements. Dans la note interne datée du 1er octobre, obtenue par Radio-Canada, la direction explique avoir pris cette « décision difficile » afin d'assurer la sécurité des patients et des employés. La mesure est valable jusqu'à nouvel ordre. Dès jeudi, les patients ont commencé à être avisés des nouvelles règles afin qu'ils puissent en informer leurs proches. À partir de la semaine prochaine, le CHUM distribuera des tablettes électroniques et des téléphones pour permettre aux patients de maintenir le contact avec leur famille et leurs amis. Les rendez-vous médicaux sont maintenus si la téléconsultation n'est pas une option. L'accès à l'hôpital sera en revanche refusé à toute personne qui présente des symptômes, qui attend un résultat de dépistage, qui a été en contact avec un cas positif ou qui a reçu un diagnostic de COVID-19 dans les 21 derniers jours. Veuillez noter que Radio-Canada ne cautionne pas les opinions exprimées. Vos commentaires seront modérés, et publiés s’ils respectent la nétiquette. Bonne discussion ! ImportantAfin de favoriser des discussions riches, respectueuses et constructives, chaque commentaire soumis sur les tribunes de Radio-Canada.ca sera dorénavant signé des nom(s) et prénom(s) de son auteur (à l’exception de la zone Jeunesse). Le nom d’utilisateur (pseudonyme) ne sera plus affiché. En nous soumettant vos commentaires, vous reconnaissez que Radio-Canada a le droit de les reproduire et de les diffuser, en tout ou en partie et de quelque manière que ce soit. Vous avez repéré une coquille? Vous êtes témoin d’un événement? Vous avez des questions sur notre travail? Le chef d'orchestre Jacques Lacombe succède à Boris Brott, mort tragiquement en avril dernier. À Montréal, le vieux pont Champlain s'étirait sur 3,4 kilomètres. Sa structure de béton et d'acier menaçait de s'effondrer. Il a eu besoin de trois manches pour vaincre le 74e joueur mondial 4-6, 6-1 et 6-4. Une personne sur quatre vit en situation d'insécurité alimentaire sur l'île de Montréal. Certains suspects sont liés aux Hells Angels, a indiqué la SQ qui anticipe d'autres arrestations prochaines. Laval accueillera le septième et dernier match de la Série de la rivalité. On a appris dans La Presse que Loto-Québec envisage de créer un grand salon de jeu avec des centaines de machines à sous, dans un local … Entrevue avec Jean-François Bergeron, président et chef de la direction, Loto-Québec À une époque pas si lointaine, de nombreux Gaspésiens passent l'hiver dans l'arrière-pays, alors que l'industrie forestière fait ses premiers … Le conjoint de Joyce Echaquan fait un voyage intérieur sur le territoire. Le concept qui vise à mieux organiser l’espace urbain est devenu la cible de théories du complot. Départ de Frédérique Baudemont du RSFS, la mairesse de Regina réagit à la lettre publiée le 17 février. 6.7M$ pour le logement à Saskatoon et … ",3079
1 journaliste,Éric Leblanc,une chronique sportive,2022-09-17,https://www.rds.ca/hockey/canadiens/pierrick-dube-expose-de-nouvelles-armes-1.16207852,Canadiens : Pierrick Dubé expose de nouvelles armes au tournoi des recrues,"Au niveau junior, Pierrick Dubé était reconnu pour exceller dans les moments cruciaux. À son plus grand bonheur, la tendance semble vouloir se poursuivre lors de son essai professionnel avec les Canadiens. Le Québécois de 21 ans a exposé une prestation très encourageante pour la suite des choses. En sachant très bien que sa marge de manœuvre est minime, Dubé a su se faire remarquer pour les bonnes raisons. Si ce n'était pas trop étonnant de le voir se dessiner quelques chances de marquer, Dubé a démontré qu'il pouvait ajouter des cordes à son arc en bloquant des tirs et en évoluant en infériorité numérique. « Je pense que j'ai joué plus en désavantage numérique pendant ce match que durant toute ma carrière junior, a-t-il raconté en souriant. Tout ce que je veux, c'est devenir un joueur complet. J'ai goûté à un nouvel aspect et j'ai aimé ça en utilisant ma vitesse. » « Je sais que c'est un joueur de jeu de puissance, mais Lappy (l'adjoint Martin Laperrière) l'a dirigé un peu à Québec et on connaît sa rapidité. Il est intelligent et il utilise bien son bâton », a commenté l'entraîneur-chef Jean-François Houle qui n'a pas craint de se fier sur lui. Au fil des questions après le match, on a mieux compris comment Dubé a pu intégrer de nouveaux éléments à son arsenal. « Dans le junior, j'étais plus reconnu comme un joueur offensif. Mais j'ai pratiqué avec des gars comme (Patrice) Bergeron et (Philip) Danault cet été. Je suis allé trois par semaine sur la glace avec eux », a mentionné Dubé qui a compté plusieurs buts importants du récent parcours éliminatoire des Cataractes de Shawinigan. « Ils m'ont donné des conseils. Des joueurs offensifs dans la LNH, il y en a des milliers, si on peut dire, donc si je veux monter au prochain niveau je dois travailler sur des éléments défensifs. J'ai travaillé là-dessus cet été avec Bergeron, il m'a beaucoup aidé », a-t-il poursuivi. Nul doute, Dubé a pris les moyens pour être bien entouré alors qu'il veut percer au niveau professionnel. « C'était le troisième été que je m'entraînais avec eux. De côtoyer des gars qui ont de longues carrières dans la LNH et qui sont des joueurs dominants, c'est toujours plaisant. Peu importe ce qu'ils me disent, ça rentre dans une oreille et ça reste dans ma tête. Ce sont des conseils qui valent de l'or. Je peux juste bâtir là-dessus », a admis Dubé, qui s'est aussi entraîné avec les Cataractes avant ce tournoi. Bien sûr, il aurait adoré toucher la cible, surtout quand il s'est faufilé en échappée avec deux minutes à écouler au dernier tiers. « Ce sont des chances sur lesquelles tu dois capitaliser dans le pro, c'est la seconde que tu as de moins comparativement au junior. Ce n'est pas plaisant de rater ta chance et que l'adversaire marque dix secondes plus tard », a réagi Dubé. Son premier test professionnel dans le chandail du Canadien demeure toutefois une réussite. « Je pense que j'ai eu une bonne première performance, j'ai bien patiné, j'ai été intense et je me suis créé des chances de marquer », a conclu alors qu'une belle complicité pouvait être décelée avec Cédrick Guindon et Brett Stapley.",3116
1 journaliste,Éric Leblanc,une chronique sportive,2022-10-12,https://www.rds.ca/hockey/canadiens/un-resultat-inattendu-pour-les-canadiens-1.16323235,LNH : Les Canadiens surprennent les Maple Leafs au match d'ouverture,"Pour une saison qui s'amorçait sans aucune attente, ce n'est pas si mal que le Canadien ait lancé son calendrier avec une victoire de 4-3 face aux éternels rivaux, les Maple Leafs de Toronto. Voici nos observations de cette rencontre disputée devant une foule qui a pu saluer, de très belle manière et un peu émotive, Carey Price avant le duel. Mais pour Caufield, les attentes ne changent pas Difficile d'oublier que Cole Caufield n'avait pas affiché la production espérée tôt la saison dernière. Le petit attaquant a eu le temps de retrouver sa touche par la suite et il n'avait pas l'intention d'entamer la saison 2022-2023 de la même manière. Comme il risque de le faire souvent cette année, il a soulevé la foule avec le premier but ET le deuxième but des siens. Un petit coup d'œil du côté des statistiques pour se rappeler que le numéro 22 avait compté son premier à son 13e match la saison dernière et il avait patienté jusqu'à la 31e partie pour enfiler son deuxième. Caufield avait donc bien raison de sourire après ses réussites alors que Nick Suzuki a été complice de son premier but. On ira avec prudence ici, mais son deuxième but nous pousse à se demander s'il n'a pas encore amélioré son lancer durant la saison morte. Après avoir jeté un coup d'œil à sa gauche, il a décoché un plomb trop fort pour Matt Murray. « Oui, ça me fait sentir bien. Comme buteur, c'est toujours bon de marquer rapidement et c'est agréable de démarrer du bon pied, mais ça prend de la constance avant tout », a commenté Caufield. Un moment bien choisi pour Anderson et Monahan Après ces deux buts de Caufield, le Canadien s'est accroché dans un match serré. Sean Monahan, à ses débuts avec le CH, avait même procuré l'avance (3-2) à Montréal avec 2 :30 à écouler, mais William Nylander a provoqué l'égalité de nouveau, 40 secondes plus tard. Alors que Caufield et Suzuki s'étaient illustrés, on sentait que leur partenaire de trio, Josh Anderson, voulait se joindre à la fête. Il a réussi le tout avec éclat en comptant le but victorieux avec 18,4 secondes au tableau indicateur. Il s'est mérité un bec de Caufield sur le casque! Le duo Guhle-Savard Les blessures à Michael Matheson et Joel Edmundson ont déjà poussé les dirigeants du Canadien à adopter leur plan B. Avec une brigade défensive extrêmement jeune, le plan n'était pas d'insérer Guhle sur le premier duo de défenseurs. Mais Guhle s'est admirablement bien tiré d'affaires contre les gros canons des Maple Leafs et surtout Auston Matthews et Mitch Marner. Une vitesse très utile, un style robuste adéquat, des décisions rarement périlleuses et une assurance plus que rassurante. « Il est extrêmement à l'aise, on le voit facilement. Il est calme sur la patinoire et on l'a vu encore dans ce match, il a très bien paru. Il ne semblait pas nerveux pantoute de jouer contre Matthews et Marner pendant la plupart du match, ça ne l'a pas dérangé du tout », a vanté Savard. « C'était fou (d'affronter Matthews)! C'est tout un joueur, je voulais limiter ses options et Savard a été génial pour m'aider contre eux », a réagi Guhle avec une rare exclamation dans sa voix. Même que Guhle a parfois mieux paru que Savard qui ne s'attendait pas, lui non plus, à jouer autant d'entrée de jeu. Savard a toutefois rendu de précieux services en défense tard dans la soirée. Que dire de ses neuf tirs bloqués sur les 24 de son équipe, une source d'inspiration pour ses pairs dont en infériorité numérique. Du chemin à faire pour Slafkovsky et Xhekaj Cette mention reviendra souvent, mais les jeunes du Tricolore auront besoin de temps",3572
1 journaliste,Emilie Nicolas,une chronique société,2020-04-16,https://ledevoir.com/opinion/chroniques/577077/docteur-privilege,Docteur Privilège,"On a beaucoup dit à quel point la pandémie de la COVID-19 met en évidence les iniquités socio-économiques et les failles institutionnelles qui existaient déjà. Au cours des dernières semaines, notre attention s’est portée, avec raison, sur l’incidence de la crise actuelle sur les plus vulnérables. Lors de sa conférence de presse de mercredi, François Legault a plutôt jeté la lumière — un peu malgré lui — sur l’univers parallèle dans lequel les plus riches continuent d’évoluer, même en temps d’urgence nationale. Pour le moment, on ne sait pas qui s’est « mal exprimé » et qui a « mal compris » dans les échanges privés entre le gouvernement du Québec, la Fédération des médecins omnipraticiens (FMOQ) et la Fédération des médecins spécialistes (FMSQ), occasionnant des retards importants. Mais on sait que, alors que le manque de personnel est criant dans les CHSLD depuis plusieurs semaines, il semble difficile — et long — de déployer des médecins pour soutenir les infirmières et les préposés aux bénéficiaires dans leur travail. On sait aussi qu’on a dû négocier des ententes sur la rémunération de ces médecins, qui facturent normalement à l’acte pour la majorité de leurs activités. Par exemple, un spécialiste pourrait gagner jusqu’à 2500 $ par jour pour venir prêter main-forte en CHSLD dans le cadre de la COVID-19. Puisque ceux-ci gagnent déjà en moyenne 428 941 $ par année, on est ici dans la rémunération à peu près normale — pour eux. On sait par ailleurs que l’état d’urgence sanitaire donne au gouvernement des pouvoirs exceptionnels pour mobiliser les employés du secteur public. En effet, bien des conditions de travail ont été modifiées unilatéralement par Québec au cours des dernières semaines afin d’augmenter la capacité de notre système de santé. Et en début de semaine, un arrêté ministériel a été adopté afin de se donner les pouvoirs de carrément recruter et redéployer vers la ligne de front les enseignants du collégial formés dans les domaines pertinents. Quant à eux, les médecins qui pratiquent dans le système public sont techniquement des travailleurs autonomes et non des salariés. Il semble donc que, même lors d’une urgence de santé publique, le gouvernement ne peut pas les contrôler autant que les autres professionnels. De ce fait, les fédérations de médecins retiennent un pouvoir de négociation qui a été en bonne partie suspendu ailleurs. Pendant qu’on cherche à bien « se comprendre » de part et d’autre, la pandémie continue de faire des ravages chez nos aînés. Bien sûr, on ne peut pas attribuer la « faute » directe de la débâcle des derniers jours à un médecin ou un autre. Bien des docteurs ont offert leur aide à répétition au cours des derniers jours, et ne cherchent qu’à contribuer à l’effort collectif. On dira que le coup porté à la réputation des médecins par M. Legault et Mme McCann hier était injuste, et on aura en bonne partie raison. Mais il faudrait aussi comprendre que s’il est aussi facile pour la FMOQ et la FMSQ de se faire coller une image de regroupements avides et détachés de l’intérêt public, ce n’est pas à cause d’une situation d’urgence en CHSLD ou d’une pandémie. Ce sont plutôt les écarts de revenus indécents, la hiérarchisation vertigineuse des professions, voire l’élitisme médical institutionnalisé qui doivent être mis ici au banc des accusés. La situation dépeinte dans la conférence de presse d’hier ne manquera pas de mettre beaucoup de Québécois en colère. Pas directement, on l’espère, contre les médecins. Mais contre les inégalités absurdes que l’on a autorisées, maintenues et normalisées au fil des décennies dans le système de santé en particulier et dans la société en général. Avec la crise, tout le Québec a pris conscience que certains préposés aux bénéficiaires travaillaient à temps plein tout en gagnant moins que les 2000 $ par mois promis en aide d’urgence à la population. La situation a d’ailleurs dû être dénoncée haut et fort avant qu’une maigre prime leur soit accordée. Et pendant que l’on tergiversait sur les modes de participation et de rémunération des médecins riches en temps de pandémie, des milliers de citoyens continuaient de contribuer bénévolement aux organismes qui répondent aux besoins de base des plus vulnérables. La juxtaposition de ces réalités dans les esprits, même si elles ne sont pas liées par une causalité immédiate, laisse un goût amer. Pour se débarrasser de cette étiquette de docteurs « au-dessus » des réalités de la population, il faudra bien plus qu’une correction du message ou une opération marketing impliquant des chirurgiens croqués sur le vif en train de nourrir et laver des aînés malades. Il faudrait que les médecins qui souhaitent des conditions de travail plus équitables pour tout le personnel essentiel du système de santé et des services sociaux se fassent entendre plus fort, et cessent d’être des voix marginales au sein de leur propre profession. ",4910
1 journaliste,Éric Leblanc,une chronique sportive,2022-11-15,https://www.rds.ca/hockey/canadiens/un-exemple-a-suivre-pour-le-tricolore-1.16394118,Canadiens : un exemple à suivre pour le Tricolore dans ce revers contre les Devils,"Tout dépendant de la vitesse à laquelle la reconstruction s'opérera, le Canadien se voit progresser à la manière des Devils du New Jersey. D'ailleurs, mardi soir, le Tricolore a vu ses adversaires mieux exécuter sa propre recette. « Ils jouent de manière très similaire à ce qu'on veut faire, ils sont les premiers dans les actions, ils ne concèdent pas beaucoup d'espace, ils ont un rythme effréné, ils capitalisent en relance, ils utilisent plusieurs vagues pour menacer en attaque. Ils font bien des choses qu'on veut faire », a cerné l'entraîneur-chef Martin St-Louis. Peu importe les mots utilisés, le discours était similaire chez les joueurs du Canadien. « Ils étaient ‘dans notre face' toute la soirée et on était nonchalants dans nos sorties de zone. Ils ont su profiter de la situation et leur échec-avant a été très efficace », a commenté Nick Suzuki. Le défenseur Joel Edmundson était capable de comprendre le parallèle entre le chemin parcouru par les Devils et celui à emprunter par sa troupe. « Ouais, dans les derniers matchs, on jouait comme ils le font. Ils sont venus nous battre avec notre style de jeu. On sait qu'on peut jouer à leur niveau, mais ça n'a pas été le cas », a évoqué Edmundson. Pour bien cerner la question, le gardien Jake Allen demeure un fin analyste. « Ils ont limité notre temps et nos options. Habituellement, voilà ce qu'on fait aux autres équipes. Ils nous ont battus à notre propre jeu dans ce match. C'est une bonne expérience d'apprentissage », a-t-il exposé. Les Devils ont constitué un obstacle au point tel que même un vétéran comme David Savard a éprouvé des ennuis. Quant aux jeunes du Tricolore, cette confrontation contre une équipe bien huilée comme les Devils permet de mieux saisir les différents défis du circuit Bettman. « Grandir dans la LNH, ça vient avec mieux connaître les autres joueurs et les autres équipes. Il faut retirer des choses de chaque match », a souligné Allen. « Dans l'ensemble, ce n'était pas un bon effort de notre groupe et on doit se reprendre au prochain match », a surtout retenu Suzuki. Le capitaine du Canadien n'est parvenu à décocher de tir sur le filet des Devils, c'était la troisième fois de la saison que ça lui arrivait. « On ne parvenait pas à maintenir une pression en zone offensive et je parle surtout de mon trio. On doit mieux faire à ce sujet », a avoué Suzuki. Sur un sujet différent, Evgenii Dadonov tentera de profiter de l'absence prolongée de Jonathan Drouin (4 à 6 semaines) pour relancer sa saison. « Il a joué avec une bonne vitesse, ce fut quand même un bon match de sa part. Il doit continuer de nous montrer ce qu'il peut faire LNH et ce qu'il a fait dans LNH. Il y aura moins de trafic en attaque avec les blessés. La continuité devrait l'aider », a réagi St-Louis.",2778
1 journaliste,Éric Leblanc,une chronique sportive,2023-01-19,https://www.rds.ca/hockey/canadiens/discipline-recherchee-et-gudas-seme-la-colere-1.16529808,Canadiens : discipline recherchée et Radko Gudas sème la colère chez les Canadiens,"Durant sa reconstruction, le Canadien ne dominera pas plusieurs catégories de statistiques dans la LNH. Et, pour se donner une chance de gagner, il ne devrait surtout pas mener pour les minutes de punition comme c'est le cas actuellement. Pas étonnant que le CH ait été envahi par la frustration contre les Panthers de la Floride. Les cinq punitions imposées à la troupe montréalaise au second engagement ont mené à quatre buts des visiteurs. Montréal a terminé sa partie avec 53 minutes de punition et un pointage sans équivoque de 6 à 2. « C'est sûr qu'on était frustrés par la manière dont on jouait. C'est difficile quand tu as les meilleures intentions, mais que ça ne se passe comme tu le souhaites », a témoigné Michael Matheson qui a eu à jeter les gants contre Matthew Tkachuk puisque les Panthers n'avaient pas digéré son coup envers Eric Staal. « On était frustrés par notre façon de jouer et nos punitions. On ne peut simplement pas gagner avec toutes ces punitions », a reconnu Joel Edmundson. Mais la frustration ne provenait pas uniquement de cette indiscipline récurrente, elle était aussi reliée à des coups jugés salauds des Panthers et en particulier de Radko Gudas. « Je trouve qu'il est un joueur salaud et il a été comme ça tout au long de sa carrière. Mais c'est sa façon de jouer. Sauf que si tu joues ainsi et que tu tentes de blesser des joueurs, tu devrais au moins répondre de tes actes », a déclaré Anderson sans gêne. Anderson voulait s'en prendre à Gudas en fin de match puisque ce dernier a tenté de frapper Kirby Dach avec un genou pour se venger d'une mise en échec encaissée. « Il vise les genoux de ses adversaires pendant tout le match. Oui, il joue de manière robuste et je vais lui donner ça, mais il faut répondre de ses actes », a ajouté Arber Xhekaj au débat incessant sur Gudas. Au dernier tiers, l'émotion était palpable dans le Centre Bell. Inutile de décrire les scènes de violence, mais les joueurs du Canadien et leur entraîneur retenaient l'esprit de solidarité affiché. « Ils ont pris le dessus dans notre amphithéâtre. Nos punitions ont fait très mal, mais en troisième période, on ne voulait pas laisser tomber nos coéquipiers », a précisé Anderson. « J'ai demandé aux boys de finir la partie, de se tenir ensemble. En première période, des jeux physiques sont survenus et ont écrit la suite de ce match, on s'attendait à ça un peu », a mentionné Martin St-Louis. Ce qu'ils ont dit « Je trouvais que j'avais une bonne chance. Tu penses que ça reviendra 0-0, mais tu les remets en avantage numérique. Notre désavantage numérique est meilleur récemment, mais on a eu un peu de misère dans ce match », a noté St-Louis à propos de la contestation. « On doit mieux jouer que ça surtout après deux bonnes performances », a déploré Xhekaj. « Ce fut bon d'être au banc au début de la troisième période parce que j'étais pas mal fâché à la fin du deuxième engagement. J'avais été frappé de manière vicieuse », a ajouté Xhekaj. « On a effectué un bon travail de se serrer les coudes, on est un groupe tissé serré », a conclu Suzuki.",3074
1 journaliste,Thomas Gerbet,un reportage,2021-12-21,https://ici.radio-canada.ca/nouvelle/1849288/croix-rouge-renfort-gouvernement-quebec-covid,COVID-19 : la Croix-Rouge appelée en renfort par le gouvernement du Québec | Coronavirus,"Après l'appel à l'aide des Forces armées canadiennes, le ministère de la Santé du Québec sollicite le soutien des travailleurs de la Croix-Rouge, a appris Radio-Canada. L'organisme humanitaire avait déjà apporté son aide en 2020 dans les Centres d'hébergement et de soins de longue durée (CHSLD). Selon nos sources, le gouvernement Legault aimerait avoir de nouveau le soutien des équipes spécialisées pour renforcer la prévention et le contrôle des infections dans les établissements en difficulté. Ces équipes de choc, surnommées « SWAT », étaient intervenues dans plusieurs CHSLD aux prises avec de graves éclosions lors de la deuxième vague. Le ministère de la Santé aimerait aussi recruter plus de 300 aides de service pour effectuer du nettoyage et de l'entretien. En juin 2020, après le retrait des militaires canadiens des CHSLD, le premier ministre Justin Trudeau avait annoncé le renfort de la Croix-Rouge. L'organisme humanitaire confirme avoir reçu la demande de Québec, mais n'a pas voulu dire s'il répondra favorablement. Veuillez noter que Radio-Canada ne cautionne pas les opinions exprimées. Vos commentaires seront modérés, et publiés s’ils respectent la nétiquette. Bonne discussion ! ImportantAfin de favoriser des discussions riches, respectueuses et constructives, chaque commentaire soumis sur les tribunes de Radio-Canada.ca sera dorénavant signé des nom(s) et prénom(s) de son auteur (à l’exception de la zone Jeunesse). Le nom d’utilisateur (pseudonyme) ne sera plus affiché. En nous soumettant vos commentaires, vous reconnaissez que Radio-Canada a le droit de les reproduire et de les diffuser, en tout ou en partie et de quelque manière que ce soit. Vous avez repéré une coquille? Vous êtes témoin d’un événement? Vous avez des questions sur notre travail? La pénurie de médecins contribue à la fermeture des services obstétricaux dans les zones rurales de l'Alberta. Un rapport note une détérioration de la santé mentale et une précarité accrue chez les Torontois. Ce financement est étalé sur trois ans. C'est un discours qu'on entend souvent : les jeunes sont anxieux, et le sont de plus en plus. La directrice du Centre d'études sur le stress … L'Alberta, la Saskatchewan et le Manitoba ont toutes mené des missions de recrutement aux Philippines. Quatre ambulances seront retirées du réseau régional de la santé et 14 postes seront abolis. La ministre des Affaires étrangères affirme que la Russie ne respecte pas la charte de l'ONU. Un registre de condoléances est mis en ligne et accessible au grand public. La Défense nationale a confirmé avoir traqué des tentatives de surveillance étrangère depuis 2022. La pénurie d'enseignants explique le non-respect de l'engagement, dit le premier ministre du Québec. Tout ne serait finalement pas si sombre pour les projets de développement à Gatineau. Au lendemain d'une présentation sur la capacité … Le premier ministre appelle les Canadiens à se fier au processus électoral, peu importe le parti au pouvoir.",2988
1 journaliste,Améli Pineda,un reportage judiciaire,2020-01-30,https://www.ledevoir.com/societe/598702/montreal-controverse-autour-d-une-arrestation-musclee,Controverse autour d’une arrestation musclée,"Une arrestation musclée survenue samedi au parc Jeanne-Mance suscite la controverse. Les témoins de l’intervention déplorent sa brutalité, tandis que le Service de police de la Ville de Montréal (SPVM) justifie les coups de poing infligés au suspect parce qu’il aurait mordu un des agents qui tentait de le maîtriser au sol. Une vidéo largement partagée sur les réseaux sociaux montre cinq policiers tentant de procéder à l’arrestation d’un homme, dont on aperçoit le visage à quelques reprises. Trois autres agents forment une bulle autour d’eux. « Pourquoi l’étranglent-ils », peut-on entendre dans la séquence, quelques secondes avant de voir un agent lui asséner une série de coups de poing. « Arrête de mordre, arrête de mordre », est-il possible d’entendre au loin. « C’était une scène horrible, je ne croyais jamais voir ça dans un parc à Montréal », se désole Leigh O’Brien, qui a filmé une partie de l’intervention qui s’est déroulée sous ses yeux. L’étudiante américaine, qui habite à Montréal depuis quelques mois, profitait du beau temps avec des amis au pied du mont Royal lorsqu’elle a vu les policiers encercler l’homme. « Je suis originaire des États-Unis et, avec tout ce qui est arrivé dans la dernière année, surtout le décès de George Floyd, ç’a été instinctif de filmer parce que je m’explique mal ce qui peut justifier un tel usage de la force », raconte-t-elle. Son amie, Agnes Bebon, qui a aussi été témoin de l’intervention, est encore sous le choc. « Ce qu’on a vu nous démontre que la brutalité policière est un problème ici aussi, et je trouve ça effrayant », dit la femme. Les policiers se trouvaient dans le parc pour veiller au respect des règles sanitaires samedi dernier. En entrevue avec Le Devoir, le SPVM explique que l’usage de la force a été nécessaire après avoir interpellé un homme qui contrevenait au règlement municipal interdisant la consommation d’alcool sur le domaine public. ﻿« L’homme a refusé de collaborer avec les policiers et a adopté une posture de combat pendant l’interpellation », mentionne David Shane, porte-parole et conseiller au cabinet du directeur du SPVM. Pour éviter une morsure, un des agents a utilisé ce qu’on qualifie de technique de diversion dans le jargon policier, dans ce cas-ci, les coups de poing. Après l’intervention, l’homme a été conduit au centre de détention et a été libéré sous promesse de comparaître. Il pourrait faire face à des accusations de voie de fait et d’entrave au travail des policiers. Un constat d’infraction de 100 $ lui a été remis pour avoir enfreint le règlement sur la consommation d’alcool sur le domaine public. Puisqu’il n’a pas encore été formellement accusé, son identité n’a pas été confirmée. Sur Instagram, l’homme a remercié les internautes qui lui ont fait parvenir des messages de soutien et a promis de donner prochainement davantage de détails sur ce qui est arrivé. L’homme semble depuis avoir pris part à la manifestation contre le couvre-feu dimanche soir. Au moment où ces lignes étaient écrites, il n’avait pas accordé d’entrevue au Devoir. « Jamais beau à voir » Superviseur retraité au SPVM, Stéphane Wall a analysé les images diffusées tout au long de la fin de semaine. « L’usage de la force, ce n’est jamais beau à voir », mentionne celui qui a consacré une partie de sa carrière à la formation sur l’usage judicieux de la force. « Il est important de distinguer les perceptions et la réalité. La technique utilisée par les policiers sur la vidéo survient lorsqu’il y a une résistance active de la part d’un suspect. L’objectif, c’est de créer un inconfort pour qu’il se laisse menotter », explique M. Wall. « On n’arrive pas jusque-là s’il n’y a pas eu résistance », souligne-t-il. Cette récente vidéo prouve qu’il est urgent de repenser la sécurité publique, estime de son côté Marlihan Lopez, porte-parole de la Coalition pour le définancement de la police. « Ce qui me préoccupe, c’est d’imaginer la violence dont ils peuvent user lorsqu’il n’y a pas de témoins, s’ils se sont permis d’utiliser une force excessive devant une foule », note-t-elle.",4078
1 journaliste,Améli Pineda,un reportage judiciaire,2021-03-20,https://www.ledevoir.com/societe/577426/covid-19-service-correctionnel-canada-vise-par-une-demande-d-action-collective,Service Correctionnel Canada visé par une demande d’action collective,"Une détenue qui a contracté la COVID-19 derrière les barreaux veut intenter une action collective contre Service correctionnel Canada (SCC) à qui elle reproche d’avoir « agi trop peu, trop tard », favorisant l’éclosion du virus dans les pénitenciers du Québec. « En plus de favoriser la transmission de la COVID-19 aux personnes incarcérées, les fautes commises par SCC ont pour effet de rendre inhumaines les conditions actuelles d’incarcération des détenus qui sont sous sa garde », peut-on lire dans la requête déposée lundi au palais de justice de Montréal par le cabinet Larochelle Avocats. La détenue Joëlle Beaulieu explique avoir souffert de la négligence des autorités carcérales, qui n’ont pas pris au sérieux son état de santé, alors qu’elle présentait plusieurs symptômes de la COVID-19. La femme d’origine autochtone est incarcérée au pénitencier de Joliette. Il s’agit de l’établissement carcéral où on a répertorié le plus de cas positifs à la COVID-19. En date du 18 avril, 51 détenues étaient atteintes du virus. La détenue a décidé de se tourner vers les tribunaux pour obtenir un dédommagement de 100 $ par jour de détention depuis le 13 mars, et ce jusqu’à ce que SCC assure la sécurité à l’intérieur des pénitenciers québécois. Elle souhaite également qu’une somme forfaitaire de 500 $ soit accordée pour le préjudice physique et moral subi en raison de l’angoisse à laquelle la mauvaise gestion du SCC l’a exposé après avoir contracté le virus. Mme Beaulieu souhaite agir à titre de représentante de toutes les personnes qui ont été détenues dans un établissement correctionnel fédéral du Québec à partir du 13 mars, qu’ils aient ou non contracté la COVID-19. Manquements Le manque de préparation des autorités carcérales face à la pandémie a fait craindre à la détenue pour sa sécurité. « [SCC] a été grossièrement négligent […] puisque des mesures rapides et cohérentes auraient pu rapidement être mises en place pour prévenir la propagation actuelle et protéger efficacement les détenus ». Mme Beaulieu soupçonne avoir été contaminée par des membres du personnel. La détenue occupe le poste de nettoyeur, ce qui l’amenait à nettoyer les locaux de l’administration de l’établissement. Dès le début de la pandémie, elle a demandé qu’on puisse lui fournir des masques et des gants, mais cela lui a été refusé. « Elle s’est constamment butée à un refus. Elle a seulement réussi à obtenir des gants, qu’elle pouvait porter lorsqu’elle faisait le ménage, mais aucun masque ne lui a été fourni, alors que ses tâches faisaient en sorte qu’elle était en présence des membres de l’administration, pendant les heures d’ouverture, l’exposant ainsi à la contamination », peut-on lire dans le document. Les premiers symptômes associés à la COVID-19 sont ressentis par Mme Beaulieu aux alentours du 21 mars. Elle se rend à l’infirmerie le 26 mars, mais on lui dit que puisqu’elle n’a pas voyagé, ça ne peut pas être la COVID-19. « Elle avait pourtant été en contact avec de nombreuses personnes de l’extérieur en raison de son travail de nettoyeur à l’administration », note la requête. Deux autres détenues se font dire la même chose. Un masque et deux Tylenols leur sont fournis avant de les retourner dans leur unité, où elles se trouveront en contact avec plusieurs autres femmes. « Les autorités carcérales mettaient tout le monde à risque en laissant ces trois femmes revenir dans l’unité et être en contact avec tout le monde », fait-on valoir. Ce n’est que le lendemain que les trois détenues seront transférées dans une unité à part. L’état de santé de Mme Beaulieu se dégrade, sa température aurait atteint 43 °C selon ce qui est rapporté dans la requête. Mme Beaulieu est transférée à nouveau vers une unité qui servira à isoler des détenues en attente de résultats pour la COVID-19. Le 1er avril, la détenue est déclarée positive à la COVID-19. Mme Beaulieu sera confinée dans une cellule pendant 14 jours. Alors qu’elle présentait des symptômes gastriques, elle a dû faire ses besoins dans un contenant puisqu’elle ne pouvait sortir pour aller aux toilettes que lors de la ronde des officiers, à toutes les 50 minutes. « Mme Beaulieu s’est sentie diminuée et déconsidérée. Elle a eu le sentiment d’avoir été ignorée par les autorités carcérales et que sa vie n’avait que peu de valeur à leurs yeux », peut-on lire dans la requête.",4353
1 journaliste,Éric Leblanc,une chronique sportive,2022-09-18,https://www.rds.ca/hockey/canadiens/owen-beck-precis-comme-un-anesthesiste-1.16215030,"Canadiens - Owen Beck : précis comme un anesthésiste, fonceur comme un bélier","Si Owen Beck n'avait pas tout ce talent au hockey, il aurait entamé des études en médecine pour devenir anesthésiste. Sur la patinoire, il déploie justement un style alliant une grande précision dans ses actions et un sens aigu des détails. Doué au niveau académique, Beck passe une partie de ses étés à Montréal pour s'entraîner depuis qu'il est âgé de 15 ans. Il connaît donc très bien la métropole québécoise tout en comprenant le français grâce à son parcours scolaire. D'ailleurs, depuis qu'il a été repêché, au 33e rang, en juillet, au Centre Bell, Beck déploie des efforts pour parler la langue de Maurice Richard. Sa sélection avait fait sourciller certains partisans du Canadien qui aurait souhaité que le club montréalais se tourne plutôt vers un espoir du Québec (comme Noah Warren et Tristan Luneau qui étaient disponibles) après avoir pigé deux fois en Slovaquie en première ronde avec Juraj Slafkovsky et Filip Mesar. Mais Beck jouit d'une réputation enviable dans le milieu du hockey. Déjà doté d'un style complet comme joueur de centre, il se démarque via son intelligence. Le bémol associé à Beck concerne son potentiel offensif qui pourrait être limité, mais il s'attarde à corriger le tir. À le voir s'illustrer au tournoi des recrues à Buffalo, ça ne serait pas étonnant qu'il reste dans l'entourage des Canadiens jusqu'au camp d'entraînement officiel. « Quand il sera dans la LNH, ce sera de voir s'il s'établira comme deuxième ou troisième centre, mais il ne sera pas plus bas que ça. Il ne sera pas le meneur du premier trio, il n'est pas du genre à tricher pour aller ajouter des points », a décrit James Richmond, son entraîneur avec les Steelheads de Mississauga. Richmond parle avec cette assurance car il est un témoin privilégié du professionnalisme qui définit l'attitude de Beck. Il ne parle pas non plus à travers son chapeau puisque chaque été, des joueurs de la LNH comme Tyler Toffoli retournent s'entraîner avec lui pour peaufiner des aspects. L'entraîneur confirme une perception qui se dégage de Beck, le droitier de 18 ans ne semble pas impressionné par les athlètes du circuit Bettman. « Il respecte la LNH et les joueurs, mais je ne crois pas qu'il soit effrayé de lutter contre eux pour un poste. Certains jeunes sont épatés et leur mâchoire décroche... Owen sait qu'il s'agit de la meilleure ligue, mais il pense être en mesure de s'y tailler une belle place. Je trouve que c'est un point positif », a-t-il cerné. « Il fonce comme un bélier! » Là où Richmond nous a envoyé une balle courbe, c'est en décrivant un trait qu'on ne soupçonnait pas chez Beck. « Il fonce comme un bélier! Si tu ne le laisses pas te contourner, il va passer par-dessus toi. Il est vraiment agréable à regarder avec sa vitesse, la puissance des jambes et la qualité de son lancer », a soulevé Richmond. Ce descriptif a mené à sonder Arber Xhekaj qui raffole du jeu robuste. L'imposant défenseur a souvent affronté Beck l'année dernière dans le hockey junior ontarien. « Il m'a grandement surpris en séries, on avait de gros défenseurs au sein de notre équipe et certains de leurs attaquants craignaient de se frotter à nous. Lui, il n'a reculé devant rien. C'est un attaquant avec de belles habiletés », a témoigné Xhekaj. En l'espace de deux matchs, Beck s'est attiré des éloges de Jordan Harris et de l'entraîneur Jean-François Houle. Bref, ce petit échantillon n'a rien de scientifique, mais il nous laisse conclure qu'il pourra reporter ses études, du moins de quelques années.",3500
1 journaliste,Emilie Nicolas,une chronique société,2020-08-13,https://ledevoir.com/opinion/chroniques/584038/manifester-fonctionne,Manifester fonctionne,"« Les temps le demandaient », dit-on. On parle bien sûr de la visibilité sans précédent du mouvement Black Lives Matter et de la mobilisation qui ne semble jamais complètement s’essouffler dans les grandes villes américaines malgré la pandémie. En avril, 200 femmes afro-américaines avaient demandé que la colistière de Joe Biden soit non seulement une femme, mais une femme noire, spécifiquement. Lundi, 100 hommes afro-américains célèbres leur emboîtaient le pas. Biden avait besoin d’une candidate à la vice-présidence qui allait inciter les Américains non pas seulement à voter contre Trump, mais à voter pour les démocrates. Et d’une personne plus jeune qui allait compenser son image d’homme vieillissant peu énergique. Mais c’est la mobilisation populaire qui a forcé l’establishment démocrate à arrêter son choix précisément sur la sénatrice californienne Kamala Harris. Il a fallu la révolte et la crise pour qu’une femme racisée — noire et sud-asiatique — soit jugée assez compétente et intéressante pour être choisie par l’un des deux grands partis comme candidate à la vice-présidence, pour la première fois de l’histoire des États-Unis. Visiblement, manifester fonctionne. Les conditions normales de la vie politique américaine n’auraient pas mené à ce résultat. Lorsque « les temps » exigent un changement, le pouvoir n’a d’autre choix que de réagir et de se réajuster pour se maintenir en place. Cela vaut d’ailleurs à bien des égards pour Kamala Harris elle-même, qui ne s’est pas exactement bâti au fil de sa carrière une réputation de révolutionnaire. Comme procureure générale de la Californie, elle n’a que très rarement porté des accusations criminelles contre des policiers ayant tué des civils. Elle a porté en appel un jugement californien qui déclarait la peine de mort inconstitutionnelle. Elle s’est opposée à la décriminalisation du cannabis, alors que les lois en place combinées au profilage racial ordinaire contribuaient grandement à l’incarcération massive des Noirs et des Latinos de son État. Et elle est intervenue dans plusieurs dossiers pour demander des peines plus sévères pour des accusés issus de ces mêmes communautés. Nous n’avons pas ici affaire à un alignement naturel avec le mouvement Black Lives Matter ou avec les revendications largement portées par une nouvelle génération d’activistes du flanc gauche du Parti démocrate. Ce bagage professionnel a largement contribué à plomber la campagne à la présidence de Harris l’an dernier. Bien des électeurs potentiels doutaient que son ascension personnelle allait contribuer à l’avancement des conditions de vie de tous les Afro-Américains, au-delà des enjeux symboliques de représentation. Les jeunes féministes avaient aussi boudé Hillary Clinton en 2016 sensiblement pour les mêmes raisons. Pourtant, lors de la course à l’investiture démocrate, elle a mis en avant un projet de réforme de justice criminelle mieux aligné avec les fameux temps. Elle a parlé de légalisation du cannabis, de réforme des standards policiers sur l’utilisation de la violence, de lutter contre l’incarcération des mineurs et de promouvoir des programmes sociaux qui s’attaqueraient aux causes mêmes de la criminalité. C’est même, tente-t-elle d’expliquer, précisément parce qu’elle a déjà été procureure générale qu’il faudrait lui confier la responsabilité d’une telle réforme. C’est qu’elle connaît le système de l’intérieur. Tout comme pour Clinton, on a affaire ici à une politicienne qui se définit d’abord comme « pragmatique ». Le pragmatisme est ici entendu comme le goût de travailler au sein même des structures, dans le cadre de ce qui fait partie de l’horizon des possibles, c’est-à-dire du pas trop coûteux politiquement. Au fil de la longue carrière de Kamala Harris, l’horizon des possibles « pas trop coûteux » s’est grandement élargi, surtout grâce au travail acharné de militants qui continueront d’être dépeints par l’establishment centriste comme dépourvus de sens pratique et stratégique, et trop polarisants pour être des candidats sérieux. La plateforme politique des personnes éligibles évolue en conséquence. Si le duo Biden-Harris arrive au pouvoir et implante vraiment des politiques publiques qui répondent aux besoins de « notre temps », ce ne sera pas malgré la gauche « radicale », mais en bonne partie grâce à elle. C’est qu’elle sera allée aux urnes en novembre et que son poids dans le parti l’aura rendue impossible à ignorer au Congrès. La conclusion ne s’applique d’ailleurs pas seulement aux États-Unis. Si les mesures d’aide économique d’urgence déployées depuis mars par le gouvernement fédéral répondent aux besoins d’un si grand nombre de Canadiens, c’est notamment parce qu’on a affaire à un gouvernement minoritaire qui a dû négocier l’appui du NPD pour aller de l’avant avec plusieurs programmes. Et si les progressistes « pragmatiques » actuellement en place à l’Hôtel de Ville de Montréal se décident enfin un jour à répondre sérieusement aux critiques des communautés racisées et marginalisées envers le SPVM, ce sera parce que l’on aura calculé que le coût électoral des mesurettes molles est devenu plus grand que celui de déplaire à la génération montante. Partout, manifester finit toujours, tôt ou tard, avec le nombre, par fonctionner. ",5267
1 journaliste,Améli Pineda,un reportage judiciaire,2020-03-10,https://www.ledevoir.com/societe/571063/le-pere-suspecte-d-avoir-tue-sa-conjointe-a-mascouche-etait-un-educateur-specialise,Mascouche: Benoît Cardinal est accusé de meurtre non prémédité,"C’était une famille « sans histoire », du moins jusqu’à vendredi dernier, lorsque le père a démissionné de son poste d’éducateur spécialisé au Centre jeunesse de Laval à la suite d’un « comportement inapproprié » qui a mené à une enquête interne. Une situation qui aurait créé des tensions au sein de son couple et qui aurait mené l’homme à commettre l’irréparable dans la nuit de jeudi, tuant sa conjointe en présence de leurs six enfants. Arrivé en fauteuil roulant dans le box des accusés, Benoît Cardinal a été formellement accusé du meurtre non prémédité de sa conjointe Jaël Cantin en fin d’avant-midi vendredi. Le regard vide, l’homme a dissimulé son visage sous sa longue chevelure. Durant la brève audience, il semblait chercher des proches, balayant la pièce de son regard. L’accusé aurait assassiné la mère de ses enfants en pleine nuit dans leur maison du chemin des Anglais. M. Cardinal, qui a été retrouvé blessé à l’arrivée des policiers, aurait tenté de camoufler son crime. Il aurait évoqué une introduction par effraction qui a mal tourné. Ce n’est qu’en fin de journée que la thèse du drame conjugal a été retenue, après que les policiers eurent rencontré les six enfants du couple, âgés de 1 à 12 ans. Les six jeunes orphelins ont été recueillis par des proches de la famille. Le tribunal a interdit à l’accusé de communiquer avec neuf personnes. « L’interdit de contact concerne les six enfants de [M. Cardinal] évidemment, ainsi que trois témoins dans le dossier », a indiqué la procureure de la Couronne, Me Valérie Michaud. M. Cardinal demeure détenu, mais pourrait faire une demande de remise en liberté. La prochaine audience est prévue le 26 février au palais de justice de Joliette. Suspension et démission Amis et voisins s’expliquent toujours mal ce qui a pu se produire pour que la vie du couple, qui était ensemble depuis le cégep, bascule de façon tragique. « Jaël c’était une personne souriante, une femme active, elle courrait des marathons, c’était quelqu’un d’enjoué, et puis Benoît, c’était comme un gros nounours. Depuis hier, je ne peux pas croire qu’on parle d’eux aux nouvelles », s’est désolée une amie de la famille, venue porter des fleurs à la porte de la maison familiale. Dans les derniers jours, du soutien psychologique avait été offert à l’accusé, qui s’est retrouvé au coeur d’une enquête, a confirmé le Centre intégré de santé et de services sociaux (CISSS), duquel relève le Centre jeunesse où il travaillait. Selon TVA Nouvelles, c’est un père qui a fait un signalement après avoir découvert des échanges de messages textes explicites entre l’éducateur et sa jeune fille. « À la fin de décembre, il a été porté à notre attention que [M. Cardinal] aurait pu avoir des comportements inappropriés », s’est limité à commenter le CISSS de Laval. L’homme a été suspendu de ses fonctions et a finalement démissionné vendredi dernier. Une cellule d’accompagnement a été mise en place pour les employés et usagers du Centre jeunesse de Laval à la suite de la tragédie. Des services de soutien et d’écoute ont également été offerts par la Commission scolaire de Laval (CSDL), où travaillait la victime, qui était technicienne en éducation spécialisée. « C’est avec regret et beaucoup de tristesse que la CSDL a appris le décès tragique de Jaël. C’est toute la communauté scolaire qui est secouée », a commenté Louise Lortie, présidente de la CSDL. Le commerce des parents de Mme Cantin, situé à côté de la résidence, affichait une triste note pour expliquer sa fermeture pour les prochains jours. « Nous vivons une période de deuil, notre comptoir sera fermé », pouvait-on lire. « J’ai de la misère à y croire. Je n’ai jamais rien entendu de déplacé et je n’ai jamais été témoin d’une chicane ou de quoi que ce soit. Au contraire, ça avait vraiment l’air d’une famille unie. Jamais on n’a vu la police débarquer ici », a raconté la voisine immédiate du couple, Nathalie Labonté.",3923
1 journaliste,Améli Pineda,un reportage judiciaire,2020-03-19,https://www.ledevoir.com/politique/quebec/571605/parti-quebecois-frederic-bastien-se-lance-dans-la-course,Frédéric Bastien se lance dans la course à la chefferie du PQ,"Le professeur et historien Frédéric Bastien est devenu cette fin de semaine le troisième candidat à confirmer qu’il se lancera dans la course à la chefferie du Parti québécois (PQ) qui démarrera samedi. « Ma réflexion est arrivée à sa fin, et c’est avec plaisir que je vous annonce que je serai candidat à la chefferie du Parti québécois », a-t-il écrit dans une publication Facebook mise en ligne samedi à 23 h. Joint le lendemain matin, le futur candidat a expliqué avoir fait part de sa décision non seulement pour une question de procédures, mais aussi pour avoir l’esprit tranquille. « Je savais que je partais en ski [dimanche] et j’ai fermé mon ordinateur. Ma décision était prise et je voulais “focusser” sur ma journée en ski avec mes enfants », a-t-il confié en entrevue au Devoir. Sa campagne sera officiellement lancée le 9 février à la salle Ninkasi Simple Malt à Montréal. Frédéric Bastien s’est fait remarquer cet automne après avoir porté plainte contre la juge en chef de la Cour d’appel du Québec, Nicole Duval Hesler. Il l’accusait d’avoir manqué à son devoir de réserve dans le dossier d’appel de la contestation de la Loi sur la laïcité de l’État. Plus récemment, il a « menacé » deux juges de la Cour suprême du Canada de porter plainte contre eux s’ils donnaient une conférence servant à lever des fonds pour la Lord Reading, une organisation de juriste qui s’est positionnée contre la loi 21. La participation des deux juges a depuis été annulée. « Nationalisme assumé » Le futur candidat mise sur ce désir assumé de se colleter aux instances fédérales pour convaincre les militants péquistes de l’élire à la tête de la formation politique. « Notre parti doit faire preuve d’un nationalisme assumé qui conteste le régime fédéral, en particulier la loi constitutionnelle de 1982 qui, sans notre consentement, a donné aux juges fédéraux le pouvoir d’invalider nos lois. C’est ce que j’ai fait comme historien, c’est ce que je fais comme militant, c’est ce que je proposerai aux membres du Parti québécois durant cette course », a-t-il expliqué sur les réseaux sociaux. Jusqu’à présent, deux autres candidats ont fait connaître officiellement leurs intentions. Le député et ancien chef intérimaire Sylvain Gaudreault a été le premier à s’être lancé dans la course au leadership en novembre. Ses responsabilités parlementaires ont d’ailleurs été allégées pour qu’il puisse y consacrer plus de temps. L’avocat et auteur du rapport « Osez repenser le PQ », Paul St-Pierre Plamondon, présentera son programme mardi au Lion d’Or à Montréal. Je l’ai déjà dit, je ne crois pas que la question du référendum sur l’indépendance doive se faire lors d’un premier mandat. Moi, je veux forcer des négociations constitutionnelles. — Frédéric Bastien Frédéric Bastien estime être en mesure de se démarquer de ses adversaires. « Ce ne sont pas des gens qui se sont attaqués au régime fédéral et qui l’ont véritablement contesté. Moi, je pense avoir mis le doigt sur le bobo [avec la juge Duval Hesler et l’annulation de la conférence]. Je pense que les militants ont une soif de voir qu’on pose des gestes concrets », dit celui qui enseigne au collège Dawson à Montréal. Il souligne que, s’il est élu à la tête du parti et remporte les prochaines élections, il se concentrera sur la question de la Constitution. « Je l’ai déjà dit, je ne crois pas que la question du référendum sur l’indépendance doive se faire lors d’un premier mandat. Moi, je veux forcer des négociations constitutionnelles », mentionne-t-il. Candidats en réflexion À une semaine du lancement de la course à la direction péquiste, d’autres candidats intéressés sont toujours en réflexion. L’humoriste Guy Nantel et l’avocat spécialisé en immigration Stéphane Handfield ont confirmé leur intérêt, mais leur décision n’est toujours pas prise. Tous deux attendent de connaître les règles de la course qui seront fixées le 1er février. La Presse avait rapporté le 9 janvier que l’exécutif national du parti proposera d’ouvrir le vote aux sympathisants sans qu’ils soient des membres en règle de la formation. Une information qui a été confirmée au Devoir. Le nom du successeur de Jean-François Lisée sera connu le 19 juin.",4193
1 journaliste,Améli Pineda,un reportage judiciaire,2020-07-29,https://www.ledevoir.com/societe/consommation/576222/covid-19-les-depanneurs-au-front,Les dépanneurs au front,"Des bouts de bois, des pellicules de plastique et beaucoup de ruban adhésif : des panneaux de fortune ont été construits par plusieurs propriétaires de dépanneurs qui ont fait preuve de débrouillardise et de créativité pour demeurer au front, tout en se protégeant de la COVID-19. « Ce n’est pas parfait, mais je pense que c’est mieux que rien », lance Suquin Cao, propriétaire du dépanneur 7 jours, situé au coin des rues Saint-Zotique et de La Roche dans le quartier Rosemont à Montréal. « Notre objectif, c’est de rester ouverts le plus longtemps, parce que vous savez, nous, on dépanne les gens », dit fièrement Mme Cao, qui est dans le quartier depuis déjà 16 ans. Prudents, les propriétaires de dépanneurs refusent les contenants consignés pour limiter les risques de propagation du coronavirus. Depuis les deux dernières semaines, la propriétaire tente de laisser la porte du dépanneur le plus souvent ouverte, afin d’éviter que les clients posent leurs mains dessus. Le comptoir caisse de son commerce est désormais couvert par un immense rideau de plastique qui laisse entrevoir une silhouette, mais dont l’épaisseur ne permet plus de mettre de visage sur la personne qui s’y trouve derrière. « C’est difficile pour un petit dépanneur de se construire une protection, c’est coûteux et on n’a pas les mêmes moyens qu’une épicerie », souligne celle qui porte également un masque et des gants. « Les masques, c’est ma famille de Chine qui me les a envoyés, parce qu’ici, on n’en trouve plus ! », souligne-t-elle. Contrairement aux épiceries qui seront fermées tous les dimanches d’avril, les dépanneurs pourront rester ouverts. C’est pourquoi plusieurs ont revu leurs heures d’ouverture afin de rester en première ligne sans s’épuiser. Grâce à un morceau de Plexiglas et de la tuyauterie, le propriétaire du dépanneur L’Épicerie Casse-Croûte du coin dans Hochelaga s’est construit une vitrine de fortune. « Il faut tout nettoyer plusieurs fois par jour, la machine Interac, le plancher, les présentoirs. Comme il y a moins de clients qu’à l’habitude, on a décidé d’ouvrir un peu plus tard et de fermer plus tôt », mentionne Thanh Nguyen, qui travaille au dépanneur Grignoterie. « Les clients viennent surtout acheter le journal et vont se prendre un petit gâteau ou un chocolat », dit-il. Lorsqu’il a vu que la situation s’aggravait, il a lui aussi fouillé pour dénicher de quoi se bâtir une protection. « J’ai trouvé ce morceau de plastique que Loto-Québec nous avait donné il y a quelques années pour le présentoir à loterie. Il était neuf, alors je l’ai attaché à deux bouts de bois », explique M. Nguyen. Il confie avoir aussi des masques et des gants, mais a décidé de ne plus les porter. « L’autre jour, je portais un masque et mes clients ont été effrayés. Ils ont cru que j’étais malade », dit-il. Photo: Marie-France Coallier Le Devoir Les terminaux de paiement sont désinfectés après chaque utilisation. Forte pression Travaillant 7 jours sur 7, pour « dépanner » ceux qui ont oublié d’acheter leur pinte de lait ou pour briser l’isolement des plus vulnérables qui viennent acheter bières et cigarettes, les propriétaires confient qu’ils trouvent cette période de pandémie particulièrement difficile sur le plan financier. « Il y a moins de gens qu’à l’habitude. Je n’ai pas encore fait le calcul, mais nos revenus ont baissé, c’est sûr », témoigne William Meng, propriétaire du dépanneur Rosie. Avec le confinement requis, la vente de bières a considérablement baissé et Loto-Québec a également suspendu les ventes de loterie en magasin. « La pression économique est forte. Il faut penser au loyer, aux frais d’électricité et être en mesure d’écouler nos produits pour ne pas faire trop de pertes », confie M. Meng, qui a pris la décision de finalement fermer son dépanneur le dimanche. Le reste de la semaine, il entend être là pour le voisinage. « Les gens sont très gentils et reconnaissants qu’on soit là pour eux. L’autre jour, un pompier de la caserne est passé acheter pour 30 $ et il nous a laissé 10 $ de pourboire pour nous remercier d’êtrelà, ça m’a beaucoup touché », souligne M. Meng, qui confie au Devoir que toute sa famille travaille dans un service essentiel : sa femme est pharmacienne, sa fille est nutritionniste et son fils étudie en médecine. Photo: Valérian Mazataud Le Devoir William Meng s’est construit un panneau protecteur pour continuer à accueillir ses clients en sécurité.",4420
1 journaliste,Emilie Nicolas,une chronique société,2019-09-19,https://ledevoir.com/opinion/chroniques/562924/les-paroles-legitimes,Les paroles légitimes,"La participation de Maxime Bernier, chef du Parti populaire du Canada (PPC), aux débats des chefs des 7 et 10 octobre prochains a été acceptée in extremis selon une série de critères bien précis, tous dépourvus de considération politique. Lundi, le chef de la commission responsable de l’organisation des débats des chefs, David Johnston, a convenu que le Parti populaire de Maxime Bernier avait « une chance légitime de remporter des sièges », ce qui le rend admissible à l’exercice. Les analystes dissèquent la pertinence des critères de la Commission aux débats des chefs et les incidences de la nouvelle sur les chances de chaque parti de l’emporter. On reconnaît que les idées de Bernier jurent avec le « vivre ensemble » qu’on aimerait consensuel au Canada. Mais on soutient que la décision de donner de la visibilité au PPC ne devrait pas être éthique, mais statistique, bref, « objective ». Aux personnes préoccupées par la normalisation des idées d’extrême droite, on répond qu’il est légitime de donner le crachoir à un homme dont les idées sont partagées par une partie substantielle de la population. En théorie, l’argument tient la route. Dans la pratique, les tribunes qui ont une aura de légitimité et d’autorité disposent d’espace et de ressources limitées. Tous les jours, des personnes qui y travaillent priorisent les discours, rejettent les contributions des uns et amplifient la parole des autres en fonction de ce qu’elles jugent contribuer à la bonne information du public et à la saine démocratie. On subventionne des projets, on réduit les fonds d’autres projets. Ces décisions sont prises en fonction de valeurs, explicites ou tacites. Si on veut appeler ce processus « censure », eh bien, soit ! Il se fait quotidiennement, en démocratie, de la « censure ». Il existe encore, par exemple, bien des gens au Canada qui croient que les gais et lesbiennes ne devraient pas avoir accès à l’enseignement primaire et secondaire, afin de ne pas « corrompre » les enfants avec leur « déviance ». On ne leur accorde pas, par contre, beaucoup de temps d’antenne. On n’invite pas non plus les climatosceptiques sur tous les plateaux de télévision pour rendre « objectif » le traitement de la cause environnementale, et les masculinistes ne viennent pas « équilibrer » chaque segment sur le mouvement #MoiAussi. Des collaborateurs à des émissions de toutes sortes ont perdu leurs tribunes pour avoir tenu des propos jugés inappropriés en ondes ou sur les médias sociaux. Les partis politiques font de même avec leurs candidats, et il ne se passe pas une élection sans qu’un quidam soit mis à la porte pour des déclarations jugées inacceptables. Au Québec, on est particulièrement prompt à demander que des propos soient éjectés de l’espace public — lorsqu’il s’agit de Québec bashing. On se souviendra du scandale ayant entouré la fameuse couverture du Maclean’s associant la corruption avec le Bonhomme Carnaval ou de la pression exercée — avec succès — sur CBC pour qu’il retire une émission qui ne représentait pas la bataille des plaines d’Abraham au goût des francophones. Des dénonciations unanimes de l’Assemblée nationale aux demandes de démission ou d’excuse lancées par des personnalités publiques importantes, on ne se gêne pas pour déclarer que les limites de la liberté d’expression ont été dépassées si on juge que la dignité nationale est en jeu. Lorsqu’il s’agit de racisme ou de transphobie, pour ne nommer que ces questions, on croit toutefois encore souvent que la meilleure façon d’informer le public, c’est de présenter le pour et le contre. Ceux qui posent la question des conséquences de la diffusion des idées proches de l’extrême droite, comme celles du Parti populaire, sont caricaturés comme des censeurs, des faiblards trop « sensibles » pour voir leurs idéaux contrariés ou des imbéciles trop incapables d’articuler leurs positions pour souhaiter en débattre raisonnablement. C’est ce double standard qui agace plus que tout. Comment éviter de conclure qu’il existe des citoyens de seconde zone lorsqu’on voit « censurés » les propos qui heurtent les groupes les mieux représentés et soumises au débat les idées qui s’en prennent aux autres ? La question dépasse largement le contexte du seul débat des chefs. En 2019, on défend la place grandissante sur la place publique des Maxime Bernier de ce monde en répétant que l’exposition au plus grand nombre de points de vue favorise nécessairement la libre-pensée. Du même coup, on se cache derrière la liberté d’expression pour refuser toute réflexion sérieuse sur les conséquences de la diffusion à grande échelle de certaines idéologies. Permettez-moi d’y déceler un paradoxe certain. Et si un parti fédéral souhaitait l’abolition du français comme langue officielle, applaudirait-on tout autant à son inclusion au débat des chefs ? J’en doute fort. Je ne crois pas non plus qu’on court-circuiterait la réflexion en donnant l’étiquette de « censeurs » à ceux qui s’inquiéteraient publiquement des conséquences possibles. ",5014
1 journaliste,Éric Leblanc,une chronique sportive,2023-02-10,https://www.rds.ca/football/nfl/je-dois-tout-a-mon-grand-frere-1.16629084,"Super Bowl : « Quand je dis que je dois tout à mon grand frère, c'est vrai » - Travis Kelce","« Quand je dis que je dois tout à mon grand frère, c'est vrai. » Travis Kelce est un homme intense dans tout ce qu'il fait dans la vie. Avec cette phrase, lancée devant les médias jeudi, l'ailier rapproché des Chiefs de Kansas City a parlé avec son cœur pour rendre hommage à son frère, Jason, le centre des Eagles de Philadelphie. La première confrontation entre deux frères, dans l'histoire du Super Bowl, était déjà sur toutes les lèvres. Mais cette trame narrative devient nettement plus intéressante quand on recule de 13 ans. En 2010, Travis Kelce a été suspendu par l'Université Cincinnati alors qu'il devait y disputer sa deuxième saison. De la consommation de marijuana et sa tendance à trop faire la fête avaient mené à cette décision. « Quand j'ai été suspendu de l'équipe, j'ai perdu ma bourse. Donc je suis allé demeurer à l'appartement de mon frère et je dormais dans la même chambre que lui. Je ne payais pas le loyer et il m'aidait aussi avec la nourriture. Il a été ma bouée de sauvetage », a confié Travis Kelce qui est âgé de 33 ans. « Il a décidé de parler à plusieurs de mes entraîneurs pour que j'obtienne une autre chance. Il a mis notre nom sur la table et sa propre réputation en jeu », a-t-il poursuivi avec reconnaissance puisque sa carrière aurait pu prendre fin à ce moment ce qui aurait privé le football de ce spécimen unique. Kelce a plutôt renoué avec l'action en 2011 et il a été sélectionné en troisième ronde par les Chiefs en 2013. Dès que Kelce a été repêché, Andy Reid s'est empressé de l'appeler pour le féliciter, mais il a immédiatement voulu parler au grand frère. La légende veut que Reid ait imposé la mission à Jason Kelce de surveiller son petit frère pour qu'il demeure sur le droit chemin afin qu'il ne bousille pas sa carrière. « D'abord, on n'a pas retenu la même version de cette histoire que Coach Reid », a réagi Jason Kelce, au RDS.ca, en souriant. « Travis et moi, on se souvient de cet appel comme si Andy m'avait dit d'endosser mon frère, que j'assume la responsabilité de bien le guider. Et même de l'assurer qu'il n'allait pas ruiner son avenir. Quand on lui pose cette question, Andy dit que ce n'est pas arrivé ainsi. Mais bon, puisque Travis et moi étions très excités qu'il soit repêché, je vais accepter la version d'Andy », a raconté Jason qui a 35 ans. « Andy me connaissait, j'ai joué deux ans pour lui à Philadelphie. Donc je crois que ça l'a aidé à voir plus loin que les ennuis de Travis. Il avait déjà rencontré Travis et tout le monde qui a la chance de lui parler comprend qu'il a un bon cœur et qu'il est une bonne personne », a enchaîné le sympathique grand frère. Ce récit de bienveillance n'enlève rien à l'esprit très compétitif qui habite les frères Kelce. « On rivalise pour tout ! L'amour de nos parents, les restants à l'Action de grâce, tout. Mais surtout, on apprécie la présence de l'autre », a rigolé le vétéran des Eagles admettant que Travis le dominait comme joueur de hockey. Dimanche, en fin de soirée, il y en a un qui devrait pleurer de joie et l'autre de tristesse. « Les émotions seront partagées puisque l'un sera si heureux et l'autre si triste. Même celui qui gagnera se sentira un peu mal pour l'autre », a admis Jason. Possiblement que le perdant tentera de se consoler avec les biscuits",3288
1 journaliste,Thomas Gerbet,un reportage,2021-04-02,https://ici.radio-canada.ca/nouvelle/1781895/rendez-vous-vaccination-annules-lanaudiere-manque-doses,Des rendez-vous de vaccination annulés dans Lanaudière par manque de doses | Coronavirus,"Des résidents de Lanaudière qui avaient obtenu un rendez-vous de vaccination entre le 1er et le 6 avril l'ont malheureusement vu être annulé en raison d'un manque de doses dans la région, a appris Radio-Canada. Et aucune nouvelle date ne leur a été offerte. D'impatients et excités à l'idée de recevoir leur vaccin contre la COVID-19, ils sont aujourd'hui déçus. Nous sommes vraiment désolés des inconvénients qu'occasionnent ces reports, hors de notre contrôle, et remercions nos usagers de leur compréhension et de leur collaboration, explique la porte-parole du CISSS de Lanaudière, Hélène Gaboury. « N'ayant pas reçu le nombre de doses prévues pour la période du 1er au 6 avril, nous avons dû annuler des rendez-vous. » Comme vous le savez sans doute, les rendez-vous sont accordés en fonction des doses qui nous sont livrées, explique le CISSS. Dans Lanaudière, la vaccination est ouverte aux plus de 65 ans. Une proportion de 13,7 % de la population a reçu une première dose. Avec la collaboration d'Alessandra Rigano Veuillez noter que Radio-Canada ne cautionne pas les opinions exprimées. Vos commentaires seront modérés, et publiés s’ils respectent la nétiquette. Bonne discussion ! ImportantAfin de favoriser des discussions riches, respectueuses et constructives, chaque commentaire soumis sur les tribunes de Radio-Canada.ca sera dorénavant signé des nom(s) et prénom(s) de son auteur (à l’exception de la zone Jeunesse). Le nom d’utilisateur (pseudonyme) ne sera plus affiché. En nous soumettant vos commentaires, vous reconnaissez que Radio-Canada a le droit de les reproduire et de les diffuser, en tout ou en partie et de quelque manière que ce soit. Vous avez repéré une coquille? Vous êtes témoin d’un événement? Vous avez des questions sur notre travail? Le chef d'orchestre Jacques Lacombe succède à Boris Brott, mort tragiquement en avril dernier. À Montréal, le vieux pont Champlain s'étirait sur 3,4 kilomètres. Sa structure de béton et d'acier menaçait de s'effondrer. Il a eu besoin de trois manches pour vaincre le 74e joueur mondial 4-6, 6-1 et 6-4. Une personne sur quatre vit en situation d'insécurité alimentaire sur l'île de Montréal. Certains suspects sont liés aux Hells Angels, a indiqué la SQ qui anticipe d'autres arrestations prochaines. Laval accueillera le septième et dernier match de la Série de la rivalité. La province a publié les données de l’activité virale pour la semaine du 29 janvier au 4 février. Les patients devront se tourner vers un programme centralisé et virtuel. La Saskatchewan composait avec un taux élevé d'infections à la COVID-19 durant cette période. C'est la quatrième personne au Québec accusée au criminel pour fabrication de faux documents vaccinaux. L’entreprise biopharmaceutique Medicago avait développé le vaccin Covifenz, rejeté par l'OMS. Le ministre fédéral des Transports, Omar Alghabra, affirme que ces mesures sont nécessaires. ",2906
1 journaliste,Améli Pineda,un reportage judiciaire,2020-03-13,https://www.ledevoir.com/societe/571522/un-assassin-libere-de-prison-recidive,Le meurtre de Sainte-Foy était-il évitable?,"La Commission des libérations conditionnelles du Canada (CLCC) se retrouve sous les projecteurs pour avoir permis à un homme, qui a tué sa conjointe en 2004, de rencontrer des femmes, « mais seulement afin de répondre à ses besoins sexuels ». Conséquence tragique de cette décision, le meurtrier a récidivé et tué jeudi une travailleuse du sexe dans un hôtel de Sainte-Foy, à Québec. « Quand un homme a un historique de violence conjugale, il faudrait considérer qu’il représente un risque pour toutes les femmes. Comment peut-on arriver à l’autoriser à des contacts, mais seulement avec des travailleuses du sexe ? Comment peut-il y avoir des femmes qu’on est prêts à mettre à risque ? » questionne Simon Lapierre, professeur titulaire à l’École de service social de l’Université d’Ottawa. Eustachio Gallese a été accusé jeudi du meurtre non prémédité de Marylène Lévesque. L’homme de 51 ans s’est livré lui-même aux policiers en confessant son crime et en précisant l’endroit où se trouvait le corps de la victime. La femme était une travailleuse du sexe oeuvrant dans un salon de massage érotique. Selon plusieurs sources, Gallese aurait été expulsé du salon après avoir été violent envers d’autres masseuses. La victime aurait accepté de le voir en dehors de son lieu de travail. L’accusé était en semi-liberté et pouvait fréquenter des femmes, mais seulement pour assouvir ses besoins sexuels, selon la plus récente décision de la CLCC rendue en septembre dernier. Il purgeait une peine de pénitencier après avoir été reconnu coupable du meurtre de sa conjointe en 2004, dont il avait également admis le meurtre en appelant lui-même les policiers. Il avait aussi des antécédents de violence conjugale avec une conjointe précédente en 1997. « Bien que vous disiez ne pas être prêt pour entrer en relation sérieuse avec une femme […] votre agente de libération conditionnelle a souligné qu’une stratégie a été développée afin que vous puissiez rencontrer des femmes, mais seulement afin de répondre à vos besoins sexuels », écrivent les commissaires. Le meurtrier devait toutefois faire « preuve de transparence ». Une des conditions qui lui a été imposée était de déclarer toutes ses « relations intimes », ce qui fait bondir la directrice générale de l’organisme Chez Stella, qui vient en aide aux travailleuses du sexe. « Le sexe n’est pas un droit. Aucune charte canadienne ne considère le sexe comme un droit à respecter », souligne Sandra Wesley. Selon elle, les commissaires étaient conscients que cette condition était inhabituelle. « La Commission s’attend à ce que cette grille d’analyse qui a culminé à cette approche soit réexaminée », peut-on lire dans la décision de la CLCC. Pour Geneviève Quinty, directrice du Projet intervention prostitution Québec, les travailleuses du sexe ont l’impression d’avoir été considérées comme des femmes de moins grande valeur. Elle souligne également la subtilité des commissaires pour ne jamais suggérer explicitement qu’on parle de travailleuses du sexe. « Ils devaient être conscients qu’ils ne pouvaient pas l’orienter noir sur blanc vers l’achat de services sexuels », dit Mme Quinty. Comptes exigés Québec a aussi demandé des comptes à Ottawa. La ministre de la Justice, Sonia LeBel, a fait part de son intention d’interpeller le ministre fédéral de la Sécurité publique, Bill Blair, sur les circonstances entourant cette remise en semi-liberté puisque c’est la CLCC qui est responsable du dossier. Elle croit qu’il faudrait notamment se demander si les commissaires sont « suffisamment outillés pour faire l’évaluation du risque ». Le cabinet du ministre Blair a rappelé que la protection du public est le critère prépondérant dans toutes les décisions de la CLCC. « La CLCC prend ces décisions de manière indépendante, en se fondant sur des critères établis de longue date pour promouvoir une réinsertion sociale des délinquants sécuritaire et efficace », a-t-il indiqué. Questionnée à savoir s’il est courant que les besoins sexuels d’un délinquant soient pris en considération, la CLCC a dirigé Le Devoir vers le Service correctionnel du Canada. En fin de journée, une porte-parole a indiqué que les circonstances de cette décision sont actuellement révisées. « Nous prenons ce tragique événement très au sérieux […] Puisqu’il y a présentement une enquête criminelle en cours, il serait inapproprié de fournir plus de détails sur ce cas », indique Patricia Jean, du Service correctionnel du Canada. Avec Hélène Buzzetti et La Presse canadienne",4505
1 journaliste,Améli Pineda,un reportage judiciaire,2020-06-08,https://www.ledevoir.com/societe/579975/observations-sur-la-peine-ugo-fredette-se-compare-a-guy-turcotte,Ugo Fredette se compare à Guy Turcotte,"Les audiences sur la peine du meurtrier Ugo Fredette se sont amorcées lundi avec de troublantes déclarations alors que le procès se poursuit, en partie, virtuellement en raison de la pandémie. En attendant la reprise de l’audience, l’accusé s’est notamment comparé à Guy Turcotte en disant que « quand tu passes par là, tu comprends [les gestes qu’il a posés] ». « Ça peut arriver à n’importe qui », a laissé entendre l’homme de 44 ans qui a été reconnu coupable en octobre dernier des meurtres de son ex-conjointe, Véronique Barbe, et d’un automobiliste croisé par hasard, Yvon Lacasse. Les meurtres avaient été perpétrés le 14 septembre 2017 et avaient donné lieu à la plus longue alerte Amber déclenchée au Québec. Ugo Fredette avait pris la fuite avec un enfant de six ans et avait finalement été intercepté en Ontario. Avec la reprise graduelle des activités des palais de justice, le procès d’Ugo Fredette peut être suivi par visioconférence. Or, à deux reprises lundi, la caméra et le micro de la salle à partir de laquelle le meurtrier comparaît sont demeurés ouverts. Tandis qu’il attendait l’arrivée de la juge et des avocats, Ugo Fredette a discuté probablement avec un gardien. Il lui a raconté plusieurs anecdotes de la vie carcérales et y est même allé de confidences. « Quand c’est arrivé à [Guy] Turcotte, je me disais “comment est-ce qu’il a fait pour faire ça ?” Ça n’a pas de bons sens, ses deux enfants […] C’est sur que ça m’a joué dans la tête, mais quand tu passes par là, tu comprends », a-t-il lancé. L’homme a même émis une hypothèse sur les motivations de l’ex-cardiologue reconnu coupable des meurtres non prémédités de ses deux enfants. « C’est parce que lui dans sa tête, j’imagine qu’il a dû se dire, je vais punir [mon ex-conjointe] sévèrement, pis la pire punition c’est les enfants », dit-il. Le tueur a aussi évoqué son amitié avec le meurtrier Guillaume Gélinas, lui aussi reconnu coupable d’un double meurtre. « C’est un de mes chums. C’est un gars vraiment fin. Je ne savais même pas ce qu’il avait fait », dit-il. « C’est quand il est allé à la cour, j’ai vu son nom apparaître dans les médias, je me suis dit Mon Dieu, il n’a pas l’air d’un gars qui a fait ça », a-t-il poursuivi. Ugo Fredette venait d’évoquer brièvement Véronique Barbe, qu’il a décrite comme « celle qui est décédée », ainsi qu’une autre ex-conjointe, lorsque la conversation a été interrompue pour la reprise de l’audience. Quelques minutes plus tôt, Ugo Fredette était impassible devant le témoignage du Dr Gilles Chamberland, qui a été mandaté par la poursuite pour évaluer la dangerosité du meurtrier. L’expert a décrit Ugo Fredette comme une personne ayant un trouble de la personnalité narcissique. L’accusé se présente comme une victime, a peu d’empathie et estime se retrouver au cœur de situations injustes. « Le potentiel de réadaptation de [Ugo Fredette], selon les informations disponibles, nous permettent de voir qu’il est à peu près nul à court terme », a déclaré le Dr Chamberland. Pendant la pause du dîner, les avocats ont pris connaissance des paroles prononcées par Ugo Fredette après la publication d’un article dans La Presse. Le quotidien y rapportait une autre conversation tenue en matinée, avant le début de l’audience virtuelle. Ugo Fredette a entre autres relaté sa rencontre avec le meurtrier Eustachio Gallese, qui a plaidé coupable en février dernier au meurtre prémédité de Marylène Lévesque. Il a raconté avoir réussi à l’empêcher de se faire tabasser en lui suggérant d’appuyer sur le bouton panique. La défense a de son côté a fait entendre le psychiatre Louis Morissette, qui estime que, bien qu’Ugo Fredette présente des traits narcissiques, il n’est pas atteint d’un trouble. « Il est vrai que l’empathie, ce n’est pas la qualité première de monsieur, mais le trait narcissique n’est pas présent dans toutes les sphères de sa vie », a analysé le Dr Morissette. La juge Myriam Lachance devra déterminer la période d’incarcération que devra purger Ugo Fredette avant d’être admissible à une libération conditionnelle. La défense demande 25 ans, alors que la poursuite réclame plutôt une peine cumulative de 50 ans. Depuis 2011, le Code criminel permet aux juges qui le souhaitent de prendre en compte chaque condamnation pour meurtre dans leurs sentences. À l’époque, on avait ajouté cette disposition pour châtier davantage les auteurs de meurtres multiples. Les observations sur la peine se poursuivent mardi au palais de justice de Saint-Jérôme.",4493
1 journaliste,Emilie Nicolas,une chronique société,2019-02-21,https://ledevoir.com/opinion/chroniques/548282/sans-justice-pas-de-paix,"Sans justice, pas de paix","On s’est beaucoup préoccupé cette semaine du sort des Canadiens empêchés de rentrer au bercail par les manifestations en Haïti. Pendant ce temps, une petite famille faisait malgré elle le chemin inverse et atterrissait à Port-au-Prince en plein coeur de la crise politique qui secoue le pays. Stéphany, 11 ans, et son père Emanes comptent parmi les derniers demandeurs d’asile expulsés de Montréal avant le moratoire sur les expulsions instauré vendredi. Arrivés en Haïti mercredi dernier, ils n’ont d’abord eu d’autre choix que de dormir au commissariat de police, avant d’être accueillis chez des amis. Avec les bouleversements dans la capitale, l’accès à l’eau potable et à la nourriture a été difficile. Frantz André, un organisateur communautaire qui assiste les demandeurs, me raconte que la jeune Stéphany est déjà malade, à peine quelques jours après son expulsion. On pourrait penser que les choses reviendront à la normale pour cette famille expulsée et pour le pays, alors que les manifestations se font plus calmes et que les écoles et les commerces rouvrent leurs portes peu à peu. Mais il serait naïf de croire que la crise politique en Haïti est ainsi terminée. Au recensement de 2012, plus de six millions d’Haïtiens (59 % de la population) vivaient sous le seuil de la pauvreté fixé à 2,41 $ par jour, et plus de 2,5 millions d’entre eux (24 %) vivaient sous le seuil de l’extrême pauvreté, soit avec moins de 1,23 $ par jour. Essentiellement, le peuple a faim. Très faim. Et les taux d’inflation et de chômage catastrophiques ne font qu’accroître la difficulté d’accès aux denrées de base. Haïti est aussi l’un des pays du monde où les écarts de richesse sont les plus vertigineux, et la corruption y est depuis longtemps documentée comme un problème endémique. Depuis l’été dernier, le fonds Petrocaribe mobilise une révolte populaire : 3,8 milliards de dollars prêtés par le Venezuela pour financer des projets sociaux ont été dilapidés par une partie des élites haïtiennes, y compris par plusieurs élus et proches de la formation politique au pouvoir. Mais cette affaire n’est au fond que le dernier d’une longue liste de scandales de détournements de fonds par des ONG, des entreprises et des politiciens locaux et étrangers, qui alimentent un conflit social aux racines profondes. Pendant ce temps, le « Core Group » de puissances internationales impliquées en Haïti, dont le Canada, reproche aux manifestants de manquer de respect envers les institutions démocratiques et d’alimenter un problème sécuritaire. L’analyse de fond demeure au second plan. On oublie, comme le disait Martin Luther King Jr., que la véritable paix ne tient pas qu’à l’absence de tensions. Elle requiert impérativement la présence de justice. La Police nationale d’Haïti — qui collabore étroitement avec la Gendarmerie royale du Canada — peut bien mater des manifestations. Tant que la majorité sera tenaillée par la faim et que les élites du pays comme les puissances internationales se préoccuperont plus de leurs propres sécurité et prospérité que des besoins de base de la population, il ne saurait y avoir de fin de crise. On pourra seulement être témoins de quelques accalmies entre les inévitables tempêtes de colère légitime. Dans les circonstances, on ne peut rester passifs devant la fermeture des frontières ici, au Canada. Depuis l’été 2017, quand l’arrivée de demandeurs d’asile à Lacolle est devenue un dossier chaud de l’actualité québécoise, la proportion de familles haïtiennes acceptées diminue chaque année, et la liste des entorses à leurs droits ne cesse de s’allonger. L’accès aux avocats compétents est difficile, des enfants sont séparés de leurs parents, des demandeurs d’asile sont maintenus en détention sans motif apparent et on expulse des gens à la hâte sans que les recours possibles aient été épuisés. « Notre système d’évaluation du statut de réfugié est complètement arbitraire, déplore M. André. Les avocats devinent souvent l’avenir d’une personne simplement en constatant quels commissaires à l’immigration ont été choisis pour juger d’un dossier. » Emanes et Stéphany, qui demeuraient au Québec depuis trois ans, auraient peut-être eu un autre destin s’ils étaient tombés sur un commissaire un peu plus clément. Ils auraient peut-être au moins obtenu que la jeune fille puisse terminer son année scolaire avant de quitter Montréal. Avant son départ forcé pour Haïti, Stéphany a confié à l’une de ses enseignantes qu’elle allait continuer à se concentrer sur ses études jusqu’à ce qu’elle puisse faire elle-même une demande, à 18 ans, pour revenir au Québec. Espérons qu’avant d’en arriver là une mobilisation de la société civile, à partir de Montréal, poussera le Canada à traiter ces réfugiés avec un peu plus d’humanité. Souhaitons aussi qu’on ait osé regarder de front, ici comme là-bas, la crise sociale, économique et politique qui menace le peuple haïtien. Car on ne pourra jamais sortir de l’impasse avec de simples appels au calme et des interventions policières. ",5010
1 journaliste,Emilie Nicolas,une chronique société,2020-07-09,https://ledevoir.com/opinion/chroniques/582113/le-nouveau-condom,Le nouveau condom,"Le président du Brésil, Jair Bolsonaro, est officiellement atteint de la COVID-19 depuis mardi. Bolsonaro, c’est l’homme qui déclarait encore, il n’y a pas si longtemps, que la nouvelle maladie n’était qu’un « petit rhume ». Celui qui dénigre le port du masque, qui organise de grands rassemblements politiques sans mesures de distanciation physique et qui congédie les experts en santé publique qui osent exprimer leur désaccord. Sous la gouverne de cet autoritariste de droite aux tendances fascisantes à peine voilées, le Brésil est devenu le deuxième pays au monde parmi les plus affectés par la pandémie, avec plus de 65 000 morts déclarées. Les parallèles entre le Brésil de Bolsonaro et les États-Unis de Donald Trump se dessinent d’eux-mêmes. Dans les deux cas, on a affaire à des hommes qui se fichent ouvertement des populations qui paient le plus fort prix pour l’incurie des pouvoirs publics. Mais aussi à des hommes bien préoccupés par leur image d’hommes « forts ». Trop « forts » pour s’inquiéter de ça, les virus, la maladie, la prévention, les précautions. Quand ce genre de machisme accapare la tête de l’État, les conséquences se font sentir. Aux États-Unis, les constats préliminaires montrent que les hommes en général, particulièrement les républicains, sont moins portés à porter le masque en public. Plusieurs personnages influents associent ouvertement le couvre-visage à la faiblesse, à la féminité. Un champ lexical proche des insultes homophobes commence à être utilisé pour décrire ceux qui se préoccupent de leur protection et de celle des autres. Les experts en santé sexuelle, qui se battent depuis des décennies pour sensibiliser la population à l’usage des préservatifs, ne seront pas surpris. Dans ce domaine, plusieurs études ont déjà démontré le lien entre une certaine vision idéologique de ce que devrait être la masculinité et les comportements qui mettent les hommes et leurs partenaires à risque de propager des infections. Les gars trop machos pour mettre un condom sont-ils les mêmes qui refusent le masque aux États-Unis, au Brésil et ailleurs ? On n’a bien sûr pas encore de chiffres clairs, mais on peut s’en douter. Cette idéologie que d’aucuns nomment « masculinité toxique » fait des ravages depuis longtemps, pas seulement en temps de pandémie. Il s’agit de croire que ce qui fait de soi un homme ne réside pas dans des caractéristiques intrinsèques et inaliénables, mais plutôt dans des comportements ou une position sociale qui sont toujours à défendre, à renouveler, à prouver. On n’est pas un homme parce que l’on est soi-même, mais plutôt parce que l’on ne pleure pas, que l’on contrôle toutes ses émotions sauf la colère, parce qu’on occupe certains emplois et pas d’autres, parce qu’on a un bon salaire, une maison, une voiture, parce que l’on peut dominer d’autres personnes autour de soi, parce qu’on a des muscles, parce qu’on s’habille d’une certaine façon et pas d’une autre, et peut-être, surtout, parce que l’on ne montre jamais que l’on a peur. Car lorsqu’on parle de masques, il s’agit bien de cela, la peur. Une peur rationnelle, justifiée, du virus, qui mérite une réponse sérieuse. Si l’on n’a jamais appris que la peur fait partie du registre des émotions valides, acquises au fil de l’évolution pour guider le comportement humain, alors on sera plus enclin à rejeter le masque. La société bombarde pourtant les hommes de messages en ce sens depuis leur tendre enfance. Difficile de s’en sortir indemne. Si on y croit, alors une perte d’emploi, une insatisfaction par rapport à son statut social, au progrès des femmes ou des minorités vers l’égalité, une vulnérabilité, une émotion douloureuse ne sont pas seulement des dimensions normales de la vie, mais aussi des attaques frontales à son identité « en tant qu’homme ». Lorsqu’on adhère à cette logique, même des objets banals comme le condom ou le masque peuvent se transformer en menaces pour une partie importante de l’estime de soi. Et c’est là tout le paradoxe : on construit ces idées au nom de la force, alors qu’en définissant la force par des facteurs qui échappent toujours un peu, beaucoup, au contrôle de tout individu, on rend les hommes vulnérables. Aux ITSS, au coronavirus, mais aussi à la dépression et à l’isolement émotionnel. Cette idée qu’un « vrai homme » ne peut avoir peur et doit montrer dominance et témérité peut aussi, bien sûr, mettre en danger ses proches. Et là, on ne parle pas seulement de maladies infectieuses. Nous sommes chanceux, au Québec et au Canada, de ne pas être guidés pour le moment par des figures politiques qui mélangent trop abondamment masculinité toxique et santé publique. Cela ne veut pas dire que le phénomène épargne la culture d’ici. Si François Legault hésite à rendre le port du masque obligatoire, c’est peut-être, entre autres choses, qu’une partie de la population peut toujours tomber dans ces comportements qui se veulent des démonstrations de force tout en signalant, au fond, une bien grande vulnérabilité. ",4997
1 journaliste,Éric Leblanc,une chronique sportive,2023-01-09,https://www.rds.ca/hockey/canadiens/un-depart-genant-et-frustrant-pour-st-louis-1.16516069,LNH : Un départ gênant et frustrant pour Martin St-Louis contre le Kraken,"Dans un contexte de reconstruction, Martin St-Louis apparaît serein après la plupart des défaites. Mais celle-ci, minée par une horrible première période, il ne parvenait pas à la digérer aussi facilement. « La deuxième période et la troisième ne veulent vraiment rien dire après une première de même. C'est plate… », a sèchement commenté St-Louis avec le regard furieux. L'entraîneur a raconté que de telles performances l'achalent. Il est bien prêt à vivre avec les hauts et les bas d'une reconstruction, mais un tel manque d'engagement ne peut que faire ressortir son esprit compétitif. D'ailleurs, sa courte réponse était éloquente à savoir comment il souhaitait que ses joueurs se sentent après leur première période. « Gênés », a-t-il résumé en un seul mot. « Ils savent que je n'étais pas content », a-t-il ajouté plus tard. Avec ses quelques réponses teintées de frustration, on s'est demandé comment St-Louis aurait géré un départ aussi décevant de son équipe à son époque de joueur. On présume que ç'aurait bardé sur le banc. À ce sujet, le vétéran confrère Marc De Foy lui a demandé s'il manquait de leadership dans son groupe pour gérer un contexte comme celui-ci. « Je ne sais pas, je ne suis pas une petite mouche qui entend tout ce qui se dit dans la chambre. Mais c'est inacceptable notre première période. J'ignore si ce fut communiqué dans la chambre entre les joueurs. « On va corriger des choses, mais aussi le problème d'avoir eu une période comme ça », a assuré l'entraîneur. La réaction de St-Louis se justifiait également par le fait que son équipe venait de stopper une séquence de sept défaites avec une performance plus encourageante. « Après cette grosse victoire, on aurait dit qu'on a pris ce match légèrement. Pourtant, il n'y a aucune partie facile dans cette ligue. En plus, contre une équipe comme le Kraken qui joue très bien par les temps qui courent. Pourtant, on savait ce qui nous attendait », a confié Nick Suzuki avec incompréhension. « C'est frustrant, on joue de manière très inconstante présentement », a résumé Arber Xhekaj qui a lui-même connu une soirée décevante. Ce thème était récurrent en discutant avec les quatre joueurs (Suzuki, Xhekaj, Montembeault et Slafkovsky) qui ont rencontré les médias après le match. « On a essayé de bâtir à partir de la victoire de samedi, mais ce n'est pas arrivé. On ne jouera pas à ce niveau au prochain match, on ne l'avait pas du tout en première période. Ça nous a fait mal », a noté Slafkovsky qui a été au cœur de quelques séquences intéressantes offensivement. Le seul trio qui a connu une prestation plus convaincante demeure celui de Jake Evans, Joel Armia et Evgenii Dadonov. Ce n'était rien pour consoler l'entraîneur. « Ouais, ce trio nous procure de la constance dans leur jeu. Mais ça prend plus que ça, on avait trop de passagers dans ce match, surtout en partant », a cerné St-Louis. « On n'est pas assez bon comme équipe pour avoir des passagers », a-t-il insisté. Même s'il avait été laissé de côté depuis deux matchs, Mike Hoffman était loin d'avoir le goût de manger les bandes. Il aurait aussi fallu que Jonathan Drouin soit plus incisif dans ses actions et la liste pourrait continuer.",3191
1 journaliste,Thomas Gerbet,un reportage,2020-05-15,https://ici.radio-canada.ca/nouvelle/1703548/visiere-masque-obligatoires-directive-hopital,Visière et masque deviennent obligatoires dans plusieurs hôpitaux du Québec | Coronavirus,"Des dizaines de milliers d'infirmières, de préposés et de médecins des hôpitaux de Montréal et des régions alentour ont dorénavant l'obligation de se protéger le visage avec un masque de procédure et une visière. Radio-Canada a obtenu une directive du ministère de la Santé du Québec adressée aux PDG des CISSS, des CIUSSS et des CHU, le 13 mai. On y apprend que la mesure doit être mise en place dans les centres hospitaliers des régions suivantes : « Le masque de procédure et la visière devront être portés par tous les travailleurs de la santé (incluant les médecins), sur leur milieu de travail en centre hospitalier. » La mesure est officiellement en vigueur depuis le 13 mai, mais sur le terrain plusieurs n'en ont pas été informés par leur direction, et la mesure n'est pas encore appliquée partout. Des sources se demandent si le nombre de visières sera suffisant pour équiper tout le monde, même si celles-ci peuvent être lavées et réutilisées. Dans sa lettre, le sous-ministre Yvan Gendron explique que cette orientation émane des travaux de prévention et de contrôle des infections menés en collaboration avec la Direction générale de la santé publique. Il n'est pas précisé dans la lettre pourquoi la directive ne s'applique pas aux CHSLD. Les recommandations concernant le port du masque N95 ne changent pas. Il doit être porté lorsque le personnel de santé traite des patients en soins intensifs et pour toute intervention générant des aérosols. Au Québec, 5000 travailleurs de la santé ont attrapé la COVID-19, principalement à Montréal. De nombreuses éclosions sont survenues dans les zones froides des hôpitaux et même dans des établissements qui n'étaient pas censés recevoir des personnes infectées par le coronavirus. Veuillez noter que Radio-Canada ne cautionne pas les opinions exprimées. Vos commentaires seront modérés, et publiés s’ils respectent la nétiquette. Bonne discussion ! ImportantAfin de favoriser des discussions riches, respectueuses et constructives, chaque commentaire soumis sur les tribunes de Radio-Canada.ca sera dorénavant signé des nom(s) et prénom(s) de son auteur (à l’exception de la zone Jeunesse). Le nom d’utilisateur (pseudonyme) ne sera plus affiché. En nous soumettant vos commentaires, vous reconnaissez que Radio-Canada a le droit de les reproduire et de les diffuser, en tout ou en partie et de quelque manière que ce soit. Vous avez repéré une coquille? Vous êtes témoin d’un événement? Vous avez des questions sur notre travail? La province a publié les données de l’activité virale pour la semaine du 29 janvier au 4 février. Les patients devront se tourner vers un programme centralisé et virtuel. La Saskatchewan composait avec un taux élevé d'infections à la COVID-19 durant cette période. C'est la quatrième personne au Québec accusée au criminel pour fabrication de faux documents vaccinaux. L’entreprise biopharmaceutique Medicago avait développé le vaccin Covifenz, rejeté par l'OMS. Le ministre fédéral des Transports, Omar Alghabra, affirme que ces mesures sont nécessaires. La médiatrice préconise l'ajout de dizaines d’infirmières et la diminution de la « pression clinique ». Le nouvel observatoire dressera le portrait de l'état mental des cégépiens et des universitaires. Cet oubli fait l'objet d'une enquête et sera déclaré à tout le réseau de la santé. Présenté mercredi, le projet de loi 10 interdit le recours aux services d'agences de placement de personnel. Alors que Québec veut s'affranchir des agences privées de placement d'ici trois ans, les infirmières sont nombreuses à ne pas vouloir … Moderna travaille à des vaccins combinés contre la grippe, la COVID-19 et le virus respiratoire syncytial.",3681
1 journaliste,Emilie Nicolas,une chronique société,2019-03-21,https://ledevoir.com/opinion/chroniques/550298/ce-qu-on-n-ose-pas-dire,Ce qu’on n’ose pas dire,"Au lendemain de l’attentat terroriste de Christchurch, en Nouvelle-Zélande, plusieurs tribuns de la droite identitaire ont qualifié d’appels à la censure les analyses qui établissent des liens pourtant évidents entre la toxicité du discours public et la montée de la violence d’extrême droite en Occident. Ces défenses de la liberté d’expression haineuse ont notamment un effet sur des chefs de formations politiques canadiennes, qui craignent de désavouer une partie de leur base s’ils dénoncent clairement l’islamophobie. C’est le cas d’Andrew Scheer, qui, face au meurtre de 50 Néo-Zélandais, a d’abord exprimé des sympathies générales et condamné « ce genre de haine », sans aucune référence à l’identité particulière des victimes. Après que des critiques acerbes eurent fusé sur les médias sociaux, et même au sein de son caucus, il a finalement accepté de décrire la tuerie comme une attaque « lâche et odieuse contre la communauté musulmane ». Anecdotique, cette première hésitation ? Bien sûr que non. M. Scheer sait très bien mesurer l’importance des mots, ceux qui sont dits et ceux qui sont tus. On comprend mieux son choix initial lorsqu’on sait que le chef du Parti conservateur a nommé Hamish Marshall comme proche conseiller et président de sa prochaine campagne électorale. Marshall est un ancien dirigeant de la plateforme d’extrême droite Rebel Media, une entreprise maintes fois comparée au Breitbart News de Steve Bannon aux États-Unis. Rebel Media a perdu son mince vernis de respectabilité en 2017 lorsque sa journaliste Faith Goldy, bien connue pour sa défense d’un retour à une immigration exclusivement européenne pour le Canada, a offert une couverture sympathique du rassemblement de suprémacistes blancs qui a fait une morte et plusieurs blessés à Charlottesville, en Virginie. Depuis, les conservateurs dansent un tango inconfortable. Forcés de se distancier publiquement de la plateforme, ils savent néanmoins que ses abonnés font partie de leur base électorale. Le même jeu a pu être observé le mois dernier lors de la mobilisation de United We Roll. Le convoi de camionneurs traversait le Canada pour demander la construction de pipelines et, du même souffle, dénoncer le Pacte international pour les migrations sûres des Nations unies. La présence de plusieurs éléments d’extrême droite au sein du mouvement était bien connue, ce qui n’a pas empêché M. Scheer de prendre la parole lors de son rassemblement d’Ottawa, juste après… la même Faith Goldy. On s’est gardé d’appuyer officiellement le mouvement, mais pas au point de lui tourner complètement le dos. Ces choix stratégiques prennent tout leur sens dans le contexte de la dissidence de Maxime Bernier et de la création de son Parti populaire. M. Bernier, qui a refusé d’émettre tout commentaire sur Christchurch, semble ouvertement s’inspirer de Donald Trump pour le style de plusieurs de ses déclarations incendiaires sur Twitter — majuscules comprises. Ce qui force M. Scheer à porter encore plus attention à son aile droite. Le Parti conservateur uni de Jason Kenney, présentement en tête des élections provinciales albertaines, accueille aussi en son sein des tenants de ces mêmes idéologies. Il vient d’ailleurs d’être révélé que sa candidate pour Calgary-Mountain View s’inquiétait du « remplacement de la population blanche ». Doit-on s’étonner qu’un homme qui a mené sa dernière campagne fédérale en promettant la chasse aux « pratiques culturelles barbares » attire de tels énergumènes ? À l’instar de Kenney, Doug Ford a appuyé le mouvement des gilets jaunes canadiens, qui, contrairement au mouvement français, a dès son origine été lié à des organisations d’extrême droite. Et il a d’ailleurs été vertement critiqué l’automne dernier pour avoir refusé de se dissocier de… Faith Goldy — oui, encore elle ! —, avec qui il avait été photographié alors qu’elle était candidate à la mairie de Toronto. Ici, le Parti québécois a dû laisser partir des candidats lors de la dernière campagne pour leurs déclarations islamophobes sur les réseaux sociaux. Alors que La Meute exprimait son admiration pour la CAQ, François Legault avait dû s’en distancier, en affirmant que le groupe était « sur le bord du racisme ». L’un des leaders du groupe avait alors répliqué que Legault devait l’être tout autant, puisque La Meute s’était inspirée de la plateforme caquiste pour rédiger son propre manifeste. M. Legault pensait-il à cette frange d’électeurs lorsqu’il a avancé — avant d’être forcé de se rétracter —, juste après le deuxième anniversaire de la tuerie de Sainte-Foy, qu’il n’y avait pas d’islamophobie au Québec ? Il se passe quelque chose d’inquiétant au Canada. Il est de plus en plus difficile pour les formations politiques de droite de faire fi des sensibilités d’extrême droite dans les calculs politiques qui déterminent leurs programmes, stratégies, déclarations et silences. En ce 21 mars, Journée internationale pour l’élimination de la discrimination raciale, il est important comme toujours de dénoncer le racisme sous toutes ses formes, ce qui comprend bien sûr l’islamophobie. Surtout, il semble urgent de mettre au jour ce qui pousse des leaders à ne pas le faire, ou à obtempérer le plus discrètement possible. Il y a là une menace importante à la santé de nos démocraties. ",5287
1 journaliste,Emilie Nicolas,une chronique société,2020-03-12,https://ledevoir.com/opinion/chroniques/574753/ce-qui-nous-rend-malades,Ce qui nous rend malades,"Ce qui est bien avec cette histoire de coronavirus — parce qu’il faut bien aussi s’attarder au côté positif des choses —, c’est que l’on peut voir se déployer sous nos yeux la capacité d’action coordonnée de l’espèce humaine, les changements rapides que l’on peut apporter à nos comportements et les sacrifices que l’on est prêts à faire lorsqu’aux prises avec un sentiment d’urgence. La santé, soit au fond la peur de mourir ou du moins de souffrir, est une préoccupation universelle. Lorsqu’au nom ne serait-ce que d’un risque de tomber malade d’un virus, l’Organisation mondiale de la santé émet des consignes et des recommandations, les gouvernements suivent le pas. Les institutions nous enjoignent de rester chez nous, d’éviter les rassemblements, de limiter les contacts physiques. Nous obéissons. Il est important pour chacun de faire ce qu’il peut. Les autorités sont là pour nous protéger. Pourtant, on sait que l’action concertée est autrement plus ardue lorsque les mêmes gouvernements, institutions et compagnies qui se targuent d’avoir notre santé à cœur depuis quelques semaines sont précisément la source de nos maladies. Plusieurs pesticides encore utilisés en agriculture ici et ailleurs augmentent les risques de cancer. La pollution atmosphérique causée par les voitures et les industries a décuplé les troubles respiratoires. Les allergies se développent au contact de produits chimiques. Les microparticules de plastique se logent un peu partout dans notre organisme. Le stress en milieu de travail est directement lié aux maladies du cœur. Tout ça, dans une société riche où les changements technologiques sont invariablement présentés comme du « progrès ». Plusieurs études démontrent depuis longtemps le lien entre le manque d’espaces verts en milieu urbain et l’isolement social dû à nos modes de vie « modernes » et la multiplication des cas de dépression, d’anxiété, de suicide. On estime que 20 % des Canadiens seront atteints d’une maladie mentale à un moment ou à un autre de leur vie. Et de plus en plus de personnes n’en pouvant plus de souffrir développent une dépendance aux opioïdes. Le Centre de la toxicomane et de la santé mentale (CAMH) a estimé en 2009 le coût économique de la santé mentale à près de 51 milliards de dollars par année au Canada, notamment en coûts de soins et en perte de productivité. Comme si ce n’était pas assez, une étude de l’IRIS publiée la semaine dernière révélait une « explosion » des cas de contestation des employeurs ciblés par des réclamations à la CNESST depuis les années 1990, et donc une difficulté grandissante pour la population active à être indemnisée pour des accidents de travail. Un mouvement de professionnels de la santé, au Canada et ailleurs, met les déterminants sociaux de la santé au cœur de sa pratique. En bref, cela veut dire reconnaître que notre environnement de vie a une influence bien plus grande sur notre bien-être que la génétique. Vivre dans la pauvreté, habiter au milieu d’un désert alimentaire ou sur des sols contaminés, subir de la violence familiale ou la pression constante du stress, ne pas pouvoir utiliser le transport actif pour ses déplacements quotidiens, évoluer dans une société où les inégalités s’intensifient et où les services publics s’effritent : ce sont tous là des facteurs déterminants de notre santé par rapport auxquels nos médecins sont largement impuissants en contexte clinique. La semaine dernière, plusieurs centaines de ces médecins se sont opposés à GNL-Québec, en invoquant les risques pour la santé publique des opérations de fracturation hydraulique. On parle de cancers, de maladies cardiaques et respiratoires, entre autres. Leur voix sera-t-elle entendue par le BAPE ? Combien de projets d’exploitation des ressources naturelles, de constructions d’autoroutes, d’étalement urbain et autres bétonnages ont-ils été réalisés sans qu’on ait pris en compte leur effet non seulement sur l’environnement, mais aussi sur notre santé ? On sait qu’il y a un écart d’espérance de vie de neuf ans entre certains quartiers de l’ouest et de l’est de Montréal ? Que fait-on ? Où est l’état d’urgence, l’action concertée qui forcera le changement ? Quand se prescrira-t-on un plan sérieux d’éradication de la pauvreté ? La vérité, c’est qu’il est beaucoup plus facile pour la médecine mainstream de nous dire de manger mieux et de nous inscrire au gym, bref, de ramener toute la responsabilité du bien-être à l’individu, plutôt que de s’insurger contre les politiciens et les entreprises qui nous tuent à petit feu. Il peut être rassurant, par ailleurs, de penser que les problèmes les plus graves peuvent être évités avec un bon lavage de mains. L’état d’urgence actuel montre ce dont on est capables lorsqu’on est sérieux. Il met aussi en évidence que si tant de souffrance et de morts absurdes persistent à marquer notre existence, c’est que les principaux responsables de nos destins collectifs ne s’y consacrent pas assez. ",4955
1 journaliste,Éric Leblanc,une chronique sportive,2022-10-25,https://www.rds.ca/hockey/canadiens/la-jeune-brigade-defensive-a-montre-ses-lacunes-1.16346198,Canadiens c. Wild : La jeune brigade défensive a montré ses lacunes face au Wild,"Le Wild du Minnesota posait un problème similaire à la jeune brigade défensive du Canadien que celui des Stars de Dallas. Sans que ce soit un match affreux, le Wild a su profiter de cette confrontation pour s'approprier la victoire. Arber Xhekaj a été piégé de quelques manières par le Wild, Johnathan Kovacevic a gaffé sur un but, Kaiden Guhle n'a pas eu son aplomb du début de saison. De plus, comme vétéran, Chris Wideman n'a rien fait pour aider la cause. Ça ne laissait que David Savard et Jordan Harris, qui a joué plus de 25 minutes, pour tenir le coup contre une attaque imposante. « Ouais, c'est une équipe un peu dans le même style que Dallas. C'est un échec-avant assez simple, mais intense. Je trouve qu'on a mieux composé avec ce contexte, c'est un pas dans la bonne direction », a cerné Savard positivement. Inutile d'avoir été derrière le banc du Canadien pour comprendre que l'entraîneur Martin St-Louis n'a pas apprécié son geste d'indiscipline annulant une supériorité numérique montréalaise. « Quand on se dirige en avantage numérique, il ne faut pas donner l'occasion à l'arbitre d'imposer une punition. C'est un volet important dans un match. Que ce soit une bonne décision ou non, il ne faut pas se placer dans cette position », a noté l'entraîneur. Par contre, St-Louis considère que ses jeunes défenseurs méritent de jouer autant de minutes. « Je ne trouve pas qu'on les force, ils ont mérité leur chance de jouer dans la LNH. Comme organisation, au point où nous en sommes, on développe de jeunes défenseurs. Il y a plein d'options qui existent comme ballottage sinon. Harris et Guhle ont démontré qu'ils sont prêts, leur jeu a démontré ça. Quand les vétérans (Joel Edmundson et Michael Matheson) seront de retour, on aura des décisions à prendre. C'est de l'expérience très utile pour eux. Ils ne joueraient pas s'ils n'étaient pas prêts à notre avis », a-t-il mentionné. Sur une note plus globale de la prestation des siens contre le Wild, St-Louis n'a pas trouvé cette partie trop pénible. « Je ne trouvais pas que c'était douloureux dans ce match. Je ne suis pas content de perdre, mais on doit recommencer et le résultat n'est pas toute l'histoire », a ajouté l'entraîneur. Tandis que le capitaine Nick Suzuki a trouvé que son équipe manquait de confiance pour expliquer la production offensive timide, St-Louis a visé dans une autre direction. « On a eu beaucoup de chances, c'était plutôt égal. Pour fabriquer ces chances, ça prend de la confiance. C'est plus qu'on manquait un peu de finition. Je ne trouve pas qu'on est une équipe qui n'a pas de confiance. » En fait, le discours qui revenait le plus souvent dans le vestiaire du Tricolore, c'est qu'il importe de compter des buts « laids ». « Tu ne peux pas juste essayer de marquer des buts parfaits, ça n'arrive pas souvent dans cette ligue. On a essayé d'envoyer des rondelles devant et on avait des joueurs qui étaient présents. On en avait parlé pour obtenir des retours et étirer le temps zone offensive, on travaille là-dessus », a évoqué le pilote du CH. « Ouais, c'est toujours utile de compter de tels buts, mais je trouve surtout qu'on aurait pu éliminer les erreurs qui ont mené à leurs buts. On a causé notre perte sur ces jeux dans ce match », a déclaré Mike Hoffman qui aurait pu enfiler l'aiguille plus d'une fois.",3315
1 journaliste,Thomas Gerbet,un reportage,2020-03-30,https://ici.radio-canada.ca/nouvelle/1689801/mort-bebe-joliette-commission-droits-enquete-dpj,Mort d'un bébé à Joliette : la Commission des droits ouvre une enquête,"La Commission des droits de la personne et des droits de la jeunesse a ouvert une enquête à la suite du décès d'un enfant de deux ans à Joliette, jeudi, durant une intervention de la DPJ. L'enquête vise à déterminer si les droits de l'enfant dont la situation était en évaluation par la Direction de la protection de la jeunesse (DPJ) de Lanaudière ont été lésés, explique la Commission, dans un communiqué. Jeudi, l'enfant est décédé soudainement de détresse respiratoire, alors que les intervenants des services sociaux s’étaient absentés quelques instants de son logement. La DPJ avait découvert une famille de quatre enfants avec des infections de la peau et de la tête, dans une résidence en état d'insalubrité avancée. L'affaire, révélée par Radio-Canada, démontre que la situation de cette famille avait été signalée à la DPJ de Lanaudière en janvier. Le dossier avait été classé non urgent. Il aurait malgré tout dû être traité en quelques jours. Or, il s'est écoulé plus de deux mois avant la visite des intervenants. L'abondance des dossiers serait en cause. Au terme de cette enquête, la Commission pourra faire des recommandations à la DPJ du CISSS de Lanaudière et à toute autre instance concernée, selon les constats. L'unité des crimes majeurs de la Sûreté du Québec enquête elle aussi. Une autopsie devait par ailleurs être réalisée. Le jour du drame, la Commission sur les droits des enfants et la protection de la jeunesse avait fait une sortie publique pour faire part de ses préoccupations dans le contexte de la pandémie de coronavirus. Cette crise crée une zone de risque de maltraitance des enfants et c’est encore plus vrai dans les familles déjà touchées par diverses problématiques personnelles ou sociales, faisait valoir la commission Laurent. L’espace commentaires est fermé. Considérant la nature sensible ou légale de certains contenus, nous nous réservons le droit de désactiver les commentaires. Vous pouvez consulter nos conditions d’utilisation. ImportantAfin de favoriser des discussions riches, respectueuses et constructives, chaque commentaire soumis sur les tribunes de Radio-Canada.ca sera dorénavant signé des nom(s) et prénom(s) de son auteur (à l’exception de la zone Jeunesse). Le nom d’utilisateur (pseudonyme) ne sera plus affiché. En nous soumettant vos commentaires, vous reconnaissez que Radio-Canada a le droit de les reproduire et de les diffuser, en tout ou en partie et de quelque manière que ce soit. Vous avez repéré une coquille? Vous êtes témoin d’un événement? Vous avez des questions sur notre travail? Océanne Kahanyshyn-Fontaine est engagée activement dans des organismes de protection de l'environnement depuis plusieurs années. Elle parle de … Mariam Mahood et Malia Kenzle participent à ces jeux pour la première fois. L’événement se déroule à Saint-Jean à Terre-Neuve. Les Jeux d’hiver de la Saskatchewan se sont ouverts à Regina la fin de semaine dernière. Depuis que des ennuis de santé l’ont amené à être transporté d’urgence en ambulance aérienne, Karsen Brouillette, de Moonbeam s’est découvert … Quelque 25 000 échantillons d'ADN sont déjà analysés chaque année au Québec. La présumée victime poursuit l'ex-imprésario aux petites créances, faute de moyens financiers suffisants. La victime déplaçait des caisses dans le sous-sol d'un bar lorsque son foulard s'est pris dans un convoyeur. Ce registre recense 83 cas de personnes dont les condamnations ont plus tard été annulées. Bon nombre d'entre eux montrent au public les détails de leurs vacances, révèle un récent sondage. Les 18 à 34 ans sont deux fois plus touchés que les 55 ans et plus, selon une récente enquête.",3644
1 journaliste,Thomas Gerbet,un reportage,2020-05-26,https://ici.radio-canada.ca/nouvelle/1706602/obligation-masque-protection-oculaire-visiere-hopital-chsld-residence,Québec généralise le port du masque et de la protection oculaire dans la santé,"Une nouvelle directive du ministère de la Santé vient renforcer la protection des dizaines de milliers de travailleurs et proches aidants en centres hospitaliers, en CHSLD, en résidences ou en ressources intermédiaires et familiales. À l'exception des zones froides à l'extérieur de la Communauté métropolitaine de Montréal (CMM), la règle devient la même partout et pour tous : porter un masque médical (de procédure) et une protection oculaire (lunette de protection ou visière) pour ne pas attraper ou propager la COVID-19. Dans une lettre adressée le 25 mai aux directeurs du réseau de la santé, le sous-ministre demande que ces mesures de protection soient mises en place « dès l'entrée du bâtiment ». Sont concernés les milieux de soins suivants : Dans la CMM, l'obligation s'applique autant aux zones chaudes qu'aux zones tampons et qu'aux zones froides. Dans le reste du Québec, les zones chaudes et les zones tampons devront suivre la même directive. Seules les zones froides hors CMM pourront se limiter au masque médical. Dans la CMM, le personnel administratif devra aussi porter ces protections, sauf à l'intérieur de ses bureaux. Cette nouvelle directive vient remplacer celle du 13 mai qui imposait le port du masque et de la visière uniquement dans les centres hospitaliers du Grand Montréal. Les recommandations concernant le port du masque N95 ne changent pas. Il doit être porté lorsque le personnel de santé traite des patients en soins intensifs et pour toute intervention générant des aérosols. Au Québec, plus de 5000 travailleurs de la santé ont attrapé la COVID-19, principalement à Montréal. De nombreuses éclosions sont survenues dans les zones froides des hôpitaux et même dans des établissements qui n'étaient pas censés recevoir des personnes infectées par le coronavirus. Veuillez noter que Radio-Canada ne cautionne pas les opinions exprimées. Vos commentaires seront modérés, et publiés s’ils respectent la nétiquette. Bonne discussion ! ImportantAfin de favoriser des discussions riches, respectueuses et constructives, chaque commentaire soumis sur les tribunes de Radio-Canada.ca sera dorénavant signé des nom(s) et prénom(s) de son auteur (à l’exception de la zone Jeunesse). Le nom d’utilisateur (pseudonyme) ne sera plus affiché. En nous soumettant vos commentaires, vous reconnaissez que Radio-Canada a le droit de les reproduire et de les diffuser, en tout ou en partie et de quelque manière que ce soit. Vous avez repéré une coquille? Vous êtes témoin d’un événement? Vous avez des questions sur notre travail? La province a publié les données de l’activité virale pour la semaine du 29 janvier au 4 février. Les patients devront se tourner vers un programme centralisé et virtuel. La Saskatchewan composait avec un taux élevé d'infections à la COVID-19 durant cette période. C'est la quatrième personne au Québec accusée au criminel pour fabrication de faux documents vaccinaux. L’entreprise biopharmaceutique Medicago avait développé le vaccin Covifenz, rejeté par l'OMS. Le ministre fédéral des Transports, Omar Alghabra, affirme que ces mesures sont nécessaires. La médiatrice préconise l'ajout de dizaines d’infirmières et la diminution de la « pression clinique ». Le nouvel observatoire dressera le portrait de l'état mental des cégépiens et des universitaires. Cet oubli fait l'objet d'une enquête et sera déclaré à tout le réseau de la santé. Présenté mercredi, le projet de loi 10 interdit le recours aux services d'agences de placement de personnel. Alors que Québec veut s'affranchir des agences privées de placement d'ici trois ans, les infirmières sont nombreuses à ne pas vouloir … Moderna travaille à des vaccins combinés contre la grippe, la COVID-19 et le virus respiratoire syncytial. ",3746
1 journaliste,Thomas Gerbet,un reportage,2020-12-11,https://ici.radio-canada.ca/nouvelle/1756485/chum-eclosion-covid-hopital-virus-montreal,Le CHUM victime de sa première éclosion de COVID-19,"Le centre hospitalier de l'Université de Montréal (CHUM) fait face à une toute première éclosion depuis le début de la pandémie, a appris Radio-Canada. Plusieurs patients d'une unité de médecine interne ont été infectés. Le CHUM confirme l'éclosion, qui concerne moins de cinq patients. Selon nos informations, c'est l'unité du 18e étage nord qui est touchée, une unité de médecine interne. Cinq chambres de patients sont nouvellement libres, ce qui indique que les personnes contaminées par la COVID-19 ont été transférées dans une zone chaude. Plusieurs mesures ont été mises en place, affirme la direction, comme la désinfection complète de l'unité. « Nous testons l'ensemble des employés ainsi que tous les patients de l'unité. Nous procéderons également à des tests de dépistage réguliers sur l'ensemble de nos employés travaillant dans cette unité ainsi que sur les patients au cours des 14 prochains jours. » Toutes les visites de proches ont été annulées, sauf celles pour motifs humanitaires. Du personnel voué à la prévention et au contrôle des infections est aussi mobilisé. Selon nos sources, le CHUM s'apprête à ouvrir une deuxième unité de patients COVID-19 pour accueillir des malades d'autres centres hospitaliers. À Montréal, le nombre des hospitalisations est en hausse, avec près de 300 lits occupés par des cas de COVID-19 sur un total de 1000 disponibles. Par ailleurs, 450 employés de la santé sont en isolement ou en attente de résultats de test. Jeudi, Montréal a battu son record de nouveaux cas en une seule journée. Des hôpitaux de la métropole font encore face à des problèmes récurrents d'éclosions depuis le printemps. C'est le cas à l'Hôpital du Lakeshore, où la direction a demandé au public d'éviter ses urgences très sollicitées. Le taux d'occupation des civières est de 110 % au Lakeshore, 125 % au CHUM, 129 % à l'Hôpital général de Montréal, 146 % à l'Hôpital de Verdun et 157 % à Maisonneuve-Rosemont. Plus tôt cette semaine, le gouvernement du Québec a demandé aux centres hospitaliers de mettre en branle leur plan de délestage. Les établissements sont invités à réduire de moitié les activités normales des blocs opératoires pour libérer des lits destinés aux patients infectés par le coronavirus. Veuillez noter que Radio-Canada ne cautionne pas les opinions exprimées. Vos commentaires seront modérés, et publiés s’ils respectent la nétiquette. Bonne discussion ! ImportantAfin de favoriser des discussions riches, respectueuses et constructives, chaque commentaire soumis sur les tribunes de Radio-Canada.ca sera dorénavant signé des nom(s) et prénom(s) de son auteur (à l’exception de la zone Jeunesse). Le nom d’utilisateur (pseudonyme) ne sera plus affiché. En nous soumettant vos commentaires, vous reconnaissez que Radio-Canada a le droit de les reproduire et de les diffuser, en tout ou en partie et de quelque manière que ce soit. Vous avez repéré une coquille? Vous êtes témoin d’un événement? Vous avez des questions sur notre travail? La médiatrice préconise l'ajout de dizaines d’infirmières et la diminution de la « pression clinique ». Le nouvel observatoire dressera le portrait de l'état mental des cégépiens et des universitaires. Cet oubli fait l'objet d'une enquête et sera déclaré à tout le réseau de la santé. Présenté mercredi, le projet de loi 10 interdit le recours aux services d'agences de placement de personnel. Alors que Québec veut s'affranchir des agences privées de placement d'ici trois ans, les infirmières sont nombreuses à ne pas vouloir … Moderna travaille à des vaccins combinés contre la grippe, la COVID-19 et le virus respiratoire syncytial. ",3626
1 journaliste,Thomas Gerbet,un reportage,2020-12-18,https://ici.radio-canada.ca/nouvelle/1758328/hausse-ventes-saq-partys-illegaux-noel-ministre-dube,"Les fortes ventes à la SAQ, un indice que des  partys  illégaux se préparent?","Lors de sa conférence de presse jeudi, le ministre de la Santé du Québec, Christian Dubé, a présenté « les commandes très fortes en ce moment à la SAQ [Société des alcools du Québec] » comme un « signe » que des partys [illégaux] se préparent chez les Québécois. Il a dit que ça l'inquiétait. « J'ai entendu dire que les commandes à la SAQ sont très fortes en ce moment. Ça, ce n'est pas bon signe. Ceux qui ont déjà acheté leur alcool pour faire des partys, gardez-le pour plus tard, s'il vous plaît. » Selon les chiffres de la Société des alcools du Québec, la croissance des ventes est de l’ordre de 4 % par rapport à la même période l’an dernier, mais ça n’a rien d’exceptionnel. Il s’agit d’un niveau de croissance semblable à [celui] de l’année précédente dans un contexte hors pandémie, explique le porte-parole de la SAQ, Yann Langlais Plante. L'attrait des succursales s'explique aussi par la fermeture des restaurants et des bars. Depuis mars dernier, il y a un déplacement des ventes des titulaires de permis vers notre réseau de succursales et vers le réseau des épiciers, explique la SAQ. Enfin, la société d'État constate que le respect des mesures sanitaires en vigueur amène également les clients à prévoir leurs achats de manière à se présenter moins souvent en succursale. C'est mon cas, dit Claude Boucher, sur Twitter. Au lieu d'aller à la succursale près de chez moi pour une seule bouteille de vin, j'y vais moins souvent et j'en prends quatre. C'est exactement ce que j'ai fait hier, explique Tommy Guénard, pour ne pas y retourner durant les fêtes et éviter la cohue ! Et aucun party de prévu... plate de même. Veuillez noter que Radio-Canada ne cautionne pas les opinions exprimées. Vos commentaires seront modérés, et publiés s’ils respectent la nétiquette. Bonne discussion ! ImportantAfin de favoriser des discussions riches, respectueuses et constructives, chaque commentaire soumis sur les tribunes de Radio-Canada.ca sera dorénavant signé des nom(s) et prénom(s) de son auteur (à l’exception de la zone Jeunesse). Le nom d’utilisateur (pseudonyme) ne sera plus affiché. En nous soumettant vos commentaires, vous reconnaissez que Radio-Canada a le droit de les reproduire et de les diffuser, en tout ou en partie et de quelque manière que ce soit. Vous avez repéré une coquille? Vous êtes témoin d’un événement? Vous avez des questions sur notre travail? Un registre de condoléances est mis en ligne et accessible au grand public. La société d’État versera au gouvernement du Québec un dividende de 3,4 G$. La pénurie d'enseignants explique le non-respect de l'engagement, dit le premier ministre du Québec. La Ligue de hockey junior majeur du Québec s’engage à briser la culture du silence au sein de ses équipes. Le conseil municipal de Grande Prairie se prononcera le mois prochain sur ce sujet. Elle était la députée de Vancouver-Mount Pleasant et la première femme autochtone à avoir siégé à l’Assemblée. On a appris dans La Presse que Loto-Québec envisage de créer un grand salon de jeu avec des centaines de machines à sous, dans un local … Entrevue avec Jean-François Bergeron, président et chef de la direction, Loto-Québec À une époque pas si lointaine, de nombreux Gaspésiens passent l'hiver dans l'arrière-pays, alors que l'industrie forestière fait ses premiers … Le conjoint de Joyce Echaquan fait un voyage intérieur sur le territoire. Le concept qui vise à mieux organiser l’espace urbain est devenu la cible de théories du complot. Départ de Frédérique Baudemont du RSFS, la mairesse de Regina réagit à la lettre publiée le 17 février. 6.7M$ pour le logement à Saskatoon et …",3622
1 journaliste,Améli Pineda,un reportage judiciaire,2021-04-22,https://www.ledevoir.com/societe/613263/agression-sexuelle-le-processus-judiciaire-a-ete-reparateur-pour-lea-clermont-dion,Le processus judiciaire a été «réparateur» pour Léa Clermont-Dion,"Bien qu’elle le qualifie d’imparfait et de mésadapté, le processus judiciaire s’est avéré réparateur pour l’autrice Léa Clermont-Dion, qui lève le voile sur son identité quatre ans après avoir porté plainte afin de témoigner de son parcours dans le système de justice et de contribuer à l’améliorer. « J’ai le goût d’en parler, de pouvoir échanger avec d’autres femmes, pour faire œuvre utile. Avec du recul, je n’ai plus honte de l’avoir fait », témoigne Léa Clermont-Dion dans une entrevue accordée au Devoir la veille du verdict. ﻿ En octobre 2017, dans la foulée du mouvement #MoiAussi, elle a porté plainte pour agression sexuelle contre l’ex-journaliste et fondateur de l’Institut du Nouveau-Monde, Michel Venne. L’homme a été reconnu coupable mercredi d’agression sexuelle et d’exploitation sexuelle. « Peu importe l’objet du jugement, je suis en paix », a-t-elle assuré. « Le processus a été pour moi comme une randonnée. Aujourd’hui, je suis au sommet de la montagne et je vois le paysage, mais il y a eu des bouts où j’ai manqué de souffle. » Tout juste avant que le verdict soit rendu, Léa Clermont-Dion a donc demandé au juge Stéphane Poulin que l’interdit de publication sur son identité soit levé. La femme de 30 ans a d’ailleurs documenté les coulisses de son procès dans le cadre de son documentaire T’as juste à porter plainte, qui sera diffusé à la fin de l’été sur Noovo. « Le documentaire a contribué à ma réparation. Le fait d’avoir discuté avec une trentaine de victimes, ça m’a aidée parce que j’ai réalisé que je ne suis pas seule, que ce n’était pas personnel à moi, que ça me dépasse largement et ça m’a fait à la fois relativiser les choses et cela [m’a motivée] à contribuer à les changer », explique-t-elle. La méconnaissance du processus judiciaire l’a particulièrement marquée. « Ça m’a pris deux ans [pour] comprendre le fonctionnement du système. Au début, j’étais toute mêlée, je ne savais pas ce qu’était une enquête préliminaire, ce que ça impliquait », témoigne celle qui souligne avoir eu la « chance » de tomber sur un procureur dévoué et à l’écoute. Cette incompréhension contribue selon elle à faire vivre aux plaignantes des montagnes russes d’émotions. « Une victime n’a pas de contrôle sur le processus, alors pourrait-on au moins lui donner les connaissances pour qu’elle se sente informée ? Ça contribuera à rendre le tout moins anxiogène », dit-elle. Un système mésadapté Elle souligne aussi la disproportion des moyens entre l’accusé et la victime alléguée. « Le système est mésadapté. Ce n’était pas ma poursuite, c’était celle de la reine. Ce n’est pas mon avocat, c’est le procureur de la Couronne. Ce qui manque dans le processus, c’est un avocat indépendant qui puisse conseiller la victime, parce que l’accusé de son côté bénéficie de conseils », note-t-elle. Après avoir été contre-interrogée pendant deux jours et demi, Léa Clermont-Dion confie s’être sentie envahie par la honte et la frustration. « La colère s’est atténuée, je ne le prends plus personnel et, aujourd’hui, je suis vraiment sereine. Avec du recul, je comprends que les avocats de la défense font leur job et ils sont très bien payés pour ça, mais je ne suis pas d’accord avec leurs méthodes, que je trouve inadéquates dans des dossiers d’agression sexuelle. Aucune victime ne devrait avoir à se sentir coupable ou honteuse d’avoir dénoncé », souligne-t-elle. Elle s’inquiète également du traitement des victimes issues de milieux sociaux, culturels et économiques différents, pour qui le processus est un parcours du combattant. « Un procès est une joute exigeante, où ce qu’on dit est scruté à la virgule près, et je pense à des femmes dans des situations précaires, dont le français n’est pas la langue première, et pour qui leur passage en cour sera un des moments les plus pénibles de leur vie et je me demande pourquoi, pourquoi on leur fait vivre ça ? », questionne-t-elle. À 30 ans, malgré les hauts et les bas, à travers les moments où elle se sentait confiante et ceux où elle avait l’impression d’être en miettes, Léa Clermont-Dion ne regrette pas de s’être embarquée dans le processus judiciaire. Par contre, son expérience lui confirme qu’elle n’aurait jamais été capable de le faire à 17 ans, lorsque les événements allégués se seraient produits. « C’est un grand paradoxe. La Léa de 17 ans serait passée dans le tordeur et ça aurait pu être très destructeur comme processus. Aujourd’hui, j’ai été bien encadrée et entourée et ça aura été un processus réparateur », conclut-elle.",4516
1 journaliste,Emilie Nicolas,une chronique société,2020-01-23,https://ledevoir.com/opinion/chroniques/571345/pour-la-securite-des-femmes,Pour la sécurité des femmes,"Depuis que j’ai commencé à évoluer dans le milieu féministe québécois, je n’ai vu aucune question déchirer autant les femmes que les enjeux liés à l’industrie du sexe et à l’exploitation sexuelle. Ça se comprend. Après tout, il est question de la sécurité des personnes et de la sauvegarde de leur dignité, dans ce qu’elles ont de plus intime. Les lois qui touchent à ces réalités sont adoptées par des élus qui n’ont aucune expérience personnelle de ce dont il est pourtant question. Et pour plusieurs femmes et pour leurs proches, ces décisions politiques peuvent être une question carrément de vie ou de mort. À la Commission spéciale sur l’exploitation sexuelle des mineurs créée par l’Assemblée nationale, les émotions sont à fleur de peau. On y partage l’histoire de jeunes filles qui ont vécu des violences inouïes. Comment rester insensibles face à de tels récits et à la douleur des familles ? Devant de telles épreuves et de tels traumas, il est tout à fait humain — et louable — pour les survivantes, leurs proches et les intervenants de souhaiter que personne d’autre n’ait à vivre des violences similaires. Le hic, c’est que le trauma amène le cerveau humain à être en constant état d’alerte et à percevoir partout des dangers. Lorsqu’on laisse la douleur guider seule tous ses raisonnements, ses analyses et ses réactions, on peut en venir à tomber dans une vision manichéenne de la réalité et remplacer une évaluation complexe des enjeux sociaux en cause par des jugements absolutistes. Et même si ça règle peu de choses, en somme. À partir, donc, de la révolte devant la violence sexuelle subie par de jeunes filles mineures, on croit pouvoir conclure au meilleur plan d’action pour l’industrie du sexe dans son ensemble et comprendre la situation de toutes les prostituées, peu importe leur âge, leur situation et leur parcours de vie. D’un côté, il y a les victimes, et de l’autre, les vautours. Ce serait simple comme ça. Partout. Tout le temps. Et on souhaite envoyer la police, tels des superhéros de Marvel, chasser les vautours. On serait pourtant bien en peine de faire la démonstration que la criminalisation, l’incarcération et la multiplication des opérations policières ont jamais été la solution idéale pour endiguer les problèmes sociaux complexes posant un risque pour la vie des plus vulnérables. Depuis des décennies, des femmes dans l’industrie du sexe expliquent que la criminalisation des clients les met en danger. Elles racontent comment un client qui se sent potentiellement traqué par la police les amène dans des endroits reculés, où il y a peu de témoins, et donc peu de protection. Quand les « superhéros » s’en mêlent, on ferme les salons de massage, les maisons closes, on empêche l’accès aux hôtels, bref, à tous les lieux dans lesquels les femmes peuvent exercer un plus grand contrôle de leur sécurité. Nos lois menacent régulièrement ces mêmes femmes d’être évincées de leur logement. Elles empêchent aussi celles qu’on persiste à voir en bloc comme des victimes absolues d’avoir accès aux mêmes outils qui ont permis d’améliorer la sécurité au travail dans tant d’autres milieux. Négocier ses conditions par un intermédiaire, s’organiser en groupe ou utiliser la technologie pour trier les clients revient bien souvent, au sens de la loi, à faire de la promotion des services, bref, à être un pimp. Les mesures mises en place pour contrer la méchanceté des vautours ont plutôt pour effet de désarmer celles qu’on veut protéger. On se défend de vouloir stigmatiser les femmes et de viser seulement les clients… Comme si la guerre aux dealers n’avait jamais mis en danger les simples usagers. On dénonce les risques de violence élevés pour les femmes qui sont dans l’industrie du sexe tout en créant un environnement légal qui décourage précisément ces femmes de porter plainte à la police. Les véritables vautours le savent, ce qui fait des prostituées des cibles encore plus faciles. Lorsque des travailleuses du sexe sont agressées, les juges sont encore nombreux à prendre en compte leur occupation pour douter qu’il y ait bien eu viol ou qu’il s’agissait là d’un viol « grave ». La stigmatisation de la prostitution nuit à l’obtention de justice et perpétue les risques de violence dont on croit ces vautours seuls responsables. Pourtant, on continue de croire que de répéter à qui mieux mieux qu’il est mal d’échanger des services sexuels pour de l’argent peut contribuer à protéger les filles. Ces réalités ont amené des organisations comme Amnistie internationale, l’Organisation mondiale de la santé, ONU Femmes, ONUSIDA, l’Organisation internationale du travail, la Global Alliance Against Trafficking in Women, les Global Network of Sex Work Projects, la Commission mondiale sur le VIH et le droit, Human Rights Watch, les Open Society Foundations et Anti-Slavery International à appuyer les groupes qui demandent depuis longtemps la dépénalisation du travail du sexe. Ce qu’il est tout à fait possible et nécessaire de faire tout en protégeant les mineures de l’exploitation sexuelle et en menant une lutte contre le trafic humain. Mais l’écoute et la nuance sont-elles encore possibles ?",5148
1 journaliste,Éric Leblanc,une chronique sportive,2022-10-10,https://www.rds.ca/football/alouettes/ne-pas-s-abaisser-au-niveau-de-l-adversaire-1.16321725,Ne pas s'abaisser au niveau de l'adversaire (Chronique d'Éric Leblanc - Alouettes),"Le constat a été prononcé par deux joueurs après la défaite, les Alouettes de Montréal ont développé la mauvaise tendance de jouer au niveau de leur adversaire. Quand le duel a lieu contre Ottawa et que ça se termine par une défaite, il faut comprendre ici que ça veut dire abaisser son niveau. En l'emportant à Montréal, lundi, le Rouge et Noir n'a remporté que quatre matchs cette saison. Pourtant, cette équipe a vaincu les Alouettes à deux occasions. « C'est frustrant, tout le monde le sait. On n'aurait pas dû perdre ce match. On finit toujours par jouer au niveau de notre adversaire. Pourtant, on connaît notre potentiel. Il faut seulement afficher une meilleure exécution semaine après semaine. On est frustrés de notre performance », a confié le porteur de ballon William Stanback avec le regard très sérieux. Là où Stanback manquait de mots, c'était pour expliquer la cause de cette situation. Quelques minutes plus tôt, avant même de retraiter au vestiaire, le vétéran Kristian Matte était arrivé à la même conclusion. « Il ne faut pas jouer au niveau de notre adversaire, il faut jouer à notre niveau… », a-t-il lancé avec exaspération. Nul doute, la rivalité se ressent toujours contre Ottawa. Outre les raisons de proximité géographique, ça s'explique aussi par la présence de quelques anciens des Alouettes avec le Rouge et Noir. D'autant plus que Patrick Levels et Monshadrik Hunter n'ont jamais eu la langue dans leur poche. « Je ne mentirai pas, ce fut des matchs chaudement disputés contre Ottawa cette saison. Ils misent sur certains anciens des Alouettes et ça bavarde beaucoup. Mais il faut mieux faire offensivement, marquer des touchés dans la zone payante. On a aussi commis des punitions en défense », a évoqué Adarius Pickett. Ça n'arrive pas si souvent que des joueurs de la défense, comme Pickett, se permettent de critiquer le rendement offensif. Mais avec un seul touché en six occasions dans la zone payante, cette retenue de politesse peut être larguée. Le quart-arrière Trevor Harris, qui n'a pas affiché de mauvaises statistiques (30 en 38 pour 338 verges et une passe de touché), admet que son équipe a gaspillé trop de points. « Je suis d'accord, on doit afficher une meilleure exécution, on doit inscrire des touchés et non placements, c'est clair que ça fait une grande différence », a réagi celui qui n'a pas été capable de compléter les jeux cruciaux. Inévitablement, un doute surgit après ce résultat : est-ce que certains joueurs des Alouettes avaient déjà la tête aux deux confrontations contre les Argonauts de Toronto alors que le premier rang pourrait être à l'enjeu ? « J'espère que non et que les joueurs savaient qu'on avait une belle occasion devant une grosse foule (21 824 spectateurs). Je ne peux pas croire qu'ils pensaient d'abord à ces deux matchs. D'ailleurs, il faut gagner vendredi pour conserver cette possibilité », a commenté le directeur général et entraîneur-chef par intérim, Danny Maciocia. « Il n'y a aucun match donné dans la LCF. Il faut se présenter à chaque match… », a résumé Maciocia. Éternel optimiste, Harris a trouvé manière de ne pas quitter la tête basse alors que l'équipe a raté une chance de confirmer son accès aux éliminatoires. « C'est décevant, mais on contrôle encore notre destinée. On doit apprendre de ce match et devenir une meilleure équipe. Cela dit, tous nos matchs sont serrés. J'aimerais qu'on enfonce le pied sur l'accélérateur et qu'on se distance de nos adversaires, on détient ce qu'il faut pour y parvenir », a conclu Harris.",3527
1 journaliste,Éric Leblanc,une chronique sportive,2022-11-10,https://www.rds.ca/hockey/canadiens/st-louis-s-il-y-avait-une-melee-c-etait-surement-lui-1.16386268,"Martin St-Louis : « S'il y avait une mêlée, c'était sûrement lui »","Le sourire de Martin St-Louis en disait long quand il a questionné sur la scène impliquant Brendan Gallagher, le gardien Thatcher Demko et le défenseur Oliver Ekman-Larsson. Petit guerrier à sa façon, St-Louis a sûrement revu plusieurs séquences lui passer en tête de l'époque durant laquelle il jouait contre la petite peste du Canadien. L'entraîneur du Tricolore a bien résumé ce qu'il pensait de Gallagher et de son évolution. « S'il y avait une mêlée, c'était sûrement lui. Tu savais qu'il allait perturber l'action, qu'il serait dans le demi-cercle, devant le gardien. Oui, il marquait plus de buts, mais si tu étudies son jeu, il est devenu un meilleur joueur. On lui demande de jouer la game, pas juste sa game et il est encore bon pour provoquer le chaos », a-t-il témoigné. « J'ai une certaine identité comme joueur et je dois y rester fidèle. Ça ne veut pas dire que je ne peux pas apprendre ou évoluer », a commenté Gallagher dans le vestiaire. Transparent, Samuel Montembeault a reconnu qu'il n'a pas eu l'intention de se mêler de ce qui se passait à l'autre bout de la patinoire. « C'est un gros bonhomme (Demko), il n'y avait pas beaucoup de chances que je traverse de l'autre côté et l'arbitre m'a fait signe de rester là. Je peux comprendre la frustration, c'était 3-0 et on dominait le match », a réagi Montembeault en riant. De toute manière, Montembeault exerçait une belle influence devant le filet de son équipe. Sans être menacé très souvent, il a répondu aux attentes une autre fois. « C'est très difficile comme rôle, tu dois demeurer prêt et investir bien du temps de manière personnelle. Chaque fois qu'il a joué, il a été excellent. C'est génial de voir son évolution », a souligné Gallagher. Même s'il avait eu à se défendre contre deux opposants, Gallagher était en mesure d'exposer des réflexions très intéressantes sur la tenue de son équipe après 14 matchs (7-6-1). « Je trouve qu'on progresse beaucoup, on comprend mieux le style que l'on doit déployer chaque match. Les gars comprennent leur rôle et comment ils peuvent contribuer. Ça ne fera que devenir plus complexe avec le niveau qui grimpera, mais ce qui est excitant, c'est qu'on apprend bien de nos leçons et on corrige le tir rapidement. Pour une jeune équipe, comme les gens disent, on a de bons vétérans », a indiqué le droitier. Cette vision cadre avec l'approche de St-Louis dans un contexte de reconstruction. « Il y a toujours leçon dans une défaite ou dans une victoire. Si tu ne penses qu'aux résultats, tu te perds (dans le processus). Ça nous aide à équilibrer le tout au plan émotif et avancer », a rappelé l'entraîneur. Hommage à David Savard Parlant de leçons, le vétéran David Savard offre un sublime exposé aux jeunes défenseurs qui l'entourent. Évidemment, St-Louis le remarque et il a vanté le Québécois. « C'est un bon joueur! Je l'ai toujours dit, je ne pense pas que les gens respectent son jeu offensif. Je ne parle pas seulement en zone offensive, mais dans les sorties de zone et dans la transition pour avancer dans l'espace et avec la bonne vitesse. Il comprend le jeu, il est très intelligent et c'est pour ça qu'il défend très bien », a-t-il expliqué. « La chose la plus importante, c'est qu'il prend soin de l'équipe. Comme avec un gros tir bloqué, un gros jeu plus avancé sur la glace, un autre pour diminuer la pression en encaissant une mise en échec ou quand il revient vers l'arrière au lieu de forcer une action pour ensuite jouer selon nos termes. Il joue la game et s'ils peuvent apprendre une chose, c'est ça », a poursuivi St-Louis.",3562
1 journaliste,Éric Leblanc,une chronique sportive,2023-01-05,https://www.rds.ca/hockey/canadiens/une-lethargie-differente-de-la-saison-derniere-1.16510935,Canadiens : Une léthargie différente de la saison dernière pour le CH,"Lorsque Martin St-Louis a été nommé entraîneur du Canadien, la saison dernière, le Canadien venait de subir sept défaites consécutives. Près d'un an plus tard, le compteur vient de revenir à ce chiffre. « Pour ce qui est de l'atmosphère ou des pratiques, je ne pourrais même pas comparer la léthargie à celle de la saison passée. Les pointages sont la seule ressemblance », a réagi Jake Evans quand ce sujet a été évoqué. « Tout le monde travaille fort pour rectifier les choses et on a prouvé qu'on pouvait bien jouer en début de saison. On va repartir sur la bonne voie prochainement », a poursuivi celui qui a joué un fort match autant défensivement qu'offensivement. En matinée, le Canadien avait cru bon tenir une réunion pour ajuster ses flûtes. « C'est là que ça part (le travail défensif), avec nos arrivées dans notre zone et comment on s'organise dans notre territoire ensuite. Ce fut une grosse progression dans ce match, on avait perdu cet élément. On va bâtir à partir de là pour se replacer comme équipe », a proposé St-Louis. Car si quelqu'un en doute, il s'agit bien d'un processus à moyen ou long terme dans le cas du Canadien. « Bien sûr, on n'a pas gagné, mais ce n'est pas à propos des victoires présentement. On souhaite plutôt relancer notre jeu. Si on peut retrouver nos repères du début de saison et bien exécuter les détails, à commencer par moi et toute l'équipe, ça ira mieux », a témoigné le gardien Jake Allen. Le long voyage n'a pas permis de stopper la glissade amorcée en sol montréalais. « On s'éloignait du plan de match », a reconnu Allen pour expliquer les cuisants revers encaissés loin du Québec. Avec sa vision de vétéran, Allen ne s'inquiète pas de la situation actuelle qui pourrait miner le moral des troupes. « C'est difficile, cette léthargie est éprouvante, on ne peut pas le nier. Mais on a passé beaucoup de temps à l'étranger dans les dernières semaines. On a un bon groupe, ça ne fait aucun doute. C'est à nous de s'en sortir et c'est un bon apprentissage. Même quand on sera une très bonne équipe, on traversera des périodes creuses comme c'est arrivé aux Rangers en début de saison », a ciblé le gardien. De jeunes meneurs comme Nick Suzuki doivent s'assurer d'aider Allen et les plus vieux du groupe. « L'énergie est bonne, on a plusieurs jeunes qui apprennent. C'est notre travail de communiquer pour mieux jouer », a convenu Suzuki. Ce qu'ils ont dit Ce serait aussi difficile d'écrire un article à partir des commentaires de Joel Armia que d'empêcher Brendan Gallagher de s'approcher du gardien adverse quand il est en uniforme. Mais voici pratiquement l'intégralité de ses commentaires à la suite de son premier but de la saison à son 27e match. « Oui, c'est un poids qui tombe de mes épaules », a-t-il admis. « Notre trio a très bien joué, notre échec-avant était solide et on avait un bon rythme sur la patinoire. Je suis content de notre prestation », a ajouté le Finlandais. « Je sais que je ne joue pas à la hauteur de mon potentiel, j'essaie de corriger le tir », a reconnu l'athlète de 29 ans. « C'est un honneur d'y retourner, mais je me concentre d'abord sur le rendement de notre équipe. J'en profiterai quand ce sera le temps », a commenté Suzuki à propos de sa nomination au Match des étoiles. « C'est vraiment mérité, ce fut sûrement un pile ou face entre lui et Cole (Caufield). Il est un joueur complet et ils auront plusieurs de participations au fil des ans », a déclaré Allen.",3450
1 journaliste,Thomas Gerbet,un reportage,2021-04-21,https://ici.radio-canada.ca/nouvelle/1786793/quebec-simplifie-acces-tests-rapides-covid-coronavirus,Québec simplifie l'accès aux tests rapides qui dorment dans des entrepôts | Coronavirus,"L'exemple de l'Institut de cardiologie de Montréal, qui fournit des tests rapides de COVID-19 à faire soi-même à la maison à ses employés et à leurs familles, inspire le gouvernement du Québec. Le cabinet du ministre de la Santé souhaite que des entreprises suivent la même voie, mais pour cela, il fallait simplifier l'accès à ces tests qui demeurent inutilisés depuis des mois. En date du 19 avril, 4 650 816 tests rapides étaient stockés sans être utilisés et seuls 100 252 tests avaient servi. Une proportion de 60 % des tests inutilisés est entreposée par des établissements de santé ou des entreprises. Comme l'a rapporté La Presse mardi, dès cette semaine, il ne sera plus nécessaire pour les entreprises de fournir un protocole complexe à la santé publique pour avoir accès aux tests rapides, explique l'attachée de presse du ministre de la Santé, Marjaurie Côté-Boileau. Les entreprises pourront elles-mêmes utiliser les tests rapides selon les recommandations de la Santé publique, ajoute-t-elle. « Grâce à ces avancées, on vise par la suite à offrir plus d’autonomie aux individus dans l’utilisation des tests rapides, comme il a été question à l’Institut de cardiologie de Montréal, par exemple. » L'Institut de cardiologie de Montréal (ICM) s'est inspiré du Royaume-Uni, qui fournit gratuitement à la population des tests rapides à faire à la maison. L'ICM en a distribué des milliers à ses employés et à leurs familles. Tout le personnel volontaire est invité à se tester deux fois par semaine, ainsi que les personnes qui vivent sous le même toit. Le test donne des résultats en 15 minutes. Le gouvernement souhaite que les tests rapides soient complémentaires à l’approche de dépistage conventionnelle au Québec. Nous allons pouvoir observer la réponse de cette nouvelle approche dans les prochaines semaines, explique l'attachée de presse du ministre. Veuillez noter que Radio-Canada ne cautionne pas les opinions exprimées. Vos commentaires seront modérés, et publiés s’ils respectent la nétiquette. Bonne discussion ! ImportantAfin de favoriser des discussions riches, respectueuses et constructives, chaque commentaire soumis sur les tribunes de Radio-Canada.ca sera dorénavant signé des nom(s) et prénom(s) de son auteur (à l’exception de la zone Jeunesse). Le nom d’utilisateur (pseudonyme) ne sera plus affiché. En nous soumettant vos commentaires, vous reconnaissez que Radio-Canada a le droit de les reproduire et de les diffuser, en tout ou en partie et de quelque manière que ce soit. Vous avez repéré une coquille? Vous êtes témoin d’un événement? Vous avez des questions sur notre travail? La province a publié les données de l’activité virale pour la semaine du 29 janvier au 4 février. Les patients devront se tourner vers un programme centralisé et virtuel. La Saskatchewan composait avec un taux élevé d'infections à la COVID-19 durant cette période. C'est la quatrième personne au Québec accusée au criminel pour fabrication de faux documents vaccinaux. L’entreprise biopharmaceutique Medicago avait développé le vaccin Covifenz, rejeté par l'OMS. Le ministre fédéral des Transports, Omar Alghabra, affirme que ces mesures sont nécessaires. La médiatrice préconise l'ajout de dizaines d’infirmières et la diminution de la « pression clinique ». Le nouvel observatoire dressera le portrait de l'état mental des cégépiens et des universitaires. Cet oubli fait l'objet d'une enquête et sera déclaré à tout le réseau de la santé. Présenté mercredi, le projet de loi 10 interdit le recours aux services d'agences de placement de personnel. Alors que Québec veut s'affranchir des agences privées de placement d'ici trois ans, les infirmières sont nombreuses à ne pas vouloir … Moderna travaille à des vaccins combinés contre la grippe, la COVID-19 et le virus respiratoire syncytial. ",3812
1 journaliste,Thomas Gerbet,un reportage,2022-01-21,https://ici.radio-canada.ca/nouvelle/1856068/depistage-delai-ciusss-montreal-coronavirus-pandemie,COVID-19 : plus de 5000 tests PCR ont été jetés sans être analysés | Coronavirus,"La malchance a frappé 5462 personnes qui ont passé un test PCR au début de janvier dans le nord de Montréal. Ils viennent de recevoir une lettre les informant que l'échantillon de leur dépistage a été détruit sans qu'ils puissent en connaître le résultat. La mauvaise nouvelle concerne des citoyens qui ont été dépistés entre le 2 et le 7 janvier dans une clinique ou un CLSC du CIUSSS du Nord-de-l'Île-de-Montréal. Mercredi, l'établissement leur a envoyé le message suivant : « Malheureusement, votre échantillon n'a pas pu être analysé dans les délais prescrits de 72 heures et n'est plus considéré comme valide. Par conséquent, votre échantillon a été détruit et nous ne serons pas en mesure d'émettre un résultat pour celui-ci. » Le CIUSSS explique que des bris successifs de plusieurs analyseurs au laboratoire sont en cause, mais aussi que le volume anormalement élevé d'échantillons pour le dépistage a occasionné un retard inhabituel dans l'analyse. La porte-parole Émilie Jacob rapporte que le laboratoire de l’Hôpital du Sacré-Cœur-de-Montréal peut analyser environ 3000 tests par jour. Or, entre le 3 et le 7 janvier, plus de 5000 tests quotidiens ont été reçus. Jusqu'au 5 janvier, toutes les personnes ayant des symptômes étaient invitées à passer des tests PCR. Par la suite, ces tests ont été réservés à certaines catégories prioritaires, comme les travailleurs essentiels. Le CIUSSS assure que les travailleurs de la santé qui s'étaient identifiés comme tels n'ont pas perdu leurs résultats, car leurs spécimens ont été traités en priorité. « Nous sommes conscients que cela a pu causer des inconvénients et nous en sommes bien désolés. » Heureusement, la situation s'est rétablie depuis, assure la porte-parole et, les critères pour les tests de dépistage en clinique ayant depuis été révisés, cela ne risque pas de se reproduire. Veuillez noter que Radio-Canada ne cautionne pas les opinions exprimées. Vos commentaires seront modérés, et publiés s’ils respectent la nétiquette. Bonne discussion ! ImportantAfin de favoriser des discussions riches, respectueuses et constructives, chaque commentaire soumis sur les tribunes de Radio-Canada.ca sera dorénavant signé des nom(s) et prénom(s) de son auteur (à l’exception de la zone Jeunesse). Le nom d’utilisateur (pseudonyme) ne sera plus affiché. En nous soumettant vos commentaires, vous reconnaissez que Radio-Canada a le droit de les reproduire et de les diffuser, en tout ou en partie et de quelque manière que ce soit. Vous avez repéré une coquille? Vous êtes témoin d’un événement? Vous avez des questions sur notre travail? La pénurie de médecins contribue à la fermeture des services obstétricaux dans les zones rurales de l'Alberta. Un rapport note une détérioration de la santé mentale et une précarité accrue chez les Torontois. Ce financement est étalé sur trois ans. C'est un discours qu'on entend souvent : les jeunes sont anxieux, et le sont de plus en plus. La directrice du Centre d'études sur le stress … L'Alberta, la Saskatchewan et le Manitoba ont toutes mené des missions de recrutement aux Philippines. Quatre ambulances seront retirées du réseau régional de la santé et 14 postes seront abolis. La médiatrice préconise l'ajout de dizaines d’infirmières et la diminution de la « pression clinique ». Le nouvel observatoire dressera le portrait de l'état mental des cégépiens et des universitaires. Cet oubli fait l'objet d'une enquête et sera déclaré à tout le réseau de la santé. Présenté mercredi, le projet de loi 10 interdit le recours aux services d'agences de placement de personnel. Alors que Québec veut s'affranchir des agences privées de placement d'ici trois ans, les infirmières sont nombreuses à ne pas vouloir … Moderna travaille à des vaccins combinés contre la grippe, la COVID-19 et le virus respiratoire syncytial.",3822
1 journaliste,Améli Pineda,un reportage judiciaire,2020-01-24,https://www.ledevoir.com/societe/595800/les-moments-cles-de-l-arrestation-de-mamadi-camara,Les moments clés de l’arrestation de Mamadi Camara,"Pour tenter de faire la lumière sur l’arrestation de Mamadi III Fara Camara, Le Devoir a replongé au coeur de cette soirée du 28 janvier en passant au peigne fin les communications officielles du SPVM, en analysant les propos recueillis par notre journaliste sur le terrain le soir de l’événement, ainsi qu’en relisant le dossier judiciaire. Tour d’horizon. 16 h 50 Mamadi III Fara Camara est intercepté devant le 900, boulevard Crémazie Ouest par l’agent Sanjay Vig pour une infraction au Code de la sécurité routière. Durant l’interception, M. Camara demeure dans son véhicule. 16 h 58-17 h Le policier Vig est agressé. 17 h-17 h 05 Mamadi III Fara Camara compose le 911 après avoir été témoin de l’agression de l’agent Vig. Parallèlement, ce dernier fait une demande de renfort. Dans les minutes suivantes, M. Camara croise le premier policier à arriver sur les lieux. Ils échangent des paroles brièvement. Selon la version de M. Camara, le policier lui a dit qu’il pouvait quitter les lieux. À lire aussi Le SPVM aveuglé par une vision en tunnel dans l'affaire Camara 17 h 17 M. Camara a quitté les lieux à bord de son véhicule pour se rendre à sa résidence, qui est à proximité de la scène de crime. Il constate l’important périmètre de sécurité. Il est intercepté par des policiers, arrêté et menotté. 17 h 23 Le SPVM rapporte qu’un policier a été atteint par balle, une version qui sera ensuite revue pour préciser que le policier est « blessé sérieusement » à la tête. 17 h 35 M. Camara est amené au poste de police, où il sera interrogé pendant 4 h . 17 h 53 Sur Twitter, « le #SPVM confirme qu’un de ses policiers a été blessé sérieusement lors d’une intervention dans le secteur de Parc-Extension. Une opération policière est en cours. D’autres détails suivront ». 18 h Au micro de Patrick Lagacé, le journaliste Daniel Renaud indique qu’« un individu aurait été arrêté dans les minutes ou les moments qui ont suivi dans le secteur, mais ça ne serait pas le bon suspect et en tout cas, officiellement au moment où on se parle, le suspect et l’arme du policier n’auraient pas été localisés ». 18 h 34 En entrevue avec Le Devoir, le porte-parole du SPVM dit : « Pour le moment, les informations qu’on a, vers 15 h 50, le policier a intercepté un véhicule face au 900, boulevard Crémazie Ouest. Durant l’intervention, il y a eu une altercation physique avec le conducteur. Durant l’altercation, le policier a été blessé alors au moment où est-ce que je vous parle, on tente de déterminer si le policier a été blessé par balle ou blessé lors de l’intervention, c’est à déterminer. Ce que je peux vous dire, par contre, c’est que le policier est actuellement au centre hospitalier, il est conscient et se porte bien. Nous sommes toujours à la recherche de l’individu qui était impliqué dans l’altercation avec le policier en question, mais pour le moment, c’est à déterminer si le policier a été atteint par balle ou blessé lors de l’intervention ou aurait fait une chute ou aurait heurté sa tête quelque part » « Il y a une information [voulant] qu’il aurait été désarmé. On va tenter de confirmer [celle-ci]. » « Nous sommes à la recherche d’une personne impliquée, on parle d’un homme, mais pour le moment, on n’a pas de direction de fuite ou d’informations sur le véhicule en question ou sur la personne en question. Nos enquêteurs sont sur les lieux. » 18 h 38 Sur Twitter, le SPVM écrit : « MAJ policier blessé en devoir : celui-ci a intercepté un conducteur en lien avec une infraction au CSR. Il y a eu une altercation lors de laquelle le policier aurait été désarmé et blessé. Le #SPVM a procédé à l’arrestation du suspect et le policier est maintenant hors de danger. » Dans un deuxième tweet, le SPVM écrit : « L’enquête se poursuit et les Crimes majeurs prennent en charge celle-ci. » 22 h Au bulletin de 22 h à TVA Nouvelles, le journaliste Félix Séguin rapporte qu’un suspect a été arrêté. « C’est un homme d’une trentaine d’années. Il y a eu des versions contradictoires au cours de la soirée. On croyait qu’il avait été arrêté, à d’autres moments, non. Finalement, oui, il a été intercepté par les policiers du SPVM et je vous dirais en vous laissant que pendant toute la nuit, dans le secteur de Parc-Extension, vous verrez des policiers ici », dit-il.",4275
1 journaliste,Améli Pineda,un reportage judiciaire,2020-06-02,https://www.ledevoir.com/societe/619329/14e-feminicide-une-mere-de-famille-tuee-par-son-conjoint,Quatorzième féminicide de l’année au Québec,"Une femme aurait été tuée par son conjoint lundi soir à Montréal alors même que leurs deux enfants étaient sur les lieux. Il s’agit du 14e féminicide commis cette année au Québec. Rajinder Prabhneed Kaur avait récemment changé la serrure de son logement du quartier Parc-Extension après avoir porté plainte à la police. « Elle ne voulait plus que [son conjoint] puisse rentrer et elle a payé pour une nouvelle serrure. Mais deux jours plus tard, elle m’a téléphoné pour m’informer qu’elle avait repris avec lui et qu’elle allait lui donner une clé », témoigne Joseph Fernando, le concierge de l’immeuble où le couple résidait depuis quelques années. Selon nos informations, le suspect est Navdeep Ghotra. L’homme de 30 ans fait déjà face à des accusations de harcèlement criminel : le 19 mai dernier, il aurait proféré des menaces sérieuses envers la victime. Il avait été remis en liberté sous certaines conditions, dont celle de ne pas posséder d’armes. L’homme a pris la fuite avant l’arrivée des autorités et, au moment où ces lignes étaient écrites, il n’avait toujours pas été retrouvé. « Le mois dernier, la police est venue en pleine nuit parce qu’il était en état d’ébriété », raconte M. Fernando. Après avoir été escorté par les policiers, l’homme serait revenu le lendemain. La dernière fois que le concierge a parlé avec le couple, c’était la semaine dernière : leur réfrigérateur ne fonctionnait plus et il est allé dans leur logement pour le remplacer. « Il était très courtois avec moi, mais je ne sais pas ce qui se passait une fois la porte refermée », se désole-t-il. Les enfants présents Les policiers ont reçu un appel concernant une femme inconsciente dans un appartement de la rue Birnam, à l’intersection de la rue Saint-Roch, peu avant 17 h lundi. Les premiers répondants n’ont pas pu sauver la mère de famille, gravement blessée au haut du corps ; le décès de Rajinder Prabhneed Kaur a été prononcé sur les lieux. « Elle était sur son balcon quelques minutes plus tôt et elle parlait au téléphone, elle n’avait pas l’air en panique ou en danger », mentionne Noureen Gilani, qui habite l’immeuble voisin. « J’ai entendu soudainement les pleurs des enfants, mais je n’ai pas vu son conjoint », ajoute-t-elle. Les deux enfants du couple, une fille et un garçon, auraient été présents au moment des événements. « Les policiers ont cogné à toutes les portes parce que la petite fille, en panique, serait partie en courant. Ils ont regardé partout, dans nos cours et sous les balcons », raconte Gina Di Frushia, qui réside dans une maison voisine. La jeune fille aurait été retrouvée ﻿dans un parc voisin plus tard dans la soirée. Ils ont deux jeunes enfants… C’est terrible: ils viennent de perdre leur mère et leur père. — Renu Zani Dans l’immeuble de 14 logements où la famille résidait depuis plus de trois ans, les voisins décrivent un couple discret, certains avaient même l’impression qu’il venait d’emménager. « L’homme dégageait quelque chose d’agressif. Lorsque je le saluais, il ne répondait pas. Je n’ai donc jamais vraiment eu de conversation avec eux », mentionne Sharif Mahmudul Hasan, qui habite au même étage que le couple. Tariq Chaudrey, un voisin qui habite l’appartement au-dessous de celui du couple, mentionne qu’il n’a rien entendu d’inhabituel. « Je les ai vus plusieurs fois. Je ne sais pas comment cela a pu arriver. Nous nous sentons très mal. Si j’avais entendu quelque chose, j’aurais appelé la police », dit-il. En rentrant du travail, Renu Zani, dont le mari est un proche du suspect, était sous le choc lorsqu’elle a vu le périmètre de sécurité devant chez elle. « Ils ont deux jeunes enfants… C’est terrible : ils viennent de perdre leur mère et leur père », a-t-elle confié. Besoin d’aide ? Si vous êtes victime de violence conjugale, vous pouvez contacter SOS Violence conjugale au 1 800 363-9010. Notre vigie des féminicides depuis 2020 au Québec",3902
1 journaliste,Améli Pineda,un reportage judiciaire,2020-06-03,https://www.ledevoir.com/societe/574679/meurtre-de-daphne-huard-boudreault-les-policiers-blanchis-par-le-commissaire-a-la-deontologie,Meurtre de Daphné Huard-Boudreault: les policiers blanchis par le commissaire à la déontologie,"Les interventions policières survenues quelques heures avant le meurtre de Daphné Huard-Boudreault par son ex-conjoint en mars 2017 ne révèlent aucun manquement, a conclu le Commissaire à la déontologie policière. Une décision qui, selon son père, montre l’insensibilité des autorités face à la violence conjugale lorsqu’elle n’est pas physique. « C’est révoltant. Sur les autos de police, c’est écrit « Protéger et servir », mais ma fille, personne ne l’a protégée ce jour-là », déplore Éric Boudreault. Il avait porté plainte en déontologie policière contre les cinq agents de la Régie intermunicipale de police Richelieu Saint-Laurent impliqués dans les deux interventions le jour du meurtre de sa fille. Il leur reprochait d’avoir fait défaut de protéger la jeune femme « malgré différents signaux qui auraient dû être détectés de leur part ». Sa fille avait 18 ans lorsque son ex, Anthony Pratte-Lops, l’a tuée de 15 coups de couteau. L’homme, âgé de 22 ans à l’époque, avait fait croire à la femme qu’il avait quitté l’appartement qu’ils partageaient et qu’elle pouvait passer y récupérer ses effets. Il s’y était plutôt caché pour la tuer. Dans les heures précédant le meurtre, les policiers Ralph Dallaire, Louis Deschamps, Édith Fafard et Olivier St-Cyr-Lanoie s’étaient rendus au dépanneur où travaillait Daphné puisqu’Anthony Pratte-Lops l’avait suivie et refusait de quitter les lieux. Dans une décision rendue le 28 février dernier, le commissaire Marc-André Dowd conclut que, « malgré la conclusion tragique », les policiers ont bien fait leur travail. Aucun des cinq agents n’a collaboré à l’enquête, comme le leur permet la Loi sur la police, le Commissaire s’est donc fié à leurs rapports. Les agents Dallaire et St-Cyr-Lanoie, qui sont arrivés au dépanneur vers 5 h 39, ont écrit que Daphné « leur mentionne que [Anthony] a réagi mal à leur récente rupture et ne veut pas qu’ils se séparent. Elle précise qu’il ne l’a pas menacée ni violentée. Elle le trouve cependant insistant ». « Relativement calme » Les rapports des quatre policiers présents soulignent que Daphné « était relativement calme, bien qu’elle semblait avoir pleuré ». Selon le quatuor, la directive interne en matière de violence conjugale ne s’appliquait pas à son cas. « Elle s’applique plutôt lorsqu’il y a voie de fait ou menaces ou qu’une personne craint pour sa vie, qu’elle porte plainte ou non, ce qui n’était pas le cas dans la présente situation », précise le commissaire. Selon les rapports, Anthony Pratte-Lops n’a pas été perçu comme une menace. « Pour eux, il y avait absence d’infraction criminelle et aucun danger appréhendé », écrit le commissaire Dowd. Une conclusion qui étonne M. Boudreault, puisque la décision révèle que, pendant l’intervention policière, Anthony Pratte-Lops est entré dans le dépanneur et qu’il semblait en colère contre Daphné. « Il parle d’infidélité et l’insulte », peut-on lire. « Il y a un homme qui suit son ex, refuse de partir de son lieu de travail et la traite de pute devant des policiers, ce n’est pas assez ? » questionne-t-il. La décision mentionne que les policiers ont demandé à Daphné de conserver tous les messages de son ex pour le cas où elle déciderait de porter plainte pour harcèlement. Ils lui ont aussi demandé si elle souhaitait déclarer le vol de son cellulaire lorsqu’elle s’est aperçue que son ex l’avait probablement pris. « Voler, ce n’est pas un acte illégal ? » demande M. Boudreault. D’après la décision, Anthony Pratte-Lops était connu des policiers pour être « impulsif ». Les agents ont même dit à Daphné qu’il « serait sage » qu’elle les contacte pour aller récupérer ses effets personnels, « pour éviter tout débordement ». « C’est aberrant de lire ça », se désole M. Boudreault, qui souligne qu’un comité d’examen sur les décès liés à la violence conjugale a été formé à la suite du meurtre de Daphné. M. Boudreault doit témoigner jeudi devant le comité d’experts sur l’accompagnement des victimes d’agressions sexuelles et de violence conjugale. Il souhaite que la formation des policiers soit revue et que dorénavant des intervenants sociaux soient présents avec les policiers lors d’une intervention. C’est la deuxième fois que les policiers impliqués dans les deux interventions le jour du meurtre de Daphné sont blanchis. Un rapport du Bureau des enquêtes indépendantes avait conclu que les policiers avaient agi adéquatement. L’agente Brigitte Légaré, qui a suivi Daphné quand elle est allée récupérer ses effets personnels, était aussi visée par la plainte en déontologie.",4545
1 journaliste,Éric Leblanc,une chronique sportive,2022-09-29,https://www.rds.ca/hockey/canadiens/un-exemple-probant-de-la-belle-evolution-de-guhle-1.16303215,Canadiens : la belle progression de Kaiden Guhle était à l'avant-plan face aux Jets,"Kaiden Guhle ne pourra pas combler tous les points d'interrogation du côté de la défense, mais il prend les grands moyens pour rassurer l'état-major. En l'espace d'un an, son évolution est remarquable et on irait jusqu'à dire qu'il doit surprendre certains joueurs et dirigeants des Canadiens par son implication offensive assumée. « Dans sa tête, le jeu ne semble pas aller trop vite. Je me souviens quand j'étais jeune, à mes premiers camps, je trouvais que ça allait tellement vite. J'ai eu besoin de temps pour que ça ralentisse et que je puisse montrer mes attributs. Parfois, les joueurs doivent s'adapter, un peu comme voir la balle rapide des lanceurs. Lui, il s'adapte vite », a souligné Martin St-Louis. Guhle demeure sobre dans ses réponses, une autre preuve qu'il ne sera pas dépaysé dans la LNH. « Je suis plus à l'aise avec le rythme et le style de jeu professionnel. C'est bien différent du junior », a convenu le gaucher de 20 ans, qui était ravi de la réaction très bruyante de la foule à son but. Quelques minutes après la mêlée de presse, Guhle s'est ouvert un peu plus à propos du fait que son arsenal offensif fonctionne. « Ça fait du bien, je tente d'utiliser ma mobilité autant que je le peux. Les gars me disent de le faire et c'est agréable quand les entraîneurs et les joueurs te poussent dans cette direction », a-t-il noté. En le jumelant avec David Savard, ça ne fait qu'aider Guhle à s'aventurer offensivement. « C'est génial. Il est constant dans son jeu, je sais où il sera sur la glace. J'adore jouer avec lui », a souligné Guhle. Justement, Savard n'était pas surpris de voir que Guhle se distingue en attaque. « La LNH est parfois plus simple que le junior, je trouve que ça va tomber dans ses cordes. Son but était un bon exemple. Il a pris sa décision et il a foncé, c'est plaisant de le voir aller. C'est agréable quand les jeunes se débrouillent bien, ils ont beaucoup de pression sur les épaules. Il semble à l'aise de jouer comme dans le junior », a décrit Savard. On peut comprendre Savard d'être emballé de l'évolution de Guhle. Le vétéran défenseur est en mesure d'envisager la carrière qu'il pourrait connaître. « Je le dis depuis le début du camp, il semble encore plus mature que l'an passé. » Ce qu'ils ont dit « D'un bout à l'autre de la patinoire, tu peux voir ses forces : son gabarit, ses habiletés, sa grande portée, son patinage. On va le voir encore plus progresser quand il sera à l'aise avec ce qu'on fait et les gars autour de lui », a exposé St-Louis au sujet de Kirby Dach qui a démontré des signes intéressants. « Je ne sais pas si j'avais pensé à lui trouver des partenaires fixes, je les voyais plus pouvant le compléter. Il a toujours été un travaillant et on ne veut pas changer ça. Mais mon approche est que je vois qu'il peut prendre plus de décisions de hockey. On l'a vu dans ce match, il a été réceptif à ce qu'on a présenté », a raconté St-Louis sur Gallagher qui a réussi de beaux jeux avec Christian Dvorak et Evgenii Dadonov. « Cole a marqué des buts toute sa vie. Je suis sûr qu'il y a beaucoup d'entraîneurs, parce que je l'ai vécu, qui laissent les joueurs talentueux un peu faire ce qu'ils veulent pour aider l'équipe à gagner. Mais j'ai eu des conversations avec Cole. C'est un excellent marqueur et il faut le mener à devenir un excellent joueur de hockey », a conclu St-Louis qui sonne convaincu d'y parvenir.",3390
1 journaliste,Thomas Gerbet,un reportage,2019-02-26,https://ici.radio-canada.ca/nouvelle/1155101/virus-onf-office-national-film-informatique,L'ONF victime d'un virus informatique depuis plus de deux semaines,"Les activités de tous les bureaux de l'Office national du film du Canada sont considérablement ralenties depuis le 9 février en raison d'un virus informatique, a appris Radio-Canada. Productions retardées, système de paie atteint, outils et données inaccessibles... La cellule d'urgence mise en place par l'ONF n'est pas encore parvenue à tout rétablir. « L'institution se remet d'un virus assez féroce », raconte le producteur de l'ONF Hugues Sweeney sur sa page Facebook. Comme bon nombre d'autres employés, il a dû quitter les bureaux montréalais de l'agence fédérale et trouver refuge ailleurs pour travailler. « Ils ont parlé d'une attaque informatique », raconte un autre employé, ce que l'ONF n'a pas voulu confirmer. « C'est un virus, mais on ne le nomme pas, pour ne pas en faire la promotion », explique la relationniste de presse Marie-Claude Lamoureux. Les studios de l'Office national du film partout au Canada n'ont pas encore retrouvé l'accès aux dossiers partagés. Quant aux systèmes de production, ils devraient être progressivement rebranchés cette semaine, indique l'ONF. « » Au plus fort de la crise, les employés de partout au pays n'avaient plus accès à l'intranet, parfois même à Internet tout court. Tous les outils et les bases de données sont demeurés inaccessibles pendant plusieurs jours. « La majorité des systèmes sont maintenant rebranchés au réseau et aux serveurs », indique l'ONF, qui dit avoir préféré « être rigoureux plus que rapide ». Les équipes informatiques ont dû vérifier le contenu de tous les ordinateurs, appareils électroniques ou encore clés USB des 400 employés pour s'assurer que le virus avait bien disparu. L'Office national du film est une agence du gouvernement fédéral qui exploite une douzaine de studios dans la plupart des grandes villes du pays. Son siège social se trouve à Montréal. Veuillez noter que Radio-Canada ne cautionne pas les opinions exprimées. Vos commentaires seront modérés, et publiés s’ils respectent la nétiquette. Bonne discussion ! ImportantAfin de favoriser des discussions riches, respectueuses et constructives, chaque commentaire soumis sur les tribunes de Radio-Canada.ca sera dorénavant signé des nom(s) et prénom(s) de son auteur (à l’exception de la zone Jeunesse). Le nom d’utilisateur (pseudonyme) ne sera plus affiché. En nous soumettant vos commentaires, vous reconnaissez que Radio-Canada a le droit de les reproduire et de les diffuser, en tout ou en partie et de quelque manière que ce soit. Vous avez repéré une coquille? Vous êtes témoin d’un événement? Vous avez des questions sur notre travail? Les Québécois peuvent maintenant remplacer leur permis de conduire ou payer leur immatriculation en ligne. Il semble que le filtre antipourriel de Microsoft ne fonctionne pas, selon des centaines d'internautes. Jobber est une entreprise d’Edmonton spécialisée dans le développement de logiciels de planification. Microsoft, OpenAI, Baidu, Google et Meta se livrent une lutte féroce en matière d'intelligence artificielle. Ces compressions représentent 5 % de l'effectif total de Dell qui fait face à un ralentissement de la demande. Une loi qui confère une immunité judiciaire aux entreprises numériques est débattue devant la Cour suprême. La jeune pousse Cap-able vous transforme en girafe, en zèbre ou en chien… aux yeux des caméras. Il s'agit de l'entreprise Blumhouse, qui a notamment signé les films à succès M3gan et La Purge (The Purge). Plus de 500 personnes ont essayé en février d'y soumettre un texte généré par un robot conversationnel. L’authentification à deux facteurs par texto deviendra une fonctionnalité de Twitter Blue dès le 20 mars. Brett Schickler n'avait jamais imaginé qu'il pourrait devenir un auteur publié. ChatGPT a changé la donne.",3756
1 journaliste,Thomas Gerbet,un reportage,2019-10-10,https://ici.radio-canada.ca/nouvelle/1339351/jeunes-elections-federales-canada-vote-parti-conservateur-scheer-banlieue-toronto,Avoir 20 ans et voter conservateur | Élections Canada 2019,"On a tendance à associer le vote conservateur à l'ouest du pays, mais il est aussi très fort en banlieue de Toronto. Nous sommes allés rencontrer des jeunes qui sont convaincus que l'avenir passe par les idées conservatrices. Fahmid, 20 ans, rêve de travailler dans l'industrie pétrolière. Il vit à Burlington et étudie l'ingénierie mécanique à l'Université de Waterloo. Selon lui, l'environnement ne devrait pas être une priorité qui surpasse la lutte contre la pauvreté. Raquel est une Franco-Ontarienne de 22 ans. Elle travaille à Burlington et étudie à l'Université Ryerson. L'enjeu le plus important pour elle, c'est d'avoir un gouvernement qui ne fait pas de déficit. L'an dernier, elle a voté pour Doug Ford aux élections provinciales. Mais elle critique en partie ce que le premier ministre ontarien a réalisé. Nancy, 34 ans, est catholique, anti-avortement et maman de trois jeunes enfants à Burlington. Pas convaincue par la crise climatique, elle revendique le droit pour les citoyens d'afficher leur religion à l'école ou au travail. Tous les trois reconnaissent des défauts au chef Andrew Scheer et à sa plateforme électorale, mais c'est quand même vers lui que se portera leur choix le 21 octobre. Quel parti promet quoi? Comparez les plateformes électorales Veuillez noter que Radio-Canada ne cautionne pas les opinions exprimées. Vos commentaires seront modérés, et publiés s’ils respectent la nétiquette. Bonne discussion ! ImportantAfin de favoriser des discussions riches, respectueuses et constructives, chaque commentaire soumis sur les tribunes de Radio-Canada.ca sera dorénavant signé des nom(s) et prénom(s) de son auteur (à l’exception de la zone Jeunesse). Le nom d’utilisateur (pseudonyme) ne sera plus affiché. En nous soumettant vos commentaires, vous reconnaissez que Radio-Canada a le droit de les reproduire et de les diffuser, en tout ou en partie et de quelque manière que ce soit. Vous avez repéré une coquille? Vous êtes témoin d’un événement? Vous avez des questions sur notre travail? La ministre des Affaires étrangères affirme que la Russie ne respecte pas la charte de l'ONU. La Ville des Ponts fait partie de 41 villes qui sont bénéficiaires d'un tel investissement. La Défense nationale a confirmé avoir traqué des tentatives de surveillance étrangère depuis 2022. Le premier ministre appelle les Canadiens à se fier au processus électoral, peu importe le parti au pouvoir. Le système fonctionnerait comme une alerte Amber, selon la députée du NPD Leah Gazan. « Le chemin Roxham n’est qu’un symptôme du problème », dit l'ambassadeur des États-Unis à Ottawa. Un registre de condoléances est mis en ligne et accessible au grand public. La pénurie d'enseignants explique le non-respect de l'engagement, dit le premier ministre du Québec. Tout ne serait finalement pas si sombre pour les projets de développement à Gatineau. Au lendemain d'une présentation sur la capacité … Le gouvernement Legault repousse de quatre années son objectif de créer 2600 classes de maternelle 4 ans. Un projet sur lequel le premier … Analyse de l'actualité avec nos panélistes : Véronique Prince, Jonathan Trudeau et Alec Castonguay. Nos chroniqueurs Louis Tremblay et Denise Turcotte commentent les dossiers chauds de l'actualité à Saguenay.",3262
1 journaliste,Thomas Gerbet,un reportage,2020-04-30,https://ici.radio-canada.ca/nouvelle/1698667/eclosion-covid-19--hopital-general-lakeshore,Éclosion de COVID-19 à l'Hôpital général du Lakeshore | Coronavirus,"L'Hôpital du Lakeshore s'ajoute à la liste des établissements victimes d'éclosions entre leurs murs. Le virus a infecté 15 patients dans une unité de l'établissement en zone froide. Des patients situés dans une unité du quatrième étage ont contracté la COVID-19, alors que ce n'était pas la raison de leur présence à l'hôpital. Il y a eu du mouvement de personnel entre zones froides et chaudes, déplore la présidente de la FIQ–Syndicat des professionnelles en soins de santé de l'Ouest-de-l'Île-de-Montréal, Johanne Riendeau. Le CIUSSS de l'Ouest-de-l'Île-de-Montréal confirme l'éclosion. Nous avons une équipe sur place qui réorganise les zones de confinement, assure le porte-parole Guillaume Bérubé. Le taux d'occupation des urgences de l'hôpital est de 110 %, mais la situation n'est pas critique pour le moment, assure le CIUSSS. Toutefois, nous la surveillons de près, précise-t-il. L'Hôpital général du Lakeshore est désigné pour recevoir des patients atteints de la COVID, et 79 y sont hospitalisés. L'hôpital mobile installé par la Croix-Rouge dans un aréna de LaSalle pourrait servir à augmenter la capacité du Lakeshore, croit le CIUSSS. Mardi, c'est l'Hôpital Maisonneuve-Rosemont qui déplorait de multiples éclosions entre ses murs. La semaine dernière, l'Hôpital du Sacré-Coeur de Montréal faisait face à la même situation. Les hôpitaux Santa Cabrini, Jean-Talon, Fleury et Verdun ont aussi des éclosions. Avec la collaboration de Kate McKenna Veuillez noter que Radio-Canada ne cautionne pas les opinions exprimées. Vos commentaires seront modérés, et publiés s’ils respectent la nétiquette. Bonne discussion ! ImportantAfin de favoriser des discussions riches, respectueuses et constructives, chaque commentaire soumis sur les tribunes de Radio-Canada.ca sera dorénavant signé des nom(s) et prénom(s) de son auteur (à l’exception de la zone Jeunesse). Le nom d’utilisateur (pseudonyme) ne sera plus affiché. En nous soumettant vos commentaires, vous reconnaissez que Radio-Canada a le droit de les reproduire et de les diffuser, en tout ou en partie et de quelque manière que ce soit. Vous avez repéré une coquille? Vous êtes témoin d’un événement? Vous avez des questions sur notre travail? Le chef d'orchestre Jacques Lacombe succède à Boris Brott, mort tragiquement en avril dernier. À Montréal, le vieux pont Champlain s'étirait sur 3,4 kilomètres. Sa structure de béton et d'acier menaçait de s'effondrer. Il a eu besoin de trois manches pour vaincre le 74e joueur mondial 4-6, 6-1 et 6-4. Une personne sur quatre vit en situation d'insécurité alimentaire sur l'île de Montréal. Certains suspects sont liés aux Hells Angels, a indiqué la SQ qui anticipe d'autres arrestations prochaines. Laval accueillera le septième et dernier match de la Série de la rivalité. La séance d’information a pour but de présenter les services qui seront offerts et l'aménagement du milieu. La médiatrice préconise l'ajout de dizaines d’infirmières et la diminution de la « pression clinique ». Le gouvernement cherche à réduire les arriérés chirurgicaux et les temps d'attente. Une déclaration de Blaine Higgs passe mal auprès des médecins du Nouveau-Brunswick. Vitalité a dépensé six millions pour l’embauche d'infirmières itinérantes, soit 12 fois plus qu'Horizon. Cette pratique pourrait être perçue comme une injustice par les infirmières du public, redoute le syndicat.",3377
1 journaliste,Thomas Gerbet,un reportage,2022-10-23,https://ici.radio-canada.ca/nouvelle/1926751/boise-steinberg-hochelaga-hydro-montreal-protection-terrain,Un grand pas vers la protection du boisé Steinberg dans l’est de Montréal,"Bonne nouvelle pour les citoyens qui se battent depuis des années pour protéger le boisé Steinberg, situé en plein milieu d'un quartier industriel. Radio-Canada a appris qu'Hydro-Québec va vendre à la Ville de Montréal la partie du boisé qu'elle possède. Selon nos sources, la société d'État a acheté un terrain industriel à proximité, au nord de la rue Hochelaga, pour y installer un poste de transformation, plutôt que de réaliser ce projet dans l'espace naturel. Les transactions pour les terrains représenteraient plusieurs dizaines de millions de dollars. Les détails seront dévoilés lundi. La Ville de Montréal n'a pas voulu donner d'information avant son annonce et Hydro-Québec s'en est tenue à confirmer par courriel que son achat de terrain est un projet de poste pour répondre à la croissance de la demande [d'électricité] dans l’est de la ville. Anaïs Houde, une résidente du quartier, se réjouit de cette très bonne nouvelle. Elle rêve d'un parc-nature protégé dans ce boisé qui lui offre un ressourcement incroyable. On aime s'y promener avec notre chien, avec les enfants, on fait des pique-niques..., ajoute-t-elle. Il y a quelques années, un projet de bretelle d'autoroute menaçait le boisé, mais l'idée a été abandonnée en 2020. Le gouvernement du Québec a toutefois dans sa liste de projets prioritaires le prolongement du boulevard de l’Assomption pour assurer une meilleure fluidité des camions qui entrent au port de Montréal, ce qui viendrait gruger la partie est du boisé. Le boisé Steinberg s'était retrouvé au cœur de l'actualité en 2021, quand un camp de sans-abris y avait été démantelé. Veuillez noter que Radio-Canada ne cautionne pas les opinions exprimées. Vos commentaires seront modérés, et publiés s’ils respectent la nétiquette. Bonne discussion ! ImportantAfin de favoriser des discussions riches, respectueuses et constructives, chaque commentaire soumis sur les tribunes de Radio-Canada.ca sera dorénavant signé des nom(s) et prénom(s) de son auteur (à l’exception de la zone Jeunesse). Le nom d’utilisateur (pseudonyme) ne sera plus affiché. En nous soumettant vos commentaires, vous reconnaissez que Radio-Canada a le droit de les reproduire et de les diffuser, en tout ou en partie et de quelque manière que ce soit. Vous avez repéré une coquille? Vous êtes témoin d’un événement? Vous avez des questions sur notre travail? Le chef d'orchestre Jacques Lacombe succède à Boris Brott, mort tragiquement en avril dernier. À Montréal, le vieux pont Champlain s'étirait sur 3,4 kilomètres. Sa structure de béton et d'acier menaçait de s'effondrer. Il a eu besoin de trois manches pour vaincre le 74e joueur mondial 4-6, 6-1 et 6-4. Une personne sur quatre vit en situation d'insécurité alimentaire sur l'île de Montréal. Certains suspects sont liés aux Hells Angels, a indiqué la SQ qui anticipe d'autres arrestations prochaines. Laval accueillera le septième et dernier match de la Série de la rivalité. Elle réclame de l'aide et des ressources de Québec et d'Ottawa pour soulager les organisme communautaires. Patrick Bélanger prend le relais de Fady Dagher, nommé à la tête du SPVM en décembre dernier. Ces recommandations font partie d'un rapport déposé jeudi par une des commissions permanentes de la Ville. La Ville de Montréal est poursuivie dans le cadre d’un procès en action collective pour profilage racial. Une trentaine d'organismes disent que la mairesse Valérie Plante et des élus font preuve d'inaction. Des gestes d’intimidation et de sabotage ralentissent depuis des jours le ramassage de la neige dans les rues. ",3568
1 journaliste,Éric Leblanc,une chronique sportive,2022-11-29,https://www.rds.ca/hockey/canadiens/les-joueurs-irrites-par-leur-manque-d-opportunisme-1.16448946,Canadiens (LNH) : les joueurs irrités par leur manque d'opportunisme en avantage numérique,"Les défaites provoquent toujours de la frustration et c'est d'autant plus vrai quand ça survient via un blanchissage. Mais le sentiment se multiplie au terme d'une soirée pénible en avantage numérique. « Nous, les gars du jeu de puissance, on est clairement frustrés. On veut être en mesure de compter et aider notre équipe à gagner. Ça dégonfle l'énergie quand on ne parvient pas à obtenir de belles chances et qu'on bousille ces occasions. On a eu des chances, ce n'était juste pas notre soirée », a exposé Nick Suzuki. Le capitaine avait raison d'exprimer son mécontentement. Les Sharks ont anéanti les six tentatives du Canadien en supériorité numérique, de quoi irriter n'importe quel hockeyeur. « Bien sûr, ce sont des athlètes fiers, ils s'attendent à produire à la hauteur des attentes. On a très bien fait à cinq contre cinq, on n'a juste pas eu le but en avantage numérique qui aurait pu changer le portrait du match », a analysé Martin St-Louis. Les Sharks ne dominent pas la LNH pour rien en infériorité numérique, mais ce serait trop facile de leur accorder tout le crédit pour cette prestation. « C'était un peu de tout, on va regarder la vidéo du match et on va sûrement apprendre des leçons de cette partie », a commenté St-Louis. « Ils sont bons, mais c'est un peu en raison de notre exécution et peut-être aussi le travail des entraîneurs. On va analyser ça », a-t-il ajouté. En tant qu'ancien spécialiste du jeu de puissance, St-Louis pouvait se glisser dans la peau de ses protégés. « Comme joueur, tu cherches des réponses rapides. Ils ont le luxe de pouvoir regarder la tablette. Je trouve qu'on est mieux organisés contre les différents types d'approches en infériorité numérique. Mais dans ce match, on était un peu off au niveau de l'exécution », a tranché St-Louis. L'entraîneur ne veut pas que ses joueurs attendent toujours l'occasion parfaite. Toutefois, Suzuki considérait que les joueurs ont plutôt manqué de patience. « Après quelques chances, on a forcé un peu trop les choses au lieu de demeurer patients », a ciblé le capitaine. […] Je veux qu'on garde notre patience, si la chance semble médiocre, il faut attendre. On tente de créer une confusion en changeant de positionnement. C'était à nous d'avoir une meilleure exécution », a mentionné le numéro 14. Ce qu'ils ont dit Dans la catégorie des points positifs, quelques jeunes joueurs du Canadien ont bloqué des lancers dont Kaiden Guhle et Juraj Slafkovsky. Ce dévouement n'est pas passé inaperçu. « Tout le monde dans le vestiaire est prêt à bloquer des tirs et faire ce qu'il faut pour gagner des matchs. On l'a vu plusieurs fois cette année, on a réussi des remontées », a vanté Michael Matheson. « C'est essentiel, on voit les vétérans le faire et les jeunes emboîtent le pas. C'est représentatif de la culture qu'on veut implanter dans l'équipe. Je trouve ça génial, ça démontre qu'on se soucie grandement des détails à accomplir », a mentionné Harris qui était heureux de sa prestation. « Tu ne veux pas lui enlever le bâton des mains, il doit prendre les décisions. Comme joueur, tu veux toujours reprendre trois ou quatre jeux après un match. Ce n'est pas toujours le bon jeu de tirer, on doit être prudent en abordant ce sujet, on va évaluer ça. Avant la LNH, il n'a jamais peur de lancer, mais il est jeune et il joue avec des vétérans. Si ça devient une tendance, on va en discuter », a expliqué St-Louis qui a aimé le match de Slafkovsky qui aurait pu être moins généreux contre les Sharks.",3491
1 journaliste,Thomas Gerbet,un reportage,2020-05-05,https://ici.radio-canada.ca/nouvelle/1700198/eclosions-covid-hopital-pierre-boucher-longueuil,Éclosions de COVID-19 à l'Hôpital Pierre-Boucher de Longueuil,"Un autre hôpital s'ajoute à la liste de ceux aux prises avec des éclosions de coronavirus. Radio-Canada a appris que le virus s'est propagé entre les murs de l'Hôpital Pierre-Boucher, à Longueuil. Deux unités sont touchées. Cinq patients dans deux unités ont contractés la COVID-19 alors qu'ils étaient entrés à l'Hôpital Pierre-Boucher pour une autre raison. Dans un premier temps, mardi, le Centre intégré de santé et de services sociaux (CISSS) de la Montérégie-Est parlait de trois éclosions et 29 usagers touchés, mais il a corrigé son bilan. Plusieurs mesures sont mises en place pour limiter la propagation du virus, assure le porte-parole du CISSS, Hugo Bourgoin. Un agent de sécurité a été posté à l’entrée de chaque unité touchée. Il s’assure que le nettoyage des mains est réalisé à l’entrée et à la sortie de l’unité et que tout le personnel porte un masque de procédure. Les interventions en hygiène et salubrité ont aussi été rehaussées sur les unités touchées, explique le CISSS. Nous nous assurons également que tous les employés et médecins ayant travaillé sur les unités touchées sont dépistés. Comme l'Hôpital Charles-Lemoyne, Pierre-Boucher est désigné par le ministère de la Santé pour recevoir des patients atteints de la COVID, mais comme bien d'autres établissements, il n'est pas parvenu à contenir le virus dans les unités chaudes. Ces dernières semaines, des éclosions ont déstabilisé l'Hôpital Maisonneuve-Rosemont, qui a dû annuler des chirurgies et envoyer des patients ailleurs. L'Hôpital du Sacré-Coeur de Montréal a aussi dû appeler d'autres établissements à l'aide. Les hôpitaux du Lakeshore, Santa Cabrini, Jean-Talon, Fleury et Verdun ont aussi des éclosions. Veuillez noter que Radio-Canada ne cautionne pas les opinions exprimées. Vos commentaires seront modérés, et publiés s’ils respectent la nétiquette. Bonne discussion ! ImportantAfin de favoriser des discussions riches, respectueuses et constructives, chaque commentaire soumis sur les tribunes de Radio-Canada.ca sera dorénavant signé des nom(s) et prénom(s) de son auteur (à l’exception de la zone Jeunesse). Le nom d’utilisateur (pseudonyme) ne sera plus affiché. En nous soumettant vos commentaires, vous reconnaissez que Radio-Canada a le droit de les reproduire et de les diffuser, en tout ou en partie et de quelque manière que ce soit. Vous avez repéré une coquille? Vous êtes témoin d’un événement? Vous avez des questions sur notre travail? Le chef d'orchestre Jacques Lacombe succède à Boris Brott, mort tragiquement en avril dernier. À Montréal, le vieux pont Champlain s'étirait sur 3,4 kilomètres. Sa structure de béton et d'acier menaçait de s'effondrer. Il a eu besoin de trois manches pour vaincre le 74e joueur mondial 4-6, 6-1 et 6-4. Une personne sur quatre vit en situation d'insécurité alimentaire sur l'île de Montréal. Certains suspects sont liés aux Hells Angels, a indiqué la SQ qui anticipe d'autres arrestations prochaines. Laval accueillera le septième et dernier match de la Série de la rivalité. La province a publié les données de l’activité virale pour la semaine du 29 janvier au 4 février. Les patients devront se tourner vers un programme centralisé et virtuel. La Saskatchewan composait avec un taux élevé d'infections à la COVID-19 durant cette période. C'est la quatrième personne au Québec accusée au criminel pour fabrication de faux documents vaccinaux. L’entreprise biopharmaceutique Medicago avait développé le vaccin Covifenz, rejeté par l'OMS. Le ministre fédéral des Transports, Omar Alghabra, affirme que ces mesures sont nécessaires.",3577
1 journaliste,Thomas Gerbet,un reportage,2022-01-14,https://ici.radio-canada.ca/nouvelle/1854474/niveau-4-delestage-ciusss-centre-sud-montreal,"Passage au niveau 4 du délestage pour le CIUSSS du Centre-Sud, à Montréal | Coronavirus","Le Centre intégré universitaire de santé et de services sociaux (CIUSSS) du Centre-Sud-de-l'Île-de-Montréal passe au niveau supérieur du délestage pour libérer des lits et du personnel afin de faire face à l'augmentation des hospitalisations de personnes atteintes de la COVID-19, a appris Radio-Canada. Parmi les établissements du CIUSSS, on compte deux hôpitaux : l'Hôpital Notre-Dame et celui de Verdun. En chirurgie, le nombre d'interventions sera diminué au-delà de 50 % et pourrait atteindre jusqu'à 25 % des opérations normales. En revanche, les urgences et l'oncologie seront préservées, assure le CIUSSS, tout comme comme les services pour la jeunesse et la déficience intellectuelle. Les activités en endoscopie seront en revanche ralenties. Certaines infirmières seront réaffectées des cliniques externes vers les hôpitaux. Le nombre de rendez-vous non urgents sera diminué dans les groupes de médecine familiale. Le CIUSSS lance par ailleurs un appel aux volontaires qui voudraient prêter main-forte au personnel de la santé, par l'entremise de la plateforme Je contribue.﻿ (Nouvelle fenêtre)﻿ En date de jeudi, il y avait 58 patients hospitalisés dans des lits réservés à la COVID-19 à l'hôpital de Verdun, dont 3 aux soins intensifs, et 59 à l'Hôpital Notre-Dame, dont 7 aux soins intensifs. Lundi, le CIUSSS du Nord-de-l'Île-de-Montréal était devenu le premier établissement montréalais à basculer au stade 4 du délestage. Toutes les régions autour de la métropole s'y trouvent déjà. Ce palier permet de reporter jusqu'à 80 % des opérations chirurgicales et de reporter certains suivis afin de libérer encore plus de lits pour faire face à la déferlante du variant Omicron du coronavirus. Le gouvernement du Québec a préparé un niveau 5 de délestage, de façon à libérer jusqu'à 4000 lits dans les hôpitaux pour des patients infectés par la COVID-19. À l'heure actuelle, plus de 3085 personnes occupent un lit, et ce total devrait augmenter durant la fin de semaine, a prévenu le gouvernement. Veuillez noter que Radio-Canada ne cautionne pas les opinions exprimées. Vos commentaires seront modérés, et publiés s’ils respectent la nétiquette. Bonne discussion ! ImportantAfin de favoriser des discussions riches, respectueuses et constructives, chaque commentaire soumis sur les tribunes de Radio-Canada.ca sera dorénavant signé des nom(s) et prénom(s) de son auteur (à l’exception de la zone Jeunesse). Le nom d’utilisateur (pseudonyme) ne sera plus affiché. En nous soumettant vos commentaires, vous reconnaissez que Radio-Canada a le droit de les reproduire et de les diffuser, en tout ou en partie et de quelque manière que ce soit. Vous avez repéré une coquille? Vous êtes témoin d’un événement? Vous avez des questions sur notre travail? Le chef d'orchestre Jacques Lacombe succède à Boris Brott, mort tragiquement en avril dernier. À Montréal, le vieux pont Champlain s'étirait sur 3,4 kilomètres. Sa structure de béton et d'acier menaçait de s'effondrer. Il a eu besoin de trois manches pour vaincre le 74e joueur mondial 4-6, 6-1 et 6-4. Une personne sur quatre vit en situation d'insécurité alimentaire sur l'île de Montréal. Certains suspects sont liés aux Hells Angels, a indiqué la SQ qui anticipe d'autres arrestations prochaines. Laval accueillera le septième et dernier match de la Série de la rivalité. La séance d’information a pour but de présenter les services qui seront offerts et l'aménagement du milieu. La médiatrice préconise l'ajout de dizaines d’infirmières et la diminution de la « pression clinique ». Le gouvernement cherche à réduire les arriérés chirurgicaux et les temps d'attente. Une déclaration de Blaine Higgs passe mal auprès des médecins du Nouveau-Brunswick. Vitalité a dépensé six millions pour l’embauche d'infirmières itinérantes, soit 12 fois plus qu'Horizon. Cette pratique pourrait être perçue comme une injustice par les infirmières du public, redoute le syndicat. ",3927
1 journaliste,Emilie Nicolas,une chronique société,2019-03-07,https://ledevoir.com/opinion/chroniques/549301/madame-pas-tout-le-monde,Madame Pas-Tout-le-Monde,"On le dit chaque année, mais il faut continuer de le dire : le 8 mars n’est pas une deuxième Saint-Valentin, l’occasion de recevoir des fleurs et de nous rappeler combien on nous aime. Il s’agit d’une journée créée expressément pour reconnaître les droits des femmes, les avancées réalisées comme celles qui restent à faire. Au Québec, de nombreux combats ont été menés afin de faire progresser la condition des femmes : droit à l’avortement, conciliation famille-travail, équité salariale, instauration des CPE, justice pour les survivantes des violences sexuelles. Ces luttes sont loin d’être toutes gagnées et peuvent essuyer des reculs importants au moindre soubresaut politique. Dans ce contexte, il est tout à fait souhaitable et nécessaire que les mouvements sociaux continuent de forcer les partis à prendre des mesures fortes pour enrayer ces inégalités. Politiquement, ça peut même aujourd’hui être payant d’appuyer ces causes. Après tout, madame Tout-le-Monde détient beaucoup, beaucoup de votes au Québec. Inversement, les enjeux qui touchent des femmes qu’on ne voit pas comme représentatives de la norme n’ont pas progressé autant au cours des dernières décennies. Le mouvement féministe québécois s’est rassemblé autour du leadership de francophones de la classe moyenne, et ce n’est bien souvent qu’à ces femmes que les partis s’intéressent. Les autres ne font en quelque sorte pas partie de « l’électorat » ou du « peuple ». Ces « autres » femmes, ce sont par exemple les 25 000 travailleuses domestiques du Québec, dont une proportion scandaleuse doit survivre à du harcèlement psychologique et sexuel, au racisme, à des violences, à des viols, à des menaces et à de l’exploitation. Originaires pour la plupart des Philippines, ces femmes entrent au pays à travers un programme d’immigration toujours ancré, malgré les réformes, dans de vieilles traditions coloniales. Leur permis de travail est lié à leur employeur : si elles veulent quitter un foyer abusif, il leur faut attendre parfois plusieurs mois avant d’obtenir le droit de rejoindre une nouvelle famille. Si elles n’ont pas travaillé suffisamment dans les délais prescrits, elles ne sont plus admissibles à la résidence permanente. Dans ce contexte, les menaces d’expulsion proférées par des patrons qui cherchent l’obéissance absolue ne sont pas exceptionnelles, selon Evelyn Caluguy, du Centre Pinay. Plusieurs lois québécoises excluent toujours le travail domestique de la définition de « travail ». Il est donc encore peu courant que ces femmes au statut précaire bénéficient de la couverture de la CNESST. Elles ne peuvent pas non plus se syndiquer. Et lorsque le certificat de sélection du Québec se fait attendre, certaines triment durant des mois sans avoir même accès à l’assurance maladie. « Il n’est pas rare, en 2019, que certaines travailleuses domestiques au Québec soient traitées comme de véritables esclaves », dénonce Mme Caluguy. Pourquoi ? « Directement à cause des lois et des programmes qui les encadrent, ou plutôt les excluent. » Par qui ? Souvent par des femmes de carrière, afin qu’elles puissent se dégager d’une partie de l’éducation des enfants et des tâches ménagères. Si les inégalités sociales et économiques se sont largement creusées partout en Occident au cours des dernières décennies, il ne faut pas s’étonner que les écarts entre les femmes québécoises soient aussi plus importants qu’avant. Aujourd’hui, certaines brisent les plafonds de verre et s’attendent à ce que d’autres balaient docilement les tessons au plancher. So-so-so, solidarité. Le travail domestique n’est bien sûr pas la seule dimension de la condition féminine au Québec à être laissée dans l’ombre. Une coalition d’organismes tente notamment, depuis quelques années, de faire réagir Québec face à l’insalubrité, aux fouilles à nu illégales, au recours à l’isolement, voire à l’accès difficile à l’eau potable pour les détenues de la prison Leclerc. On sait qu’ici, comme ailleurs au pays, le profilage racial joue un rôle important dans l’imposition des sentences, et que la grande majorité des femmes incarcérées ont aussi un historique d’agressions physiques et sexuelles, et sont aux prises avec des problèmes de santé mentale et de toxicomanie. Il demeure toutefois très difficile d’attirer l’attention du public sur les droits de ces femmes. Par ailleurs, les services offerts aux survivantes de violences sexuelles sont pour la plupart mal adaptés aux besoins spécifiques des femmes immigrantes, racisées, autochtones, handicapées ou trans. Et ce manque de ressources joue directement sur les risques d’itinérance, de criminalisation, d’expulsion, d’exploitation et de marginalisation accrues. Certes, la vague du mouvement #MoiAussi a forcé l’examen de la culture du viol pour les femmes en général. Mais même la gauche politique, syndicale et communautaire hésite encore souvent à investir temps et énergie dans la défense des droits des victimes qui ne correspondent pas à l’idée qu’on se fait du « général ». À force de concentrer tous nos efforts sur les réalités « rassembleuses » de madame Tout-le-Monde, les urgences de madame Pas-Tout-le-Monde, elles, attendent encore. 8 mars, Journée internationale des droits des femmes, vous avez dit ? « Des femmes », c’est-à-dire aussi des femmes qui ne cadrent pas avec notre imaginaire politique ? ",5341
1 journaliste,Emilie Nicolas,une chronique société,2019-05-30,https://ledevoir.com/opinion/chroniques/555566/chere-grand-maman,Chère grand-maman,"Tu avais 92 ans. Je ne pourrai jamais vraiment savoir ce que c’était pour toi de grandir dans les années 1920, 1930, 1940 dans la paroisse de Saint-Romuald-d’Etchemin, près de Québec. Mais je sais que comme épouse, mère et grand-mère, tu es devenue l’une de celles qui donnent, donnent et donnent encore. Je vais toujours me rappeler les mille gestes empreints d’affection, de tendresse, de générosité et d’empathie que tu m’as prodigués, comme à tes enfants et tes autres petits-enfants. On ne saura jamais assez te dire merci. Je ne pourrai jamais vraiment comprendre ton éducation de jeune fille, au couvent, où on t’a appris à tenir maison et à respecter les convenances propres aux familles de la petite bourgeoisie rurale canadienne-française dont les hommes devenaient prêtres, notaires, avocats, médecins… et aussi, souvent, de grands enfants qui ne peuvent se nourrir ou s’occuper d’eux-mêmes. Je me souviens toutefois des conversations, à la veille d’élections, où tu parlais de ne pas « annuler le vote » de ton mari avec ton propre choix. Je me souviens de ton angoisse à l’idée d’enfreindre les bonnes moeurs. Je me souviens du tabou absolu sur la sexualité. Je sais aussi qu’à te demander ce que tu aurais voulu faire comme métier, si ça avait été possible, tu prenais le temps de préfacer ta réponse hésitante avec un rappel important : « Tu sais, dans le temps, on ne pensait pas à ça, ces affaires-là. » Je sais qu’en étant attentive aux caprices d’autrui, tu as souvent sacrifié une partie de ton propre bonheur, et une partie de ta santé. Comme femme, tu étais parmi celle qui sacrifient, qui s’effacent, et puis même s’oublient. Au fil du temps, j’ai rencontré d’autres femmes de ton âge qui m’ont parlé de leur carrière, de leurs études, de leurs voyages, bref, de leur vie. Mais en grandissant, comme toi, à Lévis, les aînées les plus libres que j’ai rencontrées étaient les religieuses qui m’ont enseigné. En se soustrayant aux hommes, elles avaient pu vivre autrement qu’à travers eux. Il faut dire que notre région d’origine est parmi les derniers fidèles de l’Union nationale, des premiers partisans de l’ADQ, et des plus solides bastions du PCC du Québec — qu’elle est donc habitée par un conservatisme social aux racines particulièrement profondes. Savais-tu qu’il y a même un gars du coin, un dénommé Maxime Bernier, qui vient de fonder son propre parti ? Il disait, juste la semaine dernière, que les femmes ont d’autres priorités que la politique. Il veut aussi qu’on « réfléchisse », comme aux États-Unis, au contrôle qu’ont les femmes sur leur propre corps, gagné de peine et de misère il n’y a pas si longtemps. Grand-maman, il y a du monde qui veut reconstruire la vieille cage dans laquelle on t’avait enfermée, pour voir si on ne pourrait pas y jeter ma génération. Imagine-toi donc. Il y en a beaucoup qui sont surpris devant la remontée de certains courants, et qui pensaient que le Québec était devenu un endroit où toutes les femmes pouvaient désormais respirer tout à fait librement. Mais ta petite-fille est une femme noire, fille d’un père haïtien, et queer de surcroît. J’ai eu mes propres raisons de manquer moi aussi parfois d’oxygène, deux générations plus tard, devant la droite populiste et la pression conformiste de notre coin de pays. Tu as dû vivre avec les injonctions lancées des perrons d’église, et moi, avec les radios privées et leurs émules. Les choses ont changé, mais peut-être pas assez. Même si j’ai quitté la région depuis un moment, j’ai une reconnaissance infinie pour l’amour et la connaissance du territoire qui m’a été transmise, en grandissant dans le coin où ta famille est ancrée depuis des générations. Mon enfance, c’est aussi tous les après-midi passés entre femmes à cueillir et à apprêter les fruits et légumes de la cour ou des champs des villages environnants, dont les terres agricoles — et le patrimoine architectural — sont parmi les mieux conservés au Québec. Ce sont les marches sur la grève, ou carrément sur le Saint-Laurent, gelé, dans les anses de Bellechasse. C’est aussi les soirs d’été, dans la rue avec le voisinage pour admirer les feux d’artifice au-dessus des chutes Montmorency, devant la pointe de l’île d’Orléans, avec les échos de musique transportés par le vent jusqu’à notre rive du fleuve. Grand-maman, à moins que les gens décident d’aspirer à mieux que de transformer tous les coins fertiles, beaux et remplis d’histoire du Québec en autoroutes, banlieues-dortoirs, condos et stationnements de centre d’achats, eh bien ! ce paysage-là, à la limite est de Lévis, sera bientôt anéanti par un « troisième lien », l’étalement urbain et la pollution qui s’en suit. Grand-maman, les mêmes mouvements qui ont limité tes horizons et pointé du doigt ma différence sont aussi ceux qui menacent la Terre et le fleuve. Grand-maman, je veux qu’on se souvienne de la générosité et de l’altruisme qui ont guidé ta vie, et qu’on te souhaite d’être le plus libre possible là où tu es désormais. Tu auras vu le Québec s’ouvrir de tellement de manières au cours de ta longue vie. Je te promets de faire de mon mieux pour veiller, consciencieusement, à ce qu’il ne se renferme pas à nouveau. Ce ne sera pas tous les jours facile. Mais avec de la vigilance — et surtout avec la mémoire d’où l’on vient —, je pense qu’on peut y arriver. ",5321
1 journaliste,Emilie Nicolas,une chronique société,2019-09-05,https://ledevoir.com/opinion/chroniques/561911/au-nom-de-la-securite,Au nom de la sécurité,"Il y a maintenant près de deux ans, la direction de la résidence que je partageais alors avec plusieurs colocs d’un peu partout dans le monde a décidé d’installer, sans préavis, des caméras Google Nest à proximité de nos espaces communs. Le prétexte : surveiller les portes d’entrée au cas où il y aurait des voleurs, à un coût plus modeste que celui de caméras extérieures. La réalité : les caméras d’aujourd’hui ne sont pas les machins d’antan aux images floues stockées péniblement sur des VHS qu’on s’empresse d’effacer. Les Google Nest sont dotées de technologie de reconnaissance faciale. Toutes les personnes qui entrent et sortent de la résidence sont identifiées par les caméras ; le nombre d’allées et venues est calculé. Les engins sont connectés sur le réseau wi-fi de la résidence, tout comme nos téléphones : si on a son cellulaire sur soi, la caméra sait dans quelle pièce de la résidence chaque personne se situe, avec une grande précision. Les caméras sont aussi dotées de microphones assez puissants : nos conversations pouvaient être captées et enregistrées à un moment ou un autre. Finalement, elles sont contrôlées à partir d’une appli cellulaire ; les responsables de la résidence pouvaient en tout temps écouter le fil vidéo (et audio), être alertés des allées et venues d’un individu en particulier ou stocker des portions de notre vie privée dans un nuage. On a tout de suite eu l’impression d’être les participants non consentants à une émission de téléréalité. Certains de mes colocs avaient déjà subi de l’espionnage dans des pays où les militants des droits humains sont ouvertement surveillés — voire emprisonnés — par les autorités nationales. Disons qu’aucun d’entre nous n’a accueilli les caméras dans la joie et l’allégresse, mais pour certains, la situation allait même réveiller des traumas. Et je vous le donne en mille : aucun voleur n’a été attrapé au cours de notre séjour. Je vous épargne les détails de ce cas précis. Sachez seulement que les lois et normes sociales en matière de surveillance sont floues. Si floues que vous êtes probablement surveillés de la sorte vous aussi à votre insu. Plusieurs des grands centres commerciaux du Québec utilisent aujourd’hui la reconnaissance faciale non seulement pour la sécurité, mais aussi pour cerner le profil démographique de leur clientèle. Des caméras cachées lisent votre visage pour deviner votre genre, votre âge, votre humeur, votre niveau général de satisfaction et on ne sait quoi d’autre. Sans annonce, sans avertissement, et sans processus de reddition de comptes. Les caméras Google Nest, ou de type similaire, sont aussi de plus en plus nombreuses dans les écoles. Il y en a un peu partout au Québec dans les autobus scolaires, près des salles de bains, à l’entrée de salles de classe. La direction de l’école Vanguard, à Saint-Laurent, est même poursuivie par son syndicat des enseignants en réponse à l’installation d’une soixantaine d’appareils de ce type dans l’établissement. Les profs disent se sentir constamment épiés, que la situation crée un stress important au travail. Selon La Presse, on comptait environ 35 caméras par école à la Commission scolaire Marguerite-Bourgeoys… en 2013. Leur nombre a augmenté depuis. Par ailleurs, si vous habitez dans un complexe de condos ou si vous travaillez dans une tour à bureaux, je poserais quelques questions. On justifie bien des choses au nom de la sécurité. Depuis deux semaines, on commence tranquillement, et timidement, à réfléchir à la surveillance à la Ville de Montréal, à la suite d’une motion déposée par un élu indépendant du conseil municipal de Montréal, Marvin Rotrand, demandant un moratoire sur l’utilisation des technologies de reconnaissance faciale par le SPVM. C’est que l’an dernier, la Ville a fait l’acquisition de 730 caméras de vidéosurveillance, et 415 de ces caméras ont été remises au SPVM. On sait que la Ville de Toronto s’en sert, et que la Sûreté du Québec est en processus d’appel d’offres pour s’en acheter aussi. Le SPVM, quant à lui, refuse encore de dire au public si, oui ou non, ces nouveaux gadgets ont été déployés dans la métropole. Cet obscurantisme est apparemment normal, en démocratie. Comme société, nous n’avons pas conscience de la différence effarante entre les technologies d’aujourd’hui et les brontosaures à VHS de jadis. Au moment où quelques individus, encore isolés, soulèvent de peine et de misère ces questions fondamentales au Québec, les manifestants de Hong Kong doivent avoir recours à des pointeurs lasers pour brouiller les appareils de reconnaissance faciale installée dans les rues par les autorités chinoises avides de profilage et de répression politiques. Le Québec n’est pas la Chine. Mais les Québécois gagneraient sûrement à écouter les témoignages des Chinois, des Turcs… et même des militants autochtones, environnementalistes, communistes ou souverainistes d’ici, espionnés au fil du temps par la GRC, pour réaliser que la démocratie, les libertés civiles et les droits fondamentaux s’érodent facilement, surtout sous prétexte de sécurité. Les utilisations possibles de ce qui s’installe ici dans l’indifférence sont beaucoup plus vastes que l’on se l’imagine. Et les répercussions sur la vie quotidienne peuvent se faire sentir rapidement, sans préavis. Vous pouvez me croire. ",5307
1 journaliste,Emilie Nicolas,une chronique société,2020-04-02,https://ledevoir.com/opinion/chroniques/576230/pas-faits-pour-vivre-en-cage,Pas faits pour vivre en cage,"Depuis le début de la pandémie, les autorités adoptent des mesures jamais vues pour venir en aide aux plus vulnérables. On se préoccupe des sans-abri, on est soudainement sensibilisés aux besoins financiers des organismes communautaires, les initiatives citoyennes de solidarité et d’assistance aux plus vulnérables se multiplient. Dès l’arrivée de la COVID-19 au Canada, de nombreux experts ont sonné l’alarme sur la situation de la population carcérale, qui fait très certainement partie des groupes les plus à risque d’être infectés par le virus. Même en temps normal, l’hygiène y est difficile et de nombreux établissements sont surpeuplés. La distanciation y est pratiquement impossible. Déjà, à Port-Cartier, deux détenus et neuf employés ont été déclarés positifs. Même avec les suspensions de visites et les mesures de sécurité supplémentaires, on ne peut cesser les allers-retours des travailleurs entre les établissements carcéraux et leurs foyers. La pandémie atteindra les prisons. On ne sait simplement pas encore quand, et à quel rythme. La COVID-19 repousse jour après jour les limites du politiquement possible. Dans une multitude de secteurs, des mesures que d’aucuns auraient jugées comme du pelletage de nuages d’utopistes il y a à peine quelques semaines prennent désormais forme sous nos yeux. Mais le leadership politique manque encore pour les populations incarcérées. Pourtant, bien des prisonniers à faible risque, admissibles sous peu à la libération conditionnelle ou dont la fin de la sentence approche, pourraient être renvoyés chez eux sans que la sécurité publique en soit affectée. Certains juges considèrent depuis peu les risques associés à la pandémie dans leurs décisions de remise en liberté sous caution. Et choisir de garder des masses de personnes enfermées ensemble dans des conditions sanitaires douteuses en pleine pandémie défie encore plus le sens commun lorsqu’il ne s’agit même pas de criminalité. C’est le cas dans les centres de surveillance de l’immigration, où l’on enferme, grosso modo, des personnes que le gouvernement croit préférable de garder à l’œil pendant que leur demande d’asile est évaluée ou en attendant que leur expulsion soit effectuée. Et qu’en est-il des détenus particulièrement vulnérables aux complications s’ils contractent la COVID-19 ? Est-il vraiment nécessaire de persister ainsi à mettre leur vie en danger ? Plusieurs migrants détenus à Laval ont ainsi résolu d’entamer une grève de la faim, la semaine dernière, après plusieurs tentatives infructueuses de dialoguer avec les autorités. Pour les personnes incarcérées, les moyens de se faire entendre sont très limités. Si des moyens efficaces de libérer ceux qui ne sont pas une menace à la sécurité publique ne sont pas adoptés très bientôt, il ne faudrait pas s’étonner que de tels mouvements se multiplient ici et ailleurs au pays. La lenteur d’action politique ne peut s’expliquer que par la méconnaissance quasi totale d’une grande partie de la société des réalités du milieu carcéral. On se fait une idée caricaturale, alimentée par la médiatisation des cas extrêmes, du genre de personnes qui s’y trouve. Par exemple, le Syndicat des agents correctionnels du Canada, qui s’oppose à l’heure actuelle à de telles mesures d’urgence, tente dans ses sorties publiques d’assimiler tous les prisonniers à des individus dangereux et violents. On se dit aussi que toute sentence est méritée, sans savoir exactement à quelles conditions de vie on juge juste de condamner ces personnes. On réfléchit peu à la possibilité de réhabilitation dans un milieu bâti surtout pour la punition et la surveillance. Et puis, surtout, on les oublie, ces personnes, comme si elles existaient complètement à l’extérieur de la société. On ne pense pas à leurs parents, à leurs conjoints, à leurs enfants. Ni, apparemment, à leur santé. Pourtant, les limitations aux libertés individuelles que nous sommes contraints d’accepter désormais peuvent mener à des réflexions insoupçonnées. La semaine dernière, le magazine américain Mother Jones publiait les conseils que Keith Lamar, un prisonnier placé depuis 27 ans en isolement dans un établissement à sécurité maximale, pouvait avoir pour la population générale soudainement confinée à la maison. Pour conserver un minimum de santé mentale, il faudrait d’abord et avant tout apprendre à être bien avec soi-même. Puis s’assurer de cultiver son esprit : apprendre, méditer, écrire, se développer malgré tout. Nombreuses sont les personnes qui, il y a quelques semaines à peine, n’auraient pas cru qu’elles pourraient apprendre ainsi d’un détenu et de son expérience. Bien sûr, les mesures de distanciation sociale actuelles ne sont pas comparables à l’emprisonnement pur et simple, surtout si l’on pense à l’isolement dans les pénitenciers, reconnu depuis longtemps comme une forme de torture. La quarantaine force toutefois à prendre pleine conscience de l’impact de la limitation des déplacements et des contacts sociaux sur le bien-être. Et peut-être à avoir un peu plus de considération pour les gens qu’on croit juste d’enfermer et qui sont, faut-il le rappeler, loin d’être tous des violeurs ou des assassins dangereux. L’être humain, on le sait maintenant plus que jamais, n’est pas fait pour vivre en cage. ",5271
1 journaliste,Thomas Gerbet,un reportage,2019-02-18,https://ici.radio-canada.ca/nouvelle/1153642/pierre-brodeur-remuneration-elus-conseillers-municipaux-rive-sud,L'augmentation salariale du maire de Saint-Lambert reportée,"Les élus de Saint-Lambert devaient se voter une substantielle augmentation salariale, une deuxième en deux ans, lundi soir au conseil municipal. Ainsi, la rémunération totale du maire Pierre Brodeur devait passer à 120 000 $. Le vote a toutefois été retiré de l'ordre du jour à la dernière minute et on ignore quand il refera surface. Les élus justifient ce projet de hausse, entre autres, par la pression qu'ils subissent de la part des citoyens sur les médias sociaux. Saint-Lambert compte 22 500 habitants. Or, ses élus se plaignent depuis plusieurs années de gagner moins que leurs confrères d'autres municipalités de taille équivalente. Les nouvelles hausses salariales feraient monter le revenu des conseillers de 34 % et celui du maire de 45 %. Et c'est sans compter ses autres sources de revenus. Sa rémunération globale, pour 2019, devrait dépasser les 120 000 $, selon nos calculs. Parmi les raisons invoquées pour justifier ces nouvelles hausses, les élus de Saint-Lambert mentionnent le fait que leur travail est de plus en plus prenant. « Quelle que soit la taille des villes, les élus ont de plus en plus de responsabilités », peut-on lire dans l'avis public du projet de règlement. « Pour bien accomplir leur travail, ils doivent assumer une charge de travail plus grande qu’auparavant surtout dans un contexte d’agglomération, comme c’est le cas pour Saint-Lambert. » « » Les élus argumentent qu'il sont souvent interpellés par les citoyens « dans les lieux publics ou à leurs résidences personnelles ». De plus, « l’accessibilité à l’information et la rapidité des échanges générés par les médias sociaux ajoutent une pression supplémentaire », écrivent-ils. Parmi les autres raisons invoquées pour augmenter leur salaire, les élus expliquent notamment que les allocations de dépenses dont ils bénéficient sont maintenant imposées par le gouvernement fédéral. Malgré cette nouvelle hausse, Saint-Lambert sera encore parmi les villes de taille semblable qui payent le moins bien leurs élus. Veuillez noter que Radio-Canada ne cautionne pas les opinions exprimées. Vos commentaires seront modérés, et publiés s’ils respectent la nétiquette. Bonne discussion ! ImportantAfin de favoriser des discussions riches, respectueuses et constructives, chaque commentaire soumis sur les tribunes de Radio-Canada.ca sera dorénavant signé des nom(s) et prénom(s) de son auteur (à l’exception de la zone Jeunesse). Le nom d’utilisateur (pseudonyme) ne sera plus affiché. En nous soumettant vos commentaires, vous reconnaissez que Radio-Canada a le droit de les reproduire et de les diffuser, en tout ou en partie et de quelque manière que ce soit. Vous avez repéré une coquille? Vous êtes témoin d’un événement? Vous avez des questions sur notre travail? Le chef d'orchestre Jacques Lacombe succède à Boris Brott, mort tragiquement en avril dernier. À Montréal, le vieux pont Champlain s'étirait sur 3,4 kilomètres. Sa structure de béton et d'acier menaçait de s'effondrer. Il a eu besoin de trois manches pour vaincre le 74e joueur mondial 4-6, 6-1 et 6-4. Une personne sur quatre vit en situation d'insécurité alimentaire sur l'île de Montréal. Certains suspects sont liés aux Hells Angels, a indiqué la SQ qui anticipe d'autres arrestations prochaines. Laval accueillera le septième et dernier match de la Série de la rivalité. Elle réclame de l'aide et des ressources de Québec et d'Ottawa pour soulager les organisme communautaires. Patrick Bélanger prend le relais de Fady Dagher, nommé à la tête du SPVM en décembre dernier. Ces recommandations font partie d'un rapport déposé jeudi par une des commissions permanentes de la Ville. La Ville de Montréal est poursuivie dans le cadre d’un procès en action collective pour profilage racial. Une trentaine d'organismes disent que la mairesse Valérie Plante et des élus font preuve d'inaction. Des gestes d’intimidation et de sabotage ralentissent depuis des jours le ramassage de la neige dans les rues.",3958
1 journaliste,Thomas Gerbet,un reportage,2020-04-01,https://ici.radio-canada.ca/nouvelle/1690023/americain-refugie-canada-covid-19-trump-etats-unis-coronavirus,Un Américain se réfugie au Canada à cause de la COVID-19 | Coronavirus,"Cameron Akhavan, 22 ans, a annulé son billet de retour et espère rester à Montréal aussi longtemps qu'il le pourra. Il craint de retourner dans son pays, qui fait face à une crise sanitaire sans précédent. Je resterai le plus longtemps que je peux, j’ai le droit à 6 mois, explique l'étudiant, qui suit tous les jours les nouvelles inquiétantes en provenance des États-Unis. Mardi, le président Donald Trump a annoncé le prolongement des mesures d'isolement jusqu’au 30 avril. Le coronavirus a atteint 183 000 Américains et 3700 en sont morts, soit plus que le bilan officiel de la Chine. La situation n’est pas trop mal au Québec pour le moment, en comparaison avec les États-Unis, constate Cameron Akhavan. Il déplore que beaucoup d'Américains ne respectent pas les consignes de distanciation sociale. « Le gouvernement américain gère très mal la situation et démontre un grand manque de préparation. » Le taux d’infection aux États-Unis est beaucoup plus élevé qu’au Canada, soit de 43 infections par 100 000 personnes, comparé à 15 par 100 000 personnes au Canada. En Californie, où vit habituellement Cameron, le nombre d’hospitalisations a doublé au cours des quatre derniers jours et le nombre de patients en soins intensifs a triplé. Pendant ce temps, l'étudiant en ingénierie poursuit sa scolarité en ligne grâce aux cours offerts durant la crise par l'Université de Californie du Sud. L'étudiant a la chance d'être hébergé par la famille de sa copine, à Montréal. Il est arrivé pour lui rendre visite le 13 mars, le jour où plusieurs pays ont commencé à fermer leurs frontières. La frontière entre le Canada et les États-Unis est fermée aux voyageurs. Ce qu'a fait Cameron Akhavan n'est plus possible aujourd'hui. Se considère-t-il comme un réfugié? Oui, dans un sens, j'ai trouvé un refuge. Veuillez noter que Radio-Canada ne cautionne pas les opinions exprimées. Vos commentaires seront modérés, et publiés s’ils respectent la nétiquette. Bonne discussion ! ImportantAfin de favoriser des discussions riches, respectueuses et constructives, chaque commentaire soumis sur les tribunes de Radio-Canada.ca sera dorénavant signé des nom(s) et prénom(s) de son auteur (à l’exception de la zone Jeunesse). Le nom d’utilisateur (pseudonyme) ne sera plus affiché. En nous soumettant vos commentaires, vous reconnaissez que Radio-Canada a le droit de les reproduire et de les diffuser, en tout ou en partie et de quelque manière que ce soit. Vous avez repéré une coquille? Vous êtes témoin d’un événement? Vous avez des questions sur notre travail? La province a publié les données de l’activité virale pour la semaine du 29 janvier au 4 février. Les patients devront se tourner vers un programme centralisé et virtuel. La Saskatchewan composait avec un taux élevé d'infections à la COVID-19 durant cette période. C'est la quatrième personne au Québec accusée au criminel pour fabrication de faux documents vaccinaux. L’entreprise biopharmaceutique Medicago avait développé le vaccin Covifenz, rejeté par l'OMS. Le ministre fédéral des Transports, Omar Alghabra, affirme que ces mesures sont nécessaires. On a appris dans La Presse que Loto-Québec envisage de créer un grand salon de jeu avec des centaines de machines à sous, dans un local … Entrevue avec Jean-François Bergeron, président et chef de la direction, Loto-Québec À une époque pas si lointaine, de nombreux Gaspésiens passent l'hiver dans l'arrière-pays, alors que l'industrie forestière fait ses premiers … Le conjoint de Joyce Echaquan fait un voyage intérieur sur le territoire. Le concept qui vise à mieux organiser l’espace urbain est devenu la cible de théories du complot. Départ de Frédérique Baudemont du RSFS, la mairesse de Regina réagit à la lettre publiée le 17 février. 6.7M$ pour le logement à Saskatoon et … ",3791
1 journaliste,Thomas Gerbet,un reportage,2021-05-21,https://ici.radio-canada.ca/nouvelle/1795129/josee-latendresse-candidate-mairie-longueuil,Josée Latendresse sera candidate à la mairie de Longueuil,"Encore une nouvelle candidature à la mairie de Longueuil. Radio-Canada a appris que Josée Latendresse remontait dans l'arène avec un nouveau parti, baptisé Ensemble. Déjà cinq chefs de parti lorgnent la tête de la Ville, après l'annonce du départ de la mairesse Sylvie Parent. Josée Latendresse devra livrer bataille à son ancienne formation, Longueuil citoyen, qui a déjà annoncé son candidat. Elle aura aussi comme adversaire un autre parti avec lequel elle a siégé : Action Longueuil. En 2017, elle avait échoué de très peu dans la course à la mairie, par 110 voix, contre Sylvie Parent. Une lutte fratricide avait émaillé les mois précédant l'élection. Les déchirements s'étaient poursuivis durant la campagne et après le scrutin. La politique municipale de Longueuil a été marquée par les divisions depuis. Le parti de Josée Latendresse, Ensemble, comptera deux élus actuels parmi ses candidats, soit les conseillers Jacques Lemire et Jacques E. Poitras. Longueuil citoyen sera mené par le PDG de l'Orchestre symphonique de Longueuil, Jean-Marc Léveillé. La députée indépendante provinciale Catherine Fournier est également candidate avec Coalition Longueuil. L'ex-président de la CSN, Jacques Létourneau, reprend quant à lui la barre du parti au pouvoir, Action Longueuil. Un cinquième parti, Vert Longueuil, dirigé par Guy Sauvé, est aussi dans la course. Veuillez noter que Radio-Canada ne cautionne pas les opinions exprimées. Vos commentaires seront modérés, et publiés s’ils respectent la nétiquette. Bonne discussion ! ImportantAfin de favoriser des discussions riches, respectueuses et constructives, chaque commentaire soumis sur les tribunes de Radio-Canada.ca sera dorénavant signé des nom(s) et prénom(s) de son auteur (à l’exception de la zone Jeunesse). Le nom d’utilisateur (pseudonyme) ne sera plus affiché. En nous soumettant vos commentaires, vous reconnaissez que Radio-Canada a le droit de les reproduire et de les diffuser, en tout ou en partie et de quelque manière que ce soit. Vous avez repéré une coquille? Vous êtes témoin d’un événement? Vous avez des questions sur notre travail? Le chef d'orchestre Jacques Lacombe succède à Boris Brott, mort tragiquement en avril dernier. À Montréal, le vieux pont Champlain s'étirait sur 3,4 kilomètres. Sa structure de béton et d'acier menaçait de s'effondrer. Il a eu besoin de trois manches pour vaincre le 74e joueur mondial 4-6, 6-1 et 6-4. Une personne sur quatre vit en situation d'insécurité alimentaire sur l'île de Montréal. Certains suspects sont liés aux Hells Angels, a indiqué la SQ qui anticipe d'autres arrestations prochaines. Laval accueillera le septième et dernier match de la Série de la rivalité. Elle réclame de l'aide et des ressources de Québec et d'Ottawa pour soulager les organisme communautaires. Patrick Bélanger prend le relais de Fady Dagher, nommé à la tête du SPVM en décembre dernier. Ces recommandations font partie d'un rapport déposé jeudi par une des commissions permanentes de la Ville. La Ville de Montréal est poursuivie dans le cadre d’un procès en action collective pour profilage racial. Une trentaine d'organismes disent que la mairesse Valérie Plante et des élus font preuve d'inaction. Des gestes d’intimidation et de sabotage ralentissent depuis des jours le ramassage de la neige dans les rues. ",3315
1 journaliste,Thomas Gerbet,un reportage,2022-12-15,https://ici.radio-canada.ca/nouvelle/1941558/frederic-abergel-chum-hopital-pdg-quebec,Frédéric Abergel est pressenti pour prendre la tête du CHUM,"La valse des PDG du réseau de la santé ne semble pas vouloir s'essouffler au Québec. Tout indique que le gouvernement procédera au cours des prochains jours à la nomination de Frédéric Abergel comme PDG du Centre hospitalier de l’Université de Montréal (CHUM). Il est actuellement PDG du CIUSSS du Nord-de-l'Île-de-Montréal. Selon deux sources de Radio-Canada, le conseil d'administration du CHUM a signifié au gouvernement son choix, qui doit encore recevoir l'approbation du Conseil des ministres. Très apprécié dans les hautes instances du réseau et même par ses subalternes, Frédéric Abergel remplacera Fabrice Brunet, qui n'a pas souhaité renouveler son mandat au CHUM. Le CHUM emploie 18 000 personnes. Frédéric Abergel était PDG du CIUSSS du Nord-de-l'Île-de-Montréal depuis 2018. Son mandat avait été renouvelé en 2022 pour quatre ans. Auparavant, il avait occupé un poste de directeur à l'ancienne Agence de la santé et des services sociaux de Montréal. Lors de son renouvellement de mandat, le ministre de la Santé et des Services sociaux, Christian Dubé, avait salué son leadership remarquable et de grandes compétences. Durant la pandémie, il est probablement le PDG qui a fait face à la tempête la plus forte, car les quartiers du nord de Montréal ont été parmi les plus touchés par la COVID-19. En 2018, il avait remplacé Pierre Gfeller qui avait quitté ce poste en raison de sa nomination à titre de PDG du Centre universitaire de santé McGill. Hier, le Conseil des ministres a approuvé la nomination de la Dre Lucie Opatrny à la place de M. Gfeller. Elle était jusqu'à présent sous-ministre adjointe à la Santé. Comme le révélait Radio-Canada en avril﻿, la majorité des PDG de CISSS et de CIUSSS en poste durant la pandémie n'occupent plus leurs fonctions. Veuillez noter que Radio-Canada ne cautionne pas les opinions exprimées. Vos commentaires seront modérés, et publiés s’ils respectent la nétiquette. Bonne discussion ! ImportantAfin de favoriser des discussions riches, respectueuses et constructives, chaque commentaire soumis sur les tribunes de Radio-Canada.ca sera dorénavant signé des nom(s) et prénom(s) de son auteur (à l’exception de la zone Jeunesse). Le nom d’utilisateur (pseudonyme) ne sera plus affiché. En nous soumettant vos commentaires, vous reconnaissez que Radio-Canada a le droit de les reproduire et de les diffuser, en tout ou en partie et de quelque manière que ce soit. Vous avez repéré une coquille? Vous êtes témoin d’un événement? Vous avez des questions sur notre travail? La séance d’information a pour but de présenter les services qui seront offerts et l'aménagement du milieu. La médiatrice préconise l'ajout de dizaines d’infirmières et la diminution de la « pression clinique ». Le gouvernement cherche à réduire les arriérés chirurgicaux et les temps d'attente. Une déclaration de Blaine Higgs passe mal auprès des médecins du Nouveau-Brunswick. Vitalité a dépensé six millions pour l’embauche d'infirmières itinérantes, soit 12 fois plus qu'Horizon. Cette pratique pourrait être perçue comme une injustice par les infirmières du public, redoute le syndicat. Le nouvel observatoire dressera le portrait de l'état mental des cégépiens et des universitaires. Cet oubli fait l'objet d'une enquête et sera déclaré à tout le réseau de la santé. Présenté mercredi, le projet de loi 10 interdit le recours aux services d'agences de placement de personnel. Alors que Québec veut s'affranchir des agences privées de placement d'ici trois ans, les infirmières sont nombreuses à ne pas vouloir … Moderna travaille à des vaccins combinés contre la grippe, la COVID-19 et le virus respiratoire syncytial. Le gouvernement a présenté aujourd'hui une nouvelle version de son projet de loi sur l'aide médicale à mourir. Il permettrait aux personnes … ",3791
1 journaliste,Emilie Nicolas,une chronique société,2021-11-04,https://ledevoir.com/opinion/chroniques/644871/mettre-fin-aux-i-id-u10600688246q3h-freak-shows-i,Mettre fin aux «freak shows»,"Bien avant que les médias de masse soient assez développés pour accaparer tous les temps libres de la classe moyenne nord-américaine, il y a eu l’âge d’or du cirque. Dès le XIXe siècle, des compagnies américaines voyagent de ville en ville, des deux côtés de la frontière, pour divertir petits et grands avec leurs manèges, jeux d’adresse, spectacles de marionnettes, clowns, acrobates et artistes hors de l’ordinaire. Pour attirer les spectateurs, on rivalise d’audace pour recruter des « monstres de foire ». Parfois, il s’agit d’animaux extraordinaires, préférablement exotiques, nés avec une malformation congénitale quelconque. Le plus souvent, il s’agit de personnes handicapées. En les exhibant sur scène, on cherche à faire rire, à choquer, à susciter l’épouvante, voire carrément l’horreur. Oyez, oyez ! Mesdames et Messieurs ! Venez voir cet enfant, né avec deux doigts à chaque main ! Ou cette petite fille-araignée (aux quatre jambes) ! Ou cette femme à barbe ! Ou cet « homme-éléphant » (souffrant d’une tumeur à la tête) ! Ou ces jumeaux siamois qui feront des pirouettes pour vous ! Venez observer la dépouille du « géant » Édouard Beaupré ! Les restes de cet homme métis de sept pieds un pouce atteint de gigantisme, décédé en 1904, furent exposés à l’entrée du musée Éden de Montréal, pour attirer les passants, jusqu’à ce que la police s’en mêle et que la compagnie de cirque abandonne le corps dans un hangar. Ou venez plutôt visiter le Palais des nains, rue Rachel ! Là où vous pouviez, dès 1926, épier le quotidien des membres d’une famille de petite taille, ce qui leur permettait de gagner leur vie. La crise économique des années 1930 frappe les freak shows de plein fouet, et le concept tombe en désuétude après la Deuxième Guerre mondiale. C’est que pendant que d’un côté, les compagnies européennes et américaines divertissaient les foules avec des personnes handicapées exhibées comme des « monstres », d’un autre, plusieurs gouvernements avaient mis sur pied des politiques eugénistes. Au Canada, l’idée que les « dégénérés » devraient être éliminés de la société fait surtout son chemin dans l’Ouest, aboutissant à des lois sur la stérilisation forcée de « faibles d’esprit » en Alberta (1928) et en Colombie-Britannique (1933). Au Québec, l’Église catholique s’oppose fermement à toute forme de stérilisation et donc d’eugénisme formel. Cela dit, l’idée que les personnes handicapées (physiquement ou mentalement) et les autres « tarés » (ce qui comprend à l’époque les alcooliques, les travailleuses du sexe, les criminels, etc.) devraient éviter de se reproduire prend racine dans certains milieux ici comme ailleurs. En Europe, les nazis procèdent à l’enfermement puis au meurtre systématique des personnes handicapées. Après l’Holocauste, l’Occident sous le choc commence à réfléchir un peu plus sérieusement aux droits de la personne. On se moque encore des handicaps, à la télévision comme dans les cours d’école. Mais on se demande au moins si c’est « politiquement correct » de le faire. Au lendemain du jugement de la Cour suprême dans l’affaire de Mike Ward et de Jérémy Gabriel, on s’est demandé : a-t-on le droit de fantasmer sur le meurtre d’un enfant handicapé dans le cadre d’un spectacle d’humour, pour faire rire ? Mais on a négligé de se poser la question : pourquoi fantasmer sur le meurtre d’un enfant handicapé fait-il rire une masse critique de gens, au point d’être commercialement viable ? Quel est le lien historique entre l’industrie du divertissement, les spectacles d’humour et la violence envers les personnes handicapées ? Avec ces interrogations, on se sort du paradigme assez stérile, il me semble, où on s’inquiète de sa liberté de stigmatiser sans se demander d’où vient le désir de le faire. C’est là que la réflexion devient plus intéressante, à mon avis. Peter Dinklage, l’acteur qui a incarné avec brio Tyrion Lannister dans la série Game of Thrones, a parlé à maintes reprises de tous les rôles dégradants qu’il a dû rejeter avant de tomber sur quelques rares projets où son nanisme ne serait pas mis en opposition avec sa dignité. Encore aujourd’hui, les personnes handicapées sont souventinvisibilisées dans la culture populaire. Ou encore, elles sont mises en avant dans des scénarios clichés, où on les admire pour avoir « surmonté » leur handicap — nécessairement présenté comme un problème à régler — avec une extraordinaire force de caractère. Il est encore rare, à l’écran comme sur scène, de simplement les voir être, dans leur individualité, leurs forces, leurs faiblesses, leur sexualité, leur humour, bref, leur humanité. Les prises de conscience se font, toutefois, et les mouvements contre le capacitisme progressent. Qui sait, bientôt, on aura assez changé la culture populaire pour qu’il ne soit plus commercialement profitable, tout simplement, de parler devant les foules d’assassiner un enfant, pour faire une petite blagounette. Qui sait, on aura même fait plus de place aux personnes handicapées dans le milieu de l’humour, et on cessera de débattre de comédie et de discrimination comme si ces artistes n’existaient pas. ",5113
1 journaliste,Emilie Nicolas,une chronique société,2022-08-25,https://ledevoir.com/opinion/chroniques/748797/chronique-la-haine-tranquille,"La haine, tranquille","La dernière péripétie de la course à la chefferie du Parti conservateur du Canada est particulièrement surréelle. Pierre Poilievre, bien en tête dans les intentions de vote, a serré la main à un partisan le week-end dernier, lors d’un événement de campagne. Le partisan en question s’est avéré être Jeremy Mackenzie, fondateur du Diagolon — un homme et un groupe associés à « l’extrémisme violent » par le Centre intégré d’évaluation du terrorisme (CIET), l’organisme fédéral chargé de repérer les menaces à la sécurité nationale. On comprend que dans un bain de foule, un politicien ne connaît pas nécessairement l’identité de toutes les personnes auxquelles il serre la main. Mais depuis, l’identité du personnage est devenue publique. Le candidat à la chefferie conservatrice, Jean Charest, et le chef du NPD, Jagmeet Singh, ont tous deux demandé à Pierre Poilievre de dénoncer l’individu. Pour le moment, c’est le silence radio du côté de Poilievre. Et ce silence ne semble pas affecter particulièrement la campagne du candidat. Il y a encore quelques années, l’incident aurait semblé surréel à quiconque suit la politique de près ou de loin. On constate pourtant que le meneur de la course au Parti conservateur peut désormais serrer la main d’un extrémiste violent surveillé par les autorités antiterroristes canadiennes, tranquille, sans que cela fasse de vagues. Après tout, M. Poilievre et plusieurs de ses collègues députés n’ont aussi eu aucun problème à s’afficher avec le convoi dit « de la liberté » à Ottawa en février dernier. Pourtant, le CIET a aussi déterminé ce convoi comme une « opportunité » de recrutement et de réseautage importants pour plusieurs mouvements extrémistes violents, selon un rapport rendu public la semaine dernière par le truchement d’une demande d’accès à l’information. Cela ne veut pas dire que tous les participants au convoi appartenaient à des groupes extrémistes violents, bien sûr. On dit plutôt que leur présence était assez importante, particulièrement au sein des organisateurs, pour qu’il soit très problématique, voire dangereux, pour des élus de s’y associer. Ce recrutement et ce réseautage, et par ricochet donc, cette croissance des groupes violents associés à l’extrême droite depuis février dernier, sont devenus palpables. Encore il y a deux semaines, des partisans de QAnon ont attaqué des policiers de Peterborough, en Ontario, en s’imaginant procéder à leur « arrestation citoyenne ». Et plusieurs journalistes — des femmes, surtout racisées — font l’objet depuis quelques mois d’une campagne ciblée de haine. Des courriels, écrits sur un modèle similaire, reprennent le vocabulaire et les théories haineuses des groupes d’extrême droite, tout en les ponctuant de menaces de viol et de mort. Devant la gravité de la situation, le Toronto Star, Global News, le Hill Times et l’Association canadienne des journalistes ont même dû faire une sortie conjointe pour dénoncer la situation et interpeller les services de police qui auraient failli à traiter avec assez de sérieux plusieurs plaintes reçues. Résumons donc. Des militants d’extrême droite, dont plusieurs ont été identifiés comme des menaces terroristes, ont contribué à paralyser la capitale nationale l’hiver dernier. Depuis, ils se sont multipliés, et certains d’entre eux s’en prennent non seulement à des élus, mais aussi à des journalistes, et même à des policiers. Imaginons un moment que ce soit le leader d’un groupe terroriste associé à l’islamisme qui serre la main de Pierre Poilievre, ou qui envoie des menaces de mort et de viol à des journalistes. Pensez-vous que l’impact sur la course à la chefferie du Parti conservateur serait la même ? Pensez-vous qu’on banaliserait autant la gravité des menaces reçues ? Imaginons qu’un regroupement autochtone décide de procéder à « l’arrestation citoyenne » d’un corps policier. La nouvelle serait-elle traitée comme de la petite routine d’actualité politique d’été ? Poser la question, c’est y répondre. La banalisation des menaces posées par l’extrême droite au Canada est d’ailleurs déjà dénoncée depuis plusieurs années par les experts en la matière. Et bien sûr, cette montée de la haine affecte non seulement les figures publiques, mais aussi les gens ordinaires. Entre 2019 et 2021, les crimes haineux déclarés par la police ont augmenté de 72 %, selon les compilations de Statistique Canada. Là encore, imaginons une augmentation de 72 % de n’importe quel autre type de crime au Canada sur une période de deux ans. Tout le monde en parlerait. Souvent, lorsque la menace vient de l’extrême droite, l’analyse policière et médiatique porte sur des « incidents isolés », des « loups solitaires ». Le mouvement est donc là, devant nous, et il grandit. Mais on peine encore à le voir comme un mouvement. Chaque plainte pour menace de mort ou de viol, par exemple, sera traitée isolément — si elle est même traitée. On se garde, le plus souvent, de se pencher sur les réseaux auxquels appartient l’individu qui déverse sa haine. Pour cesser de banaliser le phénomène, il faudrait enfin comprendre que, même lorsqu’on a affaire à un homme seul derrière son clavier, cet homme appartient à un contexte social bien précis. ",5198
1 journaliste,Emilie Nicolas,une chronique société,2022-12-15,https://ledevoir.com/opinion/chroniques/774677/chronique-la-honte-d-avoir-faim,La honte d’avoir faim,"Dans L’éthique protestante et l’esprit du capitalisme, un des fondateurs de la sociologie moderne, Max Weber, examine le lien entre richesse et vertu, notamment dans le monde anglo-saxon. L’idée, ici, c’est que dans les cultures protestantes, la prospérité financière serait un signe de la grâce de Dieu. On reconnaît bien sûr dans ce portrait une grande partie de la société américaine et canadienne. Avec la force historique de l’Église catholique au Québec, le rapport à la richesse, et donc à la pauvreté, est bien sûr différent. Mais on peut avancer qu’avec la rupture d’une bonne partie de la population par rapport au catholicisme, cette différence québécoise s’est estompée. Force est de constater que, plutôt que de considérer que les « derniers seront les premiers au royaume de Dieu », les élites québécoises ont aussi internalisé l’éthique protestante et l’esprit du capitalisme dominant. Être pauvre, pour plusieurs, est nécessairement un signe de vice. En Amérique du Nord — y compris au Québec, donc —, se désigner comme pauvre prend du courage. La mythique « classe moyenne » prend tellement de place dans nos imaginaires qu’on finit par être incapable de même mettre des mots simples sur les inégalités sociales. Un ménage peut récolter le triple, le quadruple des revenus médians et encore s’identifier à la classe moyenne. De même, une famille qui n’arrive pas à payer ses factures d’épicerie continuera aussi à se dire « moyenne ». Parce que la pauvreté, en Amérique du Nord, on a tendance à la voir d’abord comme une « mauvaise passe ». Un peu comme si chaque pauvre était un bourgeois potentiel temporairement indisposé — et qui révélera au monde son véritable habitus social s’il accepte de se relever les manches et de « travailler fort ». Admettre qu’on est pauvre et non « cassé pour le moment », ce serait dire qu’on manque de discipline, de talent, d’éthique de travail — toutes des vertus qui, on nous le promet, garantissent l’accès au confort matériel. Ces croyances sont de la foutaise, bien sûr. Mais une foutaise qui joue un rôle bien précis. La honte, sous le capitalisme, permet d’éviter la révolte. La gêne de sa condition économique, la conviction que c’est par défaut personnel qu’on ne vit pas mieux, l’hésitation même à nommer sa précarité sont essentielles au maintien de l’ordre apparent. Si ce n’était la prise de ces idées sur la société, il y aurait des dizaines de milliers de personnes dans les rues, en ce moment même au Québec, à crier qu’elles ont faim. Si ce n’était ces foutaises, vous seriez une foule à perte de vue, devant les parlements, à scander que non, vous n’êtes pas des paresseux. Que non, avec le salaire minimum actuel, travailler à temps plein, même plus, ne permet pas nécessairement de se sortir de la pauvreté. Que non, la charité chrétienne du temps des Fêtes n’est pas une manière viable de régler le problème de la faim et de la malnutrition. Vous répéteriez que non, vivre dans un « pays riche » ne garantit pas l’accès de tous à cettedite richesse. Que non, ce n’est pas parce qu’une personne est handicapée qu’elle ne mérite rien de mieux que des prestations de misère durant toute une vie. Que non, ce n’est pas en véhiculant des préjugés sur les personnes qui bénéficient d’une aide sociale qu’on va créer une société « productive ». Que non, les aînés qui ne font plus partie de la « population active » ne méritent pas, du jour au lendemain, de cesser de vivre dans la dignité. Votre ras-le-bol prendrait tellement de place que les politiques n’auraient plus d’autre choix que de proposer au moins certains changements structurels. Après tout, même les pauvres ont le droit de vote. Mais nous n’en sommes pas là. On se dit que la crise de la faim actuelle est due à cette satanée inflation, à une potentielle récession ponctuelle — et non à l’organisation même de la société. On continue à se dire que si les gens n’arrivent pas à boucler leurs fins de mois, c’est qu’ils traversent encore l’une de ces mythiques « mauvaises passes » — et non parce que l’on continue de considérer, dans notre société, l’existence de la pauvreté comme une conséquence du manque « d’effort » d’un individu. On préfère rester surpris à chaque venue d’une crise économique, pris de court par le bris de cette promesse de prospérité perpétuelle sur laquelle l’Amérique s’est fondée. On attend patiemment le retour à la « normale » économique. On refuse de voir que, même sous le régime de cette « normale » économique, la pauvreté et la faim n’ont jamais cessé d’être aussi des problèmes de pays riches. On soulignait cette semaine le 20e anniversaire de la Loi visant à lutter contre la pauvreté et l’exclusion sociale, une loi provinciale. Le Collectif pour un Québec sans pauvreté en a profité pour publier un examen critique de son application et en faire le bilan. Les gens en quête de solutions concrètes peuvent commencer à regarder de ce côté. Il y a bien des raisons pour lesquelles, 20 ans plus tard, nous sommes encore bien loin de l’élimination de la pauvreté. Je ne sais pas quel changement profond on peut espérer, à moins que la honte cesse d’être portée par les pauvres, et devienne plutôt le lot de ceux qui appauvrissent. ",5199
1 journaliste,Hugo Dumas,une chronique télévision,2022-03-29,https://www.lapresse.ca/arts/chroniques/2022-03-29/suzanne-clement-en-quotidienne-a-radio-canada.php,Suzanne Clément en quotidienne à Radio-Canada,"Voici un bon scoop fraîchement sorti du four : c’est Suzanne Clément qui a décroché le rôle principal de la nouvelle série dramatique quotidienne qui remplacera District 31 cet automne. C’est une excellente prise pour Radio-Canada, car Suzanne Clément joue rarement à la télé québécoise. Sa dernière présence ici remonte au feuilleton Unité 9, où elle a campé la détenue délurée Shandy Galarneau, un rôle qu’elle a quitté au printemps 2013 à l’expiration de son contrat d’un an. Selon mes informations, cette nouveauté, dont le titre n’a pas encore été trouvé, se déroulera dans le milieu hospitalier et portera la signature de l’auteure Marie-Andrée Labbé (Sans rendez-vous, Trop). Que les fans se rassurent, Marie-Andrée Labbé a bouclé l’écriture de la deuxième saison de la comédie Sans rendez-vous avant de se jeter, en solo, dans le marathon de scénarisation d’une émission quotidienne. Une tâche qui nécessite une énergie du tonnerre, combinée à une discipline de fer. Dans cette série médicale, qui comptera 120 demi-heures par année, comme District 31, Suzanne Clément jouera l’urgentologue Emmanuelle Lacombe, rattachée à un grand hôpital montréalais. Les décors de cet établissement de santé seront construits dans les studios MEL’s de Saint-Hubert, au même endroit où les sergents-détectives du 31 passent leurs suspects en interrogatoire. Danièle Méthot, collaboratrice de Fabienne Larouche depuis Virginie, demeurera la réalisatrice-coordonnatrice. En théorie, Suzanne Clément croisera le fer avec Sébastien Delorme de TVA, qui a hérité du premier rôle dans la série quotidienne Indéfendable, de l’auteure Nadine Bismuth (Un lien familial), prévue à la grille-horaire de septembre. Autre information intéressante : Fabienne Larouche et Michel Trudeau de chez Aetios coproduiront ce téléroman quotidien avec Guillaume Lespérance de la compagnie A Média (Les mecs, Discussions avec mes parents, Tout le monde en parle). Une alliance que peu d’observateurs ont vue venir dans le milieu de la télé. PHOTO EDOUARD PLANTE-FRÉCHETTE, LA PRESSE Fabienne Larouche J’ai écrit et produit 20 ans de quotidienne à Radio-Canada, j’ai eu un bonus de six ans avec Luc Dionne sur District 31. On s’est associés avec Guillaume Lespérance pour partager la tâche et éventuellement passer le flambeau. Fabienne Larouche « C’est la première fois que Fabienne Larouche et moi allons collaborer. J’ai découvert chez Aetios des gens qui sont comme moi. J’ai beaucoup d’admiration pour les gens travaillants qui ont le couteau entre les dents », indique Guillaume Lespérance en entrevue téléphonique. Il n’a pas été possible de parler avec Suzanne Clément lundi. Dans les 10 dernières années, l’actrice de 52 ans a surtout participé à des téléséries françaises, dont Versailles, La forêt, Vampires et Dérapages, toutes sur Netflix sauf Versailles, hébergée par Crave. La rare présence de Suzanne Clément au générique d’une série québécoise a provoqué du tumulte en coulisse, me dit-on. C’est que l’actrice devait également se joindre à la distribution de la nouvelle minisérie Chouchou que Simon Boulerice a écrite pour la chaîne Noovo, propriété de Bell Média. Suzanne Clément y aurait joué la mère de Sandrick (Lévi Doré), un élève de 17 ans qui entretient une relation illicite avec sa prof de français de 37 ans, Chanelle Chouinard (Évelyne Brochu), dite Chouchou. Le recrutement de Suzanne Clément dans Chouchou devait être rendu public le jeudi 17 mars au cours d’une conférence de presse virtuelle. Cette annonce n’a jamais eu lieu. Car la veille du dévoilement, Radio-Canada et Aetios ont appris que Noovo et Bell Média s’apprêtaient à leur couper l’herbe sous le pied en claironnant – en primeur – le grand retour de Suzanne Clément dans une fiction québécoise. Panique dans la tour, vous vous imaginez. Dans Chouchou, Suzanne Clément aurait obtenu une dizaine de jours de tournage. Dans la nouvelle série médicale, Suzanne Clément en aura une centaine, soit dix fois plus. L’actrice, qui a dû s’engager pour plusieurs saisons à Radio-Canada, a dû faire un choix. Pourquoi ? Parce que les têtes d’affiche de séries quotidiennes signent une clause d’exclusivité tacite. On paie très bien ces vedettes pour leurs services et on s’attend à ce qu’elles ne se consacrent qu’à un seul projet. Depuis six ans, Vincent-Guillaume Otis, alias le sergent-détective Patrick Bissonnette, n’est apparu que dans District 31. Et si Michel Charette a pu traverser dans Le bonheur à TVA, c’est que a) District 31 s’achevait et b) c’est la même productrice qui élaborait les horaires. Selon l’agent de Suzanne Clément, Maxime Vanasse, « il n’y a pas eu de guerre entre Bell et Radio-Canada, et Suzanne Clément a simplement dû faire un choix entre deux projets intéressants », dit-il. Selon mes espions, les gens de Bell Média n’auraient pas apprécié de perdre Suzanne Clément dans ces circonstances compétitives. La productrice de Chouchou, Vicky Bounadère, de chez Passez Go (Lou et Sophie, L’académie), a préféré ne pas commenter le désistement à la dernière minute de Suzanne Clément. Selon des sources au courant du dossier, la boîte Passez Go détenait bel et bien un contrat dûment négocié avec la comédienne. Bell Média confirme que oui, Suzanne Clément était pressentie pour un rôle dans la série Chouchou, sans toutefois préciser pourquoi l’actrice s’est retirée quelques heures avant la conférence de presse du projet de Simon Boulerice. ",5424
1 journaliste,Emilie Nicolas,une chronique société,2020-11-26,https://ledevoir.com/opinion/chroniques/590445/dehors-novembre,Dehors novembre,"C’est un cycle classique. D’une part, les gens qui vivent dans la rue valorisent la liberté. La liberté d’aller et venir comme bon leur semble, de fréquenter leur partenaire, d’avoir accès à leurs biens personnels, d’avoir une intimité, d’avoir un animal de compagnie, de ne pas se faire poser trop de questions lorsqu’on met le pied dans le pas de la porte. Le genre de liberté qu’on tient pour acquis lorsqu’on a un foyer. D’autre part, la plupart des ressources qui leur sont accessibles sont axées sur les règles. Des règles qui contribuent en partie à la sécurité des refuges, qui facilitent le travail des employés et qui limitent les risques légaux pour les organismes. Une partie de la population itinérante refuse d’abandonner sa liberté pour adhérer à des programmes aussi rigides, et ce, malgré les dangers qui abondent, surtout l’hiver. Le système tente de lui tenir tête. Chaque année, on constate les morts de froid, les overdoses. On se demande ce qu’on aurait pu faire de mieux. David Chapman, coordonnateur de Résilience Montréal, connaît bien ce sempiternel combat entre liberté et réglementation. Il croit notamment que l’un des problèmes vient des bailleurs de fonds à la recherche de « résultats mesurables » pour les programmes qu’ils financent. Combien de personnes avez-vous sorties de la rue, réintégrées ? demande-t-on. Nécessairement, les établissements les plus « efficaces » sont ceux qui travaillent avec la population en situation d’itinérance la plus « facile ». Celle qui peut suivre les règles. Lorsque le financement des organismes est lié à l’obtention de ce type de résultat, les services offerts aux plus vulnérables des vulnérables se font nécessairement plus rares. « Ces gens-là tombent souvent dans les failles du système », explique-t-il. En temps de pandémie et de crise économique, les failles sont devenues des crevasses béantes. Bien des commerces et des lieux sûrs du centre-ville sont désormais plus difficiles d’accès, et la capacité d’accueil des organismes a été réduite, pour respecter les mesures sanitaires. Les femmes, en particulier les femmes autochtones, souffrent principalement de cet accès limité aux ressources. Jessica Quijano, du Foyer pour femmes autochtones de Montréal, observe une augmentation marquée des agressions sexuelles envers les usagères. Si les femmes n’ont nulle part où fuir, les agresseurs le savent, et en profitent. Il est difficile de chiffrer exactement le phénomène, puisque la plupart des survivantes refusent de porter plainte. C’est qu’on ne croit pas que la police prendra la dénonciation au sérieux. Ou on craint les représailles de l’agresseur ou de son groupe. Ou encore, on ne se souvient pas assez clairement des détails de l’événement vu l’état d’intoxication, volontaire ou forcé. Même sans statistiques officielles, le problème serait devenu assez grave pour qu’une intervenante demande, lors d’une réunion de concertation entre organismes impliqués auprès de cette population, s’il ne fallait pas installer un bac à vêtements dehors, pour les femmes qui réapparaissent à moitié vêtues, en crise, lors de nuits qui se font de plus en plus glaciales. Une image qui a marqué Mme Quijano. Selon elle, la solution passe notamment par des ressources plus accessibles, de jour comme de nuit, où les femmes se sentiraient véritablement accueillies. L’organisme Wish, à Vancouver, serait un modèle de centre de ressources sans jugement pour toutes les femmes, y compris les femmes trans. Mme Quijano déplore également que les services d’injection supervisés de Montréal soient concentrés dans l’est du centre-ville, et donc difficilement accessibles à la population itinérante autochtone du secteur Atwater. On sait que l’utilisation des drogues est en forte augmentation depuis le début de la pandémie, et que les overdoses sont de plus en plus fréquentes. Il faudrait que l’offre de ressources s’adapte en conséquence. Pour David Chapman, la sortie de crise passe aussi par une plus grande diversification des approches. Il y a des « modes », des mouvements idéologiques qui deviennent populaires auprès de la communauté qui se préoccupe des personnes en situation d’itinéraires. Il cite en exemple l’approche Logement d’abord, qui consiste à donner le plus rapidement possible accès à un logement stable aux personnes qui sont dans la rue. Le modèle est très apprécié d’une certaine clientèle. « Mais il ne constitue pas une solution magique à des siècles de génocide culturel et au trauma intergénérationnel que ça peut laisser », soutient-il en pensant à sa clientèle autochtone. « En insistant sur l’efficacité, la mesure de succès et la mitigation des risques, on laisse de côté l’humanité », souligne-t-il. ",4706
1 journaliste,Hugo Dumas,une chronique télévision,2022-03-09,https://www.lapresse.ca/arts/chroniques/2022-03-09/fascinantes-fraudeuses-fabulatrices.php,Fascinantes fraudeuses fabulatrices ,"Dans son anglais mâtiné d’un accent russo-allemand, Anna Sorokin, dite Anna Delvey, a passé neuf épisodes d’Inventing Anna (Netflix) à répéter que son père était riche en ta… Que le virement avait été fait, que l’argent arriverait d’ici quelques jours, qu’il devait sûrement y avoir un problème avec la banque, ah, les transferts internationaux, est-ce que je pourrais emprunter ta carte de crédit ? Ses créanciers la harcelaient, ses « amies » la confrontaient sur sa présumée fortune, mais rien ne crevait la bulle d’Anna, inébranlable derrière ses lunettes Céline surdimensionnées. Même en prison, Anna n’en démordait pas : son papa réglerait tout ça en puisant dans sa fiducie. Anna Sorokin attend encore ses virements. La minisérie The Dropout, dont les trois premiers épisodes ont été déposés sur Disney+ en anglais et en français, raconte une histoire similaire (et 100 % véridique) de jeune fraudeuse qui voit grand et qui tombe de très haut. Il s’agit d’Elizabeth Holmes, jouée avec brio par Amanda Seyfried, la patronne déchue de l’entreprise Theranos, qui a promis mer et monde à l’industrie médicale avant d’être engloutie par la vague de ses mensonges. Bourrée d’ambition (elle apprend le mandarin dans ses temps libres, vous voyez le genre), l’hyper brillante Elizabeth Holmes abandonne la prestigieuse Université Stanford en 2003 pour fonder sa propre entreprise. Ce que cette entrepreneure de 19 ans offre aux investisseurs de la Silicon Valley ? Un bidule portatif de la grosseur d’un taille-crayon qui effectuera une batterie de tests à partir d’une seule goutte de sang. Plus besoin de piqûres, de seringues ou d’éprouvettes pour dépister des maladies, une mini-ponction sur le bout d’un doigt – comme pour les tests de glycémie – suffira. Et l’analyse s’effectuera à la maison, sans gros laboratoire coûteux. Génial, non ? Elizabeth Holmes et son bébé Theranos séduisent la presse spécialisée et récoltent des millions en financement. La valeur de Theranos grimpe jusqu’à 9 milliards, les contrats avec les sociétés pharmaceutiques s’alignent et la pression augmente sur Elizabeth Holmes, qui n’a pas encore 25 ans, il faut le rappeler. Contrairement à l’évanescente escroqueuse Anna Sorokin, Elizabeth Holmes en a bavé pour percer la « dudecratie » ou le « boys club » de la sphère technomédicale. Elle a longtemps dormi sur le sofa de son bureau, enchaînant des journées de travail de 20 heures. Elle a furieusement étudié les méthodes de Steve Jobs, d’Apple, et a même copié son uniforme de travail, soit le fameux col roulé noir d’Issey Miyake. Pour gagner en autorité dans cet univers misogyne, Elizabeth Holmes s’est aussi exercée pendant des heures à baisser sa voix d’une octave. C’est hallucinant de la voir répéter des phrases devant son miroir en ne clignant jamais des yeux. L’actrice Amanda Seyfried accomplit un boulot incroyable dans sa personnification d’Elizabeth Holmes. La chute de la PDG de Theranos a été plus vertigineuse que son ascension. Un premier résultat truqué a mené à une demi-vérité, qui a débouché sur un tissu de mensonges devenus impossibles à détricoter. L’ex-femme d’affaires, aujourd’hui âgée de 37 ans, attend sa peine après avoir été reconnue coupable, en janvier dernier, d’avoir sciemment vendu une technologie qui ne fonctionnait pas. Le cinéaste Adam McKay (Don’t Look Up) prépare actuellement le film Bad Blood sur le fiasco de la société Theranos avec Jennifer Lawrence dans le rôle d’Elizabeth Holmes. Très, très hâte de le voir. Ces scandales complexes et nuancés, qui ont tous fait l’objet de livres, de balados ou d’articles-fleuves dans le magazine Vanity Fair, sont fascinants à plusieurs égards. Ils incorporent des éléments de tragédies grecques (pouvoir, ambition, trahison, déchéance) et les campent dans le monde actuel, qui valorise la réussite à tout prix. Quitte à tromper ou à voler, il faut écraser, gravir, frauder et monter encore. PHOTO NIC COURY, ASSOCIATED PRESS La vraie Elizabeth Holmes lors de son procès. L’ex-dirigeante de Theranos a été reconnue coupable d’escroquerie envers des investisseurs en janvier dernier. La télé américaine carbure à ces déboires bien réels d’entreprises chouchous – et leurs dirigeants mégalomanes – qui ont récemment déboulé la pente. Le service Apple TV+ lancera le vendredi 18 mars les trois premiers épisodes de WeCrashed à propos de la dégringolade spectaculaire de WeWork, qui offrait des espaces partagés de travail partout dans le monde. WeCrashed se concentre sur le couple formé par Adam Neumann (Jared Leto) et sa femme, Rebekah (Anne Hathaway), les deux figures charismatiques et narcissiques de WeWork. Avant le grand effondrement, WeWork a orchestré des fêtes déchaînées et nagé dans le fric. Adam et Rebekah, très ésotériques, ont également multiplié les comportements douteux et les chicanes épiques. Bref, tous les ingrédients d’un drame shakespearien se trouvent dans WeCrashed. Du côté de Crave, la plateforme offre déjà deux épisodes de Super Pumped : The Battle for Uber, qui détaille la guérilla interne qui a évincé le fondateur de son propre service de taxi. C’est Joseph Gordon-Levitt qui incarne le premier grand patron d’Uber, Travis Kalanick, qui emprunte le même vocabulaire pompeux et vide que Kendall (Jeremy Strong) dans Succession. Espionnage des chauffeurs, fiasco de relations publiques et surveillance de reporters trop curieux, c’est amplement suffisant pour accorder une note de trois étoiles à Super Pumped : The Battle for Uber. Bonus : vous n’avez pas à alimenter de conversation futile pendant votre trajet télévisuel. ",5581
1 journaliste,Emilie Nicolas,une chronique société,2019-08-08,https://ledevoir.com/opinion/chroniques/560222/el-paso-la-faute-a-l-alienation-economique,"El Paso, la faute à l’«aliénation économique»?","Lorsque Donald Trump a été élu en novembre 2016, un nombre incalculable de personnes de par le monde étaient sous le choc. Jusqu’à la dernière heure, elles avaient refusé d’y croire. Puis, on a cherché à comprendre. Sur toutes les chaînes, toutes sortes de personnalités ont dénoncé l’arrogance des élites libérales américaines et le sentiment d’aliénation économique d’une classe moyenne toujours sous les coups de la crise de 2008. On parlait d’une frustration populaire face à la mondialisation, et d’une incapacité des démocrates à répondre aux besoins des cols bleus de l’Amérique « profonde ». Tout de suite, d’autres voix se sont élevées, principalement noires, latinos, musulmanes, juives, pour dénoncer le rôle du racisme et de la suprématie blanche dans les appuis populaires à Trump. Sous-représentées dans les médias grand public, ces perspectives ont cherché à mettre en garde la population contre la théorie de l’aliénation économique. Quand le profil démographique des électeurs républicains a été rendu public, on a pu voir qu’ils avaient raison. Les Américains les plus riches ont voté pour Trump en plus grande proportion que les plus pauvres. Les hommes blancs avec un diplôme universitaire ont voté en majorité pour Trump. Et malgré toutes les accusations d’agression sexuelle qui avaient fait surface durant la campagne, une majorité de femmes blanches américaines ont voté pour Trump. À l’opposé, les minorités raciales ont surtout appuyé le camp démocrate. Plus de 94 % des femmes afro-américaines ont voté pour Hillary Clinton. Malgré tout, la théorie de l’aliénation des classes ouvrières a continué de tenir et de servir de base à un nombre incalculable d’essais, de lettres ouvertes et de billets. Pourquoi les femmes noires, « aliénées économiquement » depuis le temps des treize colonies, sont-elles aussi celles qui appuient le moins Donald Trump ? Mystère et boule de gomme. Pourquoi, alors que Trump parlait ouvertement durant sa campagne des Mexicains comme des violeurs, a-t-on cherché à minimiser le rôle du racisme dans son élection ? La difficulté des journalistes blancs — même progressistes — à aborder les questions raciales y serait-elle pour quelque chose ? Le peu de place accordée dans les médias aux personnes qui maîtrisent les questions de racisme — principalement des personnes elles-mêmes racisées — a-t-elle contribué à la mauvaise information du public ? Poser ces questions, c’est y répondre. Le problème n’est par ailleurs pas exclusivement américain : au Canada aussi, le débat public sur la campagne de nos voisins du sud a fait écho au discours sur la frustration économique des hommes blancs qui minimise la dimension raciste de l’idéologie promue par Trump. Comme si la nostalgie du « bon vieux temps » contenue dans le slogan « Make America Great Again » pouvait s’adresser à quiconque sinon un public blanc. Quels autres Américains (ou Occidentaux, d’ailleurs) peuvent associer le passé avec la belle vie ? L’évidence n’a toutefois pas été décelée par tous, loin de là. Près de trois ans plus tard, on doit faire sens au massacre d’El Paso. Et le massacre d’El Paso fait suite aux attentats dans l’église afro-américaine de Charleston, dans des synagogues à Pittsburgh et en Californie, et dans le club LGBTQ et latino d’Orlando. Avant El Paso, il y a aussi eu le rassemblement néonazi à Charlottesville, le passage du gourou de l’extrême droite Stephen Bannon comme stratège en chef à la Maison-Blanche, le « Muslim ban », l’obstination à construire un mur motivant le plus long shutdown de l’histoire, les déportations massives, des enfants d’Amérique centrale détenus dans des cages, et une quantité innombrable de déclarations racistes de la part du président américain. Parallèlement, on a vu bien peu de mesures soulageant l’« anxiété économique » du monde ordinaire. Petit à petit, on finit par comprendre. Mais pas encore tout à fait. Au Canada, une grande partie de ceux qui peuvent admettre une partie du problème au sud minimise son existence ici. Bien sûr, chaque pays a ses particularités. Mais les discours qui cherchent à motiver les inégalités des uns et des autres, réelles et devant la loi, remontent partout en Occident, aux États-Unis et ici aussi. Il s’agit là d’un défi majeur de notre époque, avec les changements climatiques. Je ne sais pas ce qu’il faudra encore pour qu’on cesse de considérer ces questions comme un sujet de « niche » ou une obsession militante. Nous sommes à la veille d’une élection fédérale, qui oppose un Parti conservateur qui faisait campagne il y a quatre ans sur la chasse aux « pratiques culturelles barbares » à un homme, Maxime Bernier, qui trouve que sa famille politique n’allait pas assez loin et semble s’inspirer directement de Donald Trump pour alimenter son compte Twitter. Et puis, il y a Jagmeet Singh : ce sera la première fois au Canada que l’un des principaux partis est mené lors d’une campagne par une personne racisée, qui porte un signe religieux de surcroît. Réalise-t-on tous les risques de dérapages ? Quelle place fera-t-on à quelles voix durant cette campagne ? Est-on véritablement prêts à comprendre et à analyser ce qui s’y passera ? Ou est-ce qu’on se réveillera petit à petit, quelques années trop tard, avec un gros mal de tête, et un pays « great again » ?",5298
1 journaliste,Hugo Dumas,une chronique télévision,2022-08-19,https://www.lapresse.ca/arts/chroniques/2022-08-19/never-have-i-ever/jamais-vous-ne-regrettez-jamais-votre-premiere-fois.php,"Never Have I Ever | Jamais, vous ne regrettez jamais votre première fois ! ","C’est réjouissant de voir la brillante troisième saison de Mes premières fois (Never Have I Ever) accumuler les visionnements par dizaines de millions sur la plateforme de Netflix. Encore mercredi, cette comédie pour ados remplie d’esprit et de dialogues punchés trônait au deuxième rang du palmarès des émissions les plus visionnées de Netflix, derrière la superproduction The Sandman, mais devant le téléroman savon Virgin River. Même à son troisième chapitre, ce teen drama atypique n’a pas perdu sa vivacité et son originalité, au contraire. C’est toujours aussi drôle, charmant et écrit avec finesse. Enfin une comédie grand public qui parle de diversité sexuelle ou ethnique sans que ça ressemble à un cours de morale ou à un segment de la radio de Radio-Canada. Les ados et leurs alliés (coucou !) méritent ce type de télévision de qualité, qui parle leur langage et qui entrelace des sujets dits légers à des enjeux plus lourds comme l’humiliation sexuelle, la disparition d’un parent ou le poids des traditions d’une famille immigrante. Dans chacune des 10 demi-heures, jamais le téléspectateur ne sent que les scénaristes font passer des messages pseudoéducatifs. Les intrigues, aériennes comme profondes, se déploient efficacement entre un gag acéré et deux répliques toniques. Et le ton valse entre l’humour et le drame, sans fausse note ou faux pas. Au début de la troisième saison de Mes premières fois, l’héroïne Devi Vishwakumar, 16 ans, fréquente de nouveau le beau Paxton Hall-Yoshida (Darren Barnet), l’athlète le plus convoité de l’école secondaire de Sherman Oaks, une banlieue aisée du sud de la Californie. C’était le but que Devi s’était fixé au tout début de la série : chiller avec la gang des cool, avoir un copain chaud et entrer à l’Université de Princeton. Devi réalisera vite que sortir avec le plus beau gars de l’école n’effacera pas tous ses problèmes par magie. L’actrice canadienne qui incarne Devi, Maitreyi Ramakrishnan, possède un sens du comique incroyable. Encore plus formidable : le personnage d’adolescente qu’elle défend porte différents masques, ce qui permet à la jeune comédienne de montrer l’étendue de son registre. Il y a la Devi sarcastique, baveuse et ultra confiante. Il y a la Devi grandement affectée par la mort subite de son papa. Il y a la Devi inquiète et égoïste, qui jette ses angoisses au visage de sa psy. Il y a la Devi qui vit dans un foyer indo-américain avec sa mère Nalini (de moins en moins stricte), sa grand-mère Nirmala, très attachée à sa culture, de même que sa cousine, elle aussi en quête d’émancipation. Toutes les Devi coexistent en harmonie dans cet univers multiethnique et plurigénérationnel. Les amies de Devi, soit la scientifique Fabiola et la théâtreuse Eleanor, éprouvent elles aussi des problèmes de cœur. Ben, le « rivalami » de Devi, gravite toujours dans l’orbite du trio des filles et un troisième prétendant, le séduisant Nirdesh, brouillera le radar à sentiments de notre Devi adorée. La cerise sur le sundae de Mes premières fois demeure la narration de presque tous les épisodes par John McEnroe. Oui, oui, John McEnroe, le légendaire joueur de tennis. Son ton aussi détaché qu’investi ajoute encore plus de couleur à cette ravissante série arc-en-ciel. C’est le retour de l’inspecteur de la colonie (Louis Champagne), de la bouette, des bibittes et des outils rudimentaires ! Immense succès sur la chaîne Historia en 2017, la téléréalité Le lot du diable reprendra les ondes le vendredi 11 novembre avec de nouvelles aventures assaisonnées au sel de la Gaspésie. PHOTO LAURENCE LABAT, FOURNIE PAR CORUS Louis Champagne dans Le lot du diable Après le bois, les concurrents-colons du Lot du diable – La conquête de la mer survivront maintenant près d’un banc de pêche de Paspébiac, dans les années 1930. Prix à remporter : 100 000 $. Et pas question de s’en remettre aux commodités actuelles, car tous les défis s’exécuteront comme au temps de la Grande Dépression. Toujours à Historia, deux nouvelles productions québécoises bonifieront la grille d’automne, soit Secrets de villages (26 octobre), qui parlera de grands secrets cachés dans de petits villages du Québec, ainsi que la docufiction Hells Angels – La chute (10 décembre), à propos de la fin du règne de terreur de Maurice « Mom » Boucher. C’est Émile Schneider qui campera le délateur Stéphane « Godasse » Gagné. Vous verrez aussi à Historia de nouveaux épisodes de Perdu dans la poussière (30 août), de Transmission impossible (1er septembre) et de La fièvre des encans – Nouvelle génération (4 octobre). Séries Plus conserve pour l’hiver deux téléséries québécoises. La première dérive du roman Haute démolition de Jean-Philippe Baril Guérard, avec Étienne Galloy, Léane Labrèche-Dor et Irdens Exantus dans les rôles principaux. La seconde s’appelle Les bombes et met en vedette Olivia Palacci, Debbie Lynch-White, Sarah Desjeunes Rico et Julie de Lafrenière. Imaginée par Kim Lévesque-Lizotte, Les bombes racontera les tourments de quatre trentenaires qui en décousent avec des dépendances. Toujours à Séries Plus, pas question de toucher aux lundis NCIS ou aux mardis FBI. La chaîne spécialisée appartenant à Corus a mis le grappin sur les titres Moonshine (31 août), Élection rouge (2 septembre) et 4400 (2 septembre), en plus de renouveler sa cargaison d’épisodes de Blue Bloods, Bull, Station 19, Charmed, Dernière escale, Le résident et Une lutte exemplaire. Allez, c’est le temps de vider vos enregistreurs. Car le stock flambant neuf arrive bientôt ! ",5518
1 journaliste,Emilie Nicolas,une chronique société,2020-03-19,https://ledevoir.com/opinion/chroniques/575245/nos-anges-gardiens,Nos anges gardiens,"C’est l’expression utilisée par François Legault, lors de ses conférences de presse quotidiennes, pour souligner l’importance capitale du personnel du système de santé québécois. Et il a bien raison. Depuis le début de la crise, on a nécessairement une conscience aiguë des risques, des sacrifices et du dévouement de ces Québécoises si essentielles à nos vies. Je dis Québécoises, parce qu’il faut rappeler que le milieu de la santé est à 80 % un milieu féminin. Si la moitié des médecins sont des hommes, 90 % des infirmières et des infirmières auxiliaires, et 80 % des préposées aux bénéficiaires sont des femmes. En fait, ce sont dans les métiers où le contact avec les patients est le plus régulier que les femmes sont les plus concentrées : même à l’intérieur des hôpitaux, donc, ce sont elles qui seront les plus à risque d’être contaminées dans les prochaines semaines. Lorsque le gouvernement a lancé son appel aux professionnels de la santé à la retraite pour venir en renfort aux lignes téléphoniques ou ailleurs dans le système, l’immense majorité des personnes qui ont répondu à l’appel étaient aussi, on le comprend, des femmes. La situation est similaire pour les proches aidantes, qui jouent un rôle crucial dans le soutien aux aînés et aux personnes vulnérables dont on s’inquiète depuis quelques semaines. Non seulement la majorité des aidantes naturelles sont des femmes, mais celles-ci consacrent en moyenne plus de temps aux personnes qu’elles soutiennent. Les bénévoles qui donnent un coup de pouce dans les CHSLD et dans une panoplie d’organismes vitaux pour les plus vulnérables ont un profil similaire. Nombreux sont les parents qui se cassent la tête depuis une semaine à jongler avec le télétravail et le soin des enfants à la maison. Et qui s’en occupe, habituellement, de vos enfants ? Qui libère votre temps pour que vous puissiez contribuer à l’économie ? 98 % des éducatrices en garderies sont des femmes. 75 % des enseignantes sont des femmes. Les travailleuses domestiques qui allègent le fardeau dans plusieurs foyers sont en quasi-totalité des femmes. Et nombreuses sont les études qui démontrent que parmi les couples hétérosexuels, les tâches quotidiennes ne sont pas encore réparties équitablement. Même en temps normal, la pression pour conjuguer travail, enfants, ménage et courses repose surtout sur les Québécoises. Ce sont des heures et des heures de travail gratuit qui sont ainsi fournies en « cadeau » au fonctionnement normal de la société. C’est d’ailleurs dans les métiers du care qu’on retrouve aussi la plus grande proportion de femmes immigrantes, de femmes racisées, de femmes à statut précaire. De manière générale, ce sont des métiers qui demeurent sous-payés, où les conditions de travail sont difficiles, et où les compétences sont largement dévalorisées. À formation égale, de niveau secondaire ou collégial technique, les salaires moyens et les protections des métiers traditionnellement féminins demeurent san s commune mesure avec ceux qui prévalent, par exemple, dans l’industrie de la construction. Si bien que même les hommes qui choisissent ces métiers « de femmes » se retrouvent dans des situations économiques plus précaires que leurs confrères, justement parce qu’ils existent dans un monde de femmes. Ces injustices, le milieu féministe les dénonce depuis longtemps. Année après année, on répète que le travail sous-payé ou carrément gratuit des femmes constitue le filet de base de la société. Ce qui nous tient ensemble, debout. En santé. En temps de crise, les dimensions les plus essentielles de la vie sont plus saillantes que jamais. Est-ce qu’on voit enfin, vraiment, complètement, viscéralement, le rôle que les femmes jouent dans la société québécoise, même en temps normal — et, comparativement, pour si peu ? Il serait possible de perdre ces réalités et toutes ces héroïnes de vue, derrière les figures de bons pères de famille traditionnels projetées par un François Legault ou un Horacio Arruda. Quand ils parlent de nos anges gardiens, on pourrait oublier qui il faudrait remercier, et qui il faudrait désormais respecter, compenser, et célébrer à sa juste valeur. On pourrait aussi oublier que la pauvreté et la précarité d’emploi sont des réalités sociales au visage le plus souvent féminin. Que le confinement à la maison augmente les risques de violence familiale pour ces mêmes femmes qui nous donnent tant. Je vois déjà d’ici certains commentaires. Oui, les hommes aussi contribuent. Bien sûr. Nous sommes dans un grand moment de solidarité où tout le monde a un rôle crucial dans le bien collectif. Mais certaines seront appelées à en faire plus en cette période de crise, et certaines — souvent les mêmes — sont plus vulnérables aux contrecoups de la situation actuelle. On ne s’est jamais empêché de souligner le rôle des hommes envoyés au front en temps de guerre, et de centrer notre récit de l’Histoire autour de leurs sacrifices et leurs exploits au combat. Au temps du coronavirus, ce sont largement les femmes qui sont au front. Soulignons-le. Remercions-les. Et aussi, donnons-leur justice. ",5092
1 journaliste,Hugo Dumas,une chronique télévision,2022-04-20,https://www.lapresse.ca/arts/chroniques/2022-04-20/le-temps-des-framboises/j-vais-t-en-prendre-trois-casseaux.php,Le temps des framboises | J’vais t’en prendre trois casseaux ! ,"Le premier épisode du Temps des framboises du Club illico nous donne la fausse impression de labourer un champ dans 5e Rang, mais avec deux fois plus de budget et de musique anglophone. Comme Marie-Luce Goulet (Maude Guérin) à Valmont, l’héroïne (Sandrine Bisson) du Temps des framboises porte ses cheveux courts et bruns, elle devient subitement veuve, elle hérite d’une exploitation maraîchère de Hemmingford qui sollicite des travailleurs étrangers, elle subit les foudres d’une belle-mère malcommode (Micheline Lanctôt) et quatre sœurs aux humeurs variables lui compliquent la vie sur la ferme. Je veux dire, ça commence à faire beaucoup de coïncidences. Heureusement, à partir du deuxième épisode, la beauté et la singularité du Temps des framboises sortent de terre. Cette émission inclassable trace son propre sillon original et se détache de 5e Rang, qui creuse dans la criminalité agricole depuis quelques saisons déjà. Et oui, c’est très bon, Le temps des framboises, notamment grâce à la réalisation inspirée de Philippe Falardeau (Monsieur Lazhar), qui magnifie les intrigues des brillantes auteures Florence Longpré et Suzie Bouchard. C’est du cinéma au petit écran avec une délicieuse trame sonore. C’est plus accessible qu’Audrey est revenue, une autre excellente œuvre de Florence Longpré, dont la plume unique brise le moule conventionnel de la télé québécoise. C’est difficile de décrire Le temps des framboises avec justesse et précision. Il y a des touches d’humour absurde entrelacées de moments poignants. C’est doux et dur, drôle et grinçant, tragique et comique. C’est une histoire finement tricotée de deuil, d’exils et d’incapacité à communiquer. Déclinée en dix épisodes d’une heure, la série tourne autour de l’agriculteur John Conley (Anthony Lemke) et de sa femme Élisabeth (Sandrine Bisson), une fonctionnaire municipale déracinée à la campagne. Le bon John exploite la ferme familiale avec sa maman Martha (Micheline Lanctôt) ainsi que ses cinq frères et sœurs bilingues. Élisabeth se sacre des récoltes et est incapable de distinguer Emilio de Francisco ou de Santiago, qui habitent pourtant à deux pas de sa maison. On sent parfaitement le profond malaise dans les premiers épisodes : les employés hispanophones – parfois illettrés – ne se mélangent pas aux autres et vivent, une fois de plus, en retrait de la société. Un mur invisible, similaire à celui érigé entre le Mexique et les États-Unis, les sépare. Après la mort inattendue de John, qui révèlera, bien sûr, plusieurs surprises, tout bascule pour Élisabeth. Elle hérite de la ferme et de la belle-famille mesquine. Bref, l’équivalent du pire scénario pour elle. De plus, Élisabeth s’éloigne de son ado Junior (Elijah Patrice-Baudelot), un sportif qui refoule énormément de colère. Et elle ramasse à la petite cuiller son plus jeune William (Xavier Chalifoux), qui est sourd. PHOTO TIRÉE DU SITE IMDB Sandrine Bisson est la vedette de la série Le temps des framboises. Sandrine Bisson, qui apparaît dans presque toutes les scènes du Temps des framboises, crève l’écran. Son personnage de femme brisée se reconstruit, morceau par morceau, sous nos yeux. Au fil des épisodes, Élisabeth trouve du réconfort là où elle s’y attend le moins : chez les exclus, soit les agriculteurs saisonniers de sa ferme, dont elle se souciait si peu avant la mort de son mari John. Le temps des framboises fouille aussi dans les non-dits qui ont façonné la famille Conley, éparpillée entre l’anglais, le français, l’espagnol et la langue des signes. À coups de petits retours en arrière, le réalisateur Philippe Falardeau remonte l’historique de la relation tumultueuse entre John et Élisabeth, qui cachait un côté ni givré ni sucré. Pas de divulgâcheur ici. Comme Audrey est revenue ou M’entends-tu ?, Le temps des framboises de Florence Longpré et Suzie Bouchard s’attaque à des enjeux locaux pour ouvrir sur des thématiques universelles. C’est le type de série « étrangère » qui connaîtrait une belle carrière sur Netflix si jamais elle sortait du Club illico de Vidéotron. On y montre le Québec, ses terres agricoles et ses problèmes de main-d’œuvre spécialisée, mais aussi des personnages à la dérive, pris dans un chaos, qui peinent à se connecter les uns aux autres. Ça crie, ça pleure et ça rit dans Le temps des framboises. Et c’est rempli de saveur comme une framboise du Québec gorgée d’eau et de soleil. La saison printanière s’est officiellement installée à la télé québécoise avec le retour des Chefs !, de Bonsoir bonsoir ! et de L’île de l’amour à TVA. La téléréalité culinaire de Radio-Canada a rallié 738 000 épicuriens de salon, une petite coche sous la quotidienne de Star Académie à TVA (824 000). Le talk-show estival Bonsoir bonsoir ! a décollé avec 591 000 téléphiles à bord et le début de la deuxième saison de La Maison-Bleue à Radio-Canada a intéressé 620 000 personnes. Sur les ondes de TVA, les aventures des célibataires insulaires de L’île de l’amour ont diverti 370 000 amateurs de téléréalité Cupidon (et de gags de Mehdi Bousaidan). Sans surprise, au début de sa semaine d’adieu, District 31 (1 460 000) est demeuré au sommet du palmarès des émissions les plus populaires. En raison du congé pascal, toutes les productions du dimanche soir ont baissé dans les sondages d’écoute. L’avant-dernier gala de Star Académie a été regardé par 1 307 000 fans, tandis que 756 000 fidèles ont communié avec Guy A. Lepage à Tout le monde en parle, où l’eau s’est changée en vin blanc. ",5480
1 journaliste,Hugo Dumas,une chronique télévision,2022-02-02,https://www.lapresse.ca/arts/chroniques/2022-02-02/archive-81/les-videocassettes-du-diable.php,Archive 81 | Les vidéocassettes du diable ,"Il y a de plus en plus de séries qui manient le surnaturel et l’horreur et c’est tant mieux. C’est super, les émissions de policiers, d’avocats ou de médecins, mais des titres populaires comme Yellowjackets ou Squid Game montrent l’appétit vorace des téléphages pour des productions de genre, badigeonnées de frousse et de terreur. Vous ne hurlerez pas d’effroi toutes les cinq secondes dans Archive 81, la nouvelle série d’épouvante de Netflix aux accents sataniques, dont la popularité gonfle grâce à un bouche à oreille favorable. Les huit épisodes d’une heure, offerts en anglais et en français, déclenchent plutôt une paranoïa sournoise, qui s’infiltre lentement, mais sûrement dans nos cocos. Après la quatrième heure, j’étais prêt à organiser une séance de Ouija en parlant latin, les yeux révulsés, l’écume au coin de la bouche. J’étais ensorcelé à ce point. Plus les épisodes progressent, plus la division entre le passé et le présent se brouille. Le cauchemar empiète sur la réalité. Et la peur se visse dans nos esprits sur un fond musical à la Amityville. Archive 81 suit le jeune archiviste Dan Turner (Mamoudou Athie), spécialiste de la restauration de bandes magnétiques, qui accepte un contrat aussi lucratif que mystérieux. Un milliardaire (Martin Donovan) lui confie une boîte de vidéocassettes qui ont été rescapées de l’incendie d’un immeuble mythique de Manhattan. Ces bandes endommagées ont été tournées au printemps 1994 par une jeune documentariste, Melody Pendras (Dina Shihabi), qui préparait une thèse sur les habitants de cet édifice, plus étranges les uns que les autres. Le milliardaire installe Dan dans un bunker à la campagne pour qu’il nettoie le matériel analogique sans distraction, sans WiFi et sans réseau cellulaire. Isolé et fragile psychologiquement, Dan pousse la première vidéocassette dans le magnétoscope et plonge dans l’univers glauque des résidants de l’immeuble, sous l’emprise d’une entité démoniaque. Rites méphistophéliques, séances de spiritisme et symboles sataniques, il se passe des choses épouvantables dans ces appartements, notamment au sixième étage, l’étage maudit. Sans rien divulgâcher, Dan découvrira un lien direct entre sa propre vie et celles des spectres de 1994 qui défilent sur son moniteur. PHOTO CLIFTON PRESCOD/NETFLIX Dina Shihabi incarne le personnage de Melody Pendras que Dan découvre dans les vidéocassettes. Archive 81 renferme des notes de The Blair Witch Project (la caméra vidéo instable), The Ring (fixez attentivement les images à la télé) et The Shining (pour la résidence aux longs corridors). Les fans d’horreur y détecteront également des touches de Rosemary’s Baby. De retour à l’intrigue, le milliardaire qui a embauché Dan pour récupérer les fameuses archives vidéo cache bien son jeu. Que cherche-t-il, exactement ? Pourquoi connaît-il l’historique médical détaillé de Dan ? Que cache-t-il dans la maison-labyrinthe où il a installé notre bon Dan ? Et au-delà du paranormal, il s’agit aussi d’une télésérie sur les traumatismes d’enfance et la maladie mentale. Avertissement, cependant. Archive 81 se déroule à un rythme plus lent que celui d’une série comme American Horror Story. C’est hypnotique comme proposition. Et comme le protagoniste obsédé par les fantômes du passé, on sombre dans un état de méfiance aiguë. C’est à regarder les lumières éteintes, avec un paquet de chandelles allumées, dont une placée au centre d’un cercle, évidemment. L’intrigue d’Une autre histoire de Radio-Canada a fait un bond d’un an, lundi soir, ce qui a donné un bel élan au téléroman de Chantal Cadieux, qui s’éteindra pour de bon au printemps. Ce saut dans le temps a permis aux téléspectateurs de constater que l’alzheimer de Sébastien (Benoît McGinnis) a progressé de façon fulgurante, tandis que l’état de Manon/Anémone (Marina Orsini) s’est dégradé, jamais autant que celui de son fils. Les scènes de confusion et d’absence jouées par Benoît McGinnis et Marina Orsini ont été saisissantes. Ces moments auraient pu virer à la caricature et au sketch. Elles ont été pleines de vérité, notamment quand Sébastien n’a pas reconnu son frère Jean-Olivier (Adam Kosh) et quand Anémone a entamé un strip-tease devant sa famille. On sentait parfaitement la détresse des personnages. PHOTO TIRÉE DE LA PAGE FACEBOOK DE L’ÉMISSION Émilien (Patrice Godin) et Maryse (Marie-Laurence Moreau), personnages d’Une autre histoire À Belleville, Maryse (Marie-Laurence Moreau) et Émilien (Patrice Godin) forment un très beau couple. Un couple improbable, mais bien assorti. N’oublions pas qu’Émilien, ancien amoureux d’Anémone, a fait un enfant à sa fille Karla (Marilou Morin), qui sort maintenant avec Vincent (Sébastien Ricard), l’ex-copain de Maryse. Ancienne flamme de Jean-Olivier, l’instable Bianka (Élizabeth Duperré) fréquente officiellement son demi-frère Simon (Mikhaïl Ahooja). Suivez bien ici. Bianka est la fille de Patricia (Marie Turgeon), qui a longtemps été mariée à Ron (Vincent Graton), qui est retourné vivre avec Manon/Anémone, la mère de Simon. J’adore la scénariste Chantal Cadieux pour ça : elle s’amuse avec les codes du soap et l’assume. Ah oui, RIP au personnage du méchant Valaire (Steve Banner), le père biologique de Caroline – il a violé Manon/Anémone à l’époque, souvenez-vous. Cette même Caroline (Debbie Lynch-White) a finalement découvert que le père de sa demi-sœur assassinée Mona (Marie-Évelyne Baribeau) n’était pas le vilain Valaire mais bien… Ron ! Tout reste dans la famille chez les Blanchette-Leduc-Romero-Petterson. ",5527
1 journaliste,Hugo Dumas,une chronique télévision,2022-06-14,https://www.lapresse.ca/arts/chroniques/2022-06-14/cerebrum-2/viol-au-dessus-d-un-lit-de-coucou.php,Cerebrum 2 | Viol au-dessus d’un lit de coucou ,"C’est super bon, Cerebrum 2. C’est meilleur que la première saison, qui était, rappelons-le, bien réussie. C’est une combinaison astucieuse de thriller policier, de suspense psychologique et de série médicale dite classique. C’est tacheté de trucs tordus à la David Fincher avec un splash de Vol au-dessus d’un nid de coucou et plusieurs poffes de légèreté, qui permettent à la série de respirer et d’abaisser son niveau d’anxiété. Au menu des cinq premiers épisodes, qui apparaîtront jeudi sur l’Extra de Tou.TV : des lettres découpées qui forment une anagramme menaçante, un maniaque du dark web qui manipule un homme instable, des jeunes femmes enlevées et assassinées, de même que des cas lourds dans le bureau du psychiatre Henri Lacombe (François Papineau). Maintenant, avant de décortiquer l’intrigue, un gros rappel s’impose. Car la suite de Cerebrum montre le bout de son nez trois ans après la sortie du premier chapitre, à l’été 2019. La pandémie et le désistement de l’acteur principal Claude Legault, qui souffrait d’épuisement professionnel, ont retardé la mise en chantier de cette télésérie dramatique signée Richard Blaimert (Hubert et Fanny, Nouvelle adresse) et coréalisée par Guy Édoin et Catherine Therrien. Photo fournie par Radio-Canada François Papineau reprend le rôle principal de la série, qu’avait interprété Claude Legault dans la première saison. Pour ceux dont la mémoire télévisuelle s’efface après deux jours (bonsoir !), voici le résumé éclair du premier volet de Cerebrum. Donc, la psychologue Anne Beaulieu (Évelyne de la Chenelière), épouse du réputé psychiatre Henri Lacombe (Claude Legault), disparaissait mystérieusement et l’enquête concluait à un meurtre par balle. Et qui avait abattu Anne ? Son amie — épouse cocufiée – Sophie Bérubé-Lacroix (Jacynthe René). C’est qu’Anne couchait avec le mari de Sophie, le ministre Richard Lacroix (Gabriel Sabourin), un adultère qui a pulvérisé la vie d’Henri et de ses deux grands enfants, William (Henri Picard) et Marine (Marianne Verville). Cerebrum 2 redémarre environ six mois après ces évènements tragiques. La transition entre Claude Legault et François Papineau, qui le remplace dans le rôle principal, s’effectue naturellement, sans cassure. De retour d’un long voyage de ressourcement au Japon, Henri Lacombe (François Papineau) reprend a) son destin en main et b) sa pratique à l’hôpital. Mais rapidement, son passé chargé le rattrape. Deux jeunes femmes ont été enlevées, puis tuées, et la policière Simone Vallier (Christine Beaulieu) arrête quelqu’un dans l’entourage du Dr Lacombe. En parallèle, le procès de la présumée meurtrière Sophie Bérubé-Lacroix (Jacynthe René) s’orchestre, ce qui ravive des souvenirs pénibles pour la famille Lacombe. D’autant plus que William (Henri Picard) sort maintenant avec la fille (Marguerite Bouchard) de Sophie (Jacynthe René), qui a tué sa propre maman (Évelyne de la Chenelière). Vous êtes toujours là ? Cool. Aussi, Cerebrum 2 replace au centre du récit un ancien patient du Dr Lacombe, celui joué par le talentueux Alexis Martin. Vous vous souvenez de lui ? Il s’appelait Jules Côté et avait été interné de force pendant cinq mois. Cet homme solitaire, alcoolique et dérangé attire le trouble malgré lui, on dirait bien. Photo fournie par Radio-Canada Alexis Martin interprète le personnage de Jules Côté, un homme solitaire et alcoolique. Micheline Lanctôt interprète la mère de Jules, qui n’avale plus les mensonges de ce fils malade qui la déçoit depuis si longtemps. Cette relation mère-fils complexe et gangrenée débouche sur des scènes très intenses. Autre rappel important avant de démarrer le visionnement de Cerebrum 2 : Ludivine Reding et Antoine Desrochers ont campé les jumeaux incestueux Laure et Toby dans la première saison. Sur une note plus douce, la chatte Ming Lee revient également. Le premier épisode de Cerebrum 2 roule vite et recadre l’histoire promptement. J’adore l’enquêteuse en Kanuk Simone Vallier et son partenaire Danno Boulianne (Olivier Gervais-Courchesne), qui forment un duo dépareillé, mais fort efficace. Leur picossage similaire à celui d’un frère et d’une sœur adoucit les moments plus glauques de Cerebrum. Ils sont parfaits. Photo fournie par Radio-Canada Dans Cerebrum 2, le fils d’Henri Lacombe, William (Henri Picard), fréquente Sara (Marguerite Bouchard), qui est la fille de Sophie… meurtrière de sa mère. Parmi les nouveaux personnages, il y a un jeune père de famille (excellent Frédéric Millaire-Zouvi) qui souffre d’un énorme choc post-traumatique lié à son emploi non conventionnel et confidentiel. Un garde du corps (Éric Robidoux) s’incruste aussi dans le portrait et Frédéric Pierre se glisse dans la peau du psy consulté par Henri Lacombe. Les cinq derniers épisodes de Cerebrum 2 atterriront sur l’Extra de Tou.TV le jeudi 30 juin. Ceux qui ne souscrivent pas à ce service payant verront Cerebrum 2 sur les ondes de Radio-Canada en septembre, les mardis à 21 h. Le téléroman 5e Rang déménage les lundis à 20 h dans l’ancienne case horaire d’Une autre histoire. Comme Série noire, Cerebrum se déroule en plein hiver, une saison qui dure pourtant six mois et que la télé québécoise montre rarement. C’est rafraîchissant (LOL) de voir ces séquences de tempête de neige et de personnages qui émettent des nuages de condensation quand ils parlent à l’extérieur. Surtout quand l’humidex s’apprête à exploser et que nos climatiseurs toussent comme s’ils avaient attrapé la COVID-19. ",5470
1 journaliste,Hugo Dumas,une chronique télévision,2022-01-24,https://www.lapresse.ca/arts/chroniques/2022-01-24/the-gilded-age/c-est-downton-abbey-a-new-york-et-c-est-bon.php,The Gilded Age | C’est Downton Abbey à New York et c’est bon ,"Astiquez l’argenterie familiale, serrez les corsets, enfilez les gants de satin jusqu’au coude et préparez du thé dans la plus belle porcelaine de la maison, car c’est l’heure de tomber sous le charme somptueux de The Gilded Age, la nouvelle série d’époque du créateur de Downton Abbey, Julian Fellowes. On ne se fera pas de cachette ici : The Gilded Age (L’âge doré), qui sort ce lundi en anglais sur Crave et en français sur Super Écran, c’est exactement comme Downton Abbey, mais à New York, en 1882. Les violons dramatiques qui rythment le générique d’ouverture, les relations tordues entre domestiques et employeurs, l’importance cruciale du rang social, les soirées fastes des castes de privilégiés, l’homosexualité refoulée d’un personnage pivot, ainsi que l’argent, toujours l’argent : The Gilded Age vous servira tous les ingrédients luxueux de Downton Abbey, mais dans une version moins sulfureuse. Le côté savonneux de Downton Abbey a été adouci dans The Gilded Age, qui se révèle plus sage. Du moins, dans les trois premiers épisodes (sur un total de neuf) que j’ai vus. À lui seul, le premier épisode, un brin dilué, dure presque 1 h 30 min sans pause publicitaire, soit la longueur d’un film. Malgré quelques crinolines qui retroussent, il s’agit de très bonne télévision, à la fois intelligente et divertissante, dotée d’un budget princier. Tout étincelle dans cette production charmante, des magnifiques costumes jusqu’au jeu des actrices, dont celui de la merveilleuse Christine Baranski (The Good Fight), qui reprend un rôle similaire à celui de l’inoubliable comtesse douairière Violet Crawley (Maggie Smith) de Downton Abbey. Dans The Gilded Age, Christine Baranski incarne la veuve autoritaire Agnes van Rhijn, qui vit avec sa sœur « vieille fille » Ada (Cynthia Nixon) dans une splendide demeure à l’est de Central Park. Agnes van Rhijn représente le vieil argent new-yorkais, celui qui a été légué de famille en famille sur plusieurs générations. Agnes et ses amies friquées — très chiantes aussi, disons-le — forment l’aristocratie de la fin du XIXe siècle et contrôlent les institutions les plus importantes de la ville. Rien n’est plus vulgaire à leurs yeux que ces nouveaux riches qui s’appellent Rockefeller ou Vanderbilt et que la Révolution industrielle a enrichis. Aucune classe, franchement. Mais, surprise, un couple de ces bourgeois arrivistes s’installe dans un immense palace — quel manque de goût ! — construit de l’autre côté de la rue où vivent les van Rhijn. Il s’agit de George Russell (Morgan Spector) et de sa femme Bertha Russell (Carrie Coon). George a fait fortune dans la construction du chemin de fer. Sa femme Bertha s’acharne à percer le cercle hyper hermétique des dames de la haute. George et Bertha Russell forment une paire redoutable. Ils sont ambitieux, unis et cruels. Ils ne reculent devant rien dans leur quête de reconnaissance sociale. L’excellent troisième épisode, qui a des airs de Succession, montre jusqu’où se rendront les Russell pour punir la bonne société qui les a rejetés. L’autre agent de changement de la minisérie, c’est Marian Brook, jouée par la plus jeune fille de Meryl Streep, Louisa Jacobson. Orpheline sans le sou, Marian débarque chez ses tantes Ada et Agnes van Rhijn avec des idées « progressistes » comme vouloir épouser un homme qu’elle aime et non dénicher un bon parti, avec le bon nom de famille. Insérez ici un soupir de découragement de tante Agnes. Marian amène également à New York sa nouvelle amie afro-américaine Peggy Scott (Denée Benton), qui rêve de devenir écrivaine. Un métier inaccessible « pour une femme de couleur » en 1882. Oui, j’aurais pris davantage d’éléments scandaleux dans The Gilded Age. Mais, bon. Quand le cristal brille avec autant d’éclat, on ne se mettra pas à frotter inutilement la verrerie comme une Marie-Chantal Toupin sur un comptoir de cuisine dans Big Brother. CAPTURE D’ÉCRAN DE L’ÉMISSION Stéphane Fallu à Big Brother Célébrités L’humoriste Stéphane Fallu n’a vraiment eu aucune chance de jouer à Big Brother Célébrités sur Noovo. Il a été ciblé, ostracisé et sacrifié uniquement parce qu’il est entré dans la maison une semaine trop tard. Ce fut vraiment désolant, limite pathétique, de voir tous ses colocataires se liguer contre lui, sans motif valable. Le patron de la semaine, le youtubeur Pierre-Luc Cloutier, parlait même d’une grande « injustice ». Voyons donc. L’humoriste et artiste Tranna Wintour, la dernière participante à avoir attrapé la COVID-19, a quitté la maison pour vivre son isolement à l’hôtel. Sera-t-elle punie à son retour parce qu’elle a passé plusieurs jours de moins dans l’aventure que les autres ? Pauvre Stéphane Fallu. Il faisait pitié devant l’animatrice Marie-Mai. L’humoriste essayait très fort de ne pas dénigrer les autres candidats, dont Guylaine Guay qui a obtenu sa tête, mais on sentait qu’il en avait gros sur le cœur. Petit baume pour Stéphane Fallu : après son éviction dimanche soir, France Beaudoin lui a demandé sur Twitter s’il acceptait de s’asseoir dans le fauteuil d’En direct de l’univers de Radio-Canada. Il a dit oui. On a aussi vu dimanche soir que la prochaine cible de l’alliance majoritaire de la téléréalité s’appelle Valérie Carpentier, qui a l’air de filer un très mauvais coton, la pauvre. Pourquoi les gens au pouvoir dans Big Brother n’essaient-ils pas de sortir des concurrents dominants comme Martin Vachon ou Guylaine Guay ? C’est facile de viser des Stéphane Fallu ou des Valérie Carpentier. C’est facile, prévisible et très lâche. ",5530
1 journaliste,Hugo Dumas,une chronique télévision,2022-06-11,https://www.lapresse.ca/arts/chroniques/2022-06-11/le-bureau-des-legendes.php,Le bureau des légendes,"Sablez le Codorniu à 13,45 $ ! Nous avons survécu à : a) un autre hiver de type Sibérie à l’heure des changements climatiques b) une 42e vague de COVID-19 du démon et c) la pub radiophonique de Patio Design au 98,5 FM, aussi agréable qu’un forage de tympan à froid. Mais, hourra ! pour nous, l’été se pointe doucement, les masques chirurgicaux tombent et il flotte dans l’air un parfum sucré de liberté, mêlé à l’odeur fétide des vieux fonds de bacs à compost ; c’est aussi ça, la vie en ville. Cette lente sortie de pandémie, après deux années très difficiles, a poussé le premier domino sur une cascade de départs – pas toujours volontaires, disons-le – de figures médiatiques populaires et aimées du public. C’est du jamais vu au Québec, autant de ténors de la télé et de la radio qui éteignent simultanément leur micro d’un claquement de doigts, comme Denis Lévesque à LCN. Comme si ces animateurs-monuments annonçaient à leurs auditeurs et téléspectateurs : OK, on a tenu bon pendant que le virus nous terrorisait, mais le temps est venu pour nous de partir, merci pour tout. PHOTO PHILIPPE BOIVIN, ARCHIVES LA PRESSE Joël Le Bigot en studio à Radio-Canada pendant son émission Samedi et rien d’autre La semaine qui s’en vient sera fort chargée d’au revoir et d’adieux. Joël Le Bigot larguera son émission radiophonique Samedi et rien d’autre le samedi 18 juin, Pierre Bruneau lira son dernier bulletin de nouvelles à TVA le jeudi 16 juin, Paul Houde libérera le studio du 98,5 FM le dimanche 19 juin et son collègue Jacques Fabi, l’homme le plus patient de la station, répondra au téléphone une dernière fois le vendredi 17 juin. La liste des futurs retraités inclut aussi Michel Lacombe (95,1 FM), Denis Gagné (L’épicerie) et Pierre Therrien (ICI Musique). Oui, tous des hommes blancs de 60 ans et plus. Et alors ? Ces piliers du monde des communications ont marqué les ondes, chacun à leur façon. Ces légendes ont influencé et formé la génération qui leur souffle dans le cou. C’est tout à fait normal – et respectueux – de les saluer, de les remercier de nous avoir accompagnés pendant si longtemps. PHOTO TIRÉE DU COMPTE FACEBOOK DE L’ANIMATEUR Denis Lévesque a animé sa dernière émission le 19 mai dernier. Car la télé et la radio s’ancrent dans des habitudes d’écoute et de stabilité, qui posent des balises dans nos routines. On saute dans la douche après la chronique politique de Chantal Hébert à 7 h 15 à Tout un matin, on sort le chien après le tour de table de Paul Arcand à 8 h, on ajuste notre horaire en fonction de celui de Salut Bonjour. Le moindre changement dans l’alignement nous irrite. Imaginez maintenant les désagréments que cause le remplacement d’un animateur chouchou, en poste depuis des années. C’est l’enfer. Station numéro un depuis des lunes, le 98,5 FM s’apprête à traverser une période d’intenses bouleversements. Après le départ surprise de Bernard Drainville à la CAQ, l’antenne parlée de Cogeco perdra son roi des ondes dans deux ans, à l’expiration de son contrat. Le 98,5 FM sans Paul Arcand le matin, c’est un trou immense à combler. PHOTO MARTIN TREMBLAY, ARCHIVES LA PRESSE Paul Arcand laissera un grand vide au 98,5 FM. Vedette suprême de la radio, Paul Arcand, 62 ans, dicte l’actualité. Si Paul Arcand a abordé un sujet chaud à son émission Puisqu’il faut se lever, vous pouvez être certain que tous les patrons de salle de rédaction du Québec l’ont refilé à un de leurs journalistes. Monsieur Paul, comme l’appelait ma collègue Louise Cousineau, mène des entrevues serrées et refuse d’entendre des réponses cassettes. On oublie cependant qu’il est capable de s’amuser avec son équipe. Quand le réalisateur envoie des extraits rigolos entre deux interviews sérieuses, ça détend joyeusement l’atmosphère. C’est ce qui explique le succès de Paul Arcand, cet équilibre entre les segments plus « rentre-dedans » et la complicité avec son équipe, qui ne paraît pas feinte du tout. Discipline, rigueur et bouffées de légèreté, avec moment zen et une énigme à la clé. Autour de la table, on sent que Catherine Brisson, Alain Crête, Esther Morin, Élisabeth Crête, Marc Brière et Bénédicte Lebel ont du plaisir à côtoyer leur capitaine. Ça s’entend dans nos autos (oui, j’ai une voiture, au secours, excommuniez-moi du royaume de Rosemont). À la radio de Radio-Canada, les collaborateurs de la matinale n’ont pas toujours cliqué avec l’animateur – ou entre eux – et c’était désagréable pour les oreilles. L’agressivité passive aux aurores, ça se dissout moins bien dans le café. Patrick Masbourian rassemble mieux ses troupes, je trouve. Reste que personne n’a encore l’agilité, la souplesse et la rapidité de Paul Arcand. Qui se posera dans son fauteuil à la rentrée de 2024 ? Le dauphin de Paul Arcand s’appelle Patrick Lagacé, c’est évident. Les deux communicateurs partagent le même style incisif et direct. Dans la dernière année, Patrick Lagacé a développé au Québec maintenant son côté plus givré aux côtés de MC Gilles et de Catherine Beauchamp, qui ont arrondi ses angles plus carrés. Par exemple, les « vindredis groovy » à 18 h débouchent sur une demi-heure de radio qui pourrait durer le double tellement c’est sympathique. Paul Arcand, Pierre Bruneau ou Joël Le Bigot, le bureau des légendes médiatiques se vide, certes. Mais il faut libérer de l’espace si l’on veut en fabriquer d’autres, des légendes. Pour citer du Donjons et dragons, les légendes ne naissent pas, elles se créent (ou quelque chose du genre). ",5468
1 journaliste,Emilie Nicolas,une chronique société,2022-09-08,https://ledevoir.com/opinion/chroniques/753855/chronique-lachez-nous-avec-montreal,Lâchez-nous avec Montréal,"Le premier ministre du Québec, François Legault, a en sa possession des études sur la pertinence d’un troisième lien autoroutier entre Québec et Lévis. Il refuse de les rendre publiques. Chaque fois qu’on lui pose la question, sa réponse est à peu près la même : les études ont été réalisées avant la pandémie, la nouvelle réalité du télétravail change la donne, il faut mettre à jour leur contenu. Ce qui ne sera pas fait — bien sûr — avant la fin de la campagne électorale. Cette réponse est inacceptable. Pourquoi ? Parce que la CAQ s’est engagée à porter le projet d’un troisième lien durant la campagne électorale de 2018. Le premier ministre a fait la promotion d’un tunnel sous le Saint-Laurent durant la totalité de son mandat. Des études ont été effectuées sur la pertinence et la faisabilité du projet. Des études que la CAQ n’a jamais rendues publiques, alors que son plaidoyer continue. La population est en droit de savoir si en 2018, en 2019, en 2020, en 2021 et encore en 2022, le premier ministre a vendu à la population un projet que les experts désapprouvent. Si la CAQ a fait d’un troisième lien non nécessaire, irréalisable, trop cher, inutile ou mal conçu l’une des priorités de son gouvernement avant la pandémie, les études sur la question réalisées avant la pandémie sont d’un criant intérêt public. Maintenant. Pas après le jour du scrutin. Pas après que de nouvelles études postpandémiques deviennent disponibles. Maintenant. La semaine dernière, Bernard Drainville, candidat de la CAQ dans Lévis, a lancé un « lâchez-moi avec les GES ! » en défense du troisième lien. Il est temps de répliquer à M. Drainville et à son chef : lâchez-nous avec les cachotteries ! Ces études, cette expertise, elles ont été financées avec les fonds publics ; elles appartiennent par conséquent au public. Lors de l’émission spéciale Cinq chefs, une élection de Radio-Canada, dimanche dernier, François Legault a dit que l’opposition au troisième lien vient de « Montréalais » qui « regardent de haut » les gens de Québec et de Lévis. Il vaudrait mieux, toutefois, que le premier ministre nous lâche aussi avec Montréal. Après tout, Bruno Marchand, le maire de Québec, croit lui aussi que les études sur le projet devraient être rendues publiques. Se pourrait-il qu’avec son entêtement, le premier ministre regarde le maire de Québec de haut ? Croit-il que les gens de Québec et de Lévis ne trouvent pas ça important, l’expertise scientifique ? Craint-il que la population locale ne sache pas lire intelligemment une étude rédigée en 2019 ? Refuser de rendre publiques au fur et à mesure les informations que le gouvernement possède sur un projet majeur pour une région, n’est-ce pas là manquer de respect à sa population et, plus largement, à l’impératif de transparence en démocratie ? Dire que les Montréalais prennent les gens de Québec et de Lévis de haut, c’est de la démagogie. Et la démagogie est nécessairement un raccourci intellectuel qui touche une corde sensible bien réelle. Comme enfant et ado à Lévis, et durant les trois années que j’ai passées à Québec même, je ne sais pas combien de fois je l’ai entendue, celle-là. Je n’avais jamais passé de temps à Montréal, mais je savais déjà qu’il y avait des gens par-là, particulièrement nombreux sur le mythique Plateau-Mont-Royal, qui nous prenaient de haut. La légende urbaine était certainement véhiculée par les radios locales. Et certaines réalités médiatiques pouvaient alors être interprétées comme des pièces à conviction. Pourquoi l’univers des téléromans québécois est-il nécessairement celui de Montréal ? Pourquoi, au Téléjournal, les journalistes s’efforcent-ils de parler avec l’accent des collèges privés d’Outremont ? Y a-t-il un problème avec nos milieux de vie ? Notre langue ? Je suis passée de l’autre côté du miroir depuis assez longtemps pour savoir que les rivalités régionales et le classisme existent bel et bien au Québec, mais qu’on a affaire à des phénomènes beaucoup plus complexes que les déclarations démagogues — oui, démagogues — qu’on entend le plus souvent sur la question. Une élection provinciale, normalement, ne devrait pas être l’occasion de disserter sur le sujet. On aimerait croire que les personnes qui aspirent au rôle de premier ministre sont notamment portées par un attachement et un respect pour tous les Québécois. Et qu’unir la population derrière eux est un objectif important. On aimerait le croire, mais il ne faudrait pas non plus être naïfs. Notre système électoral (que la CAQ a refusé de réformer) amène les campagnes électorales à viser principalement avec leurs messages les gens de la région de Québec et des banlieues du 450. Tant avec son discours que par sa politique législative, la CAQ a fait beaucoup, en quatre ans, pour exacerber la division entre Montréal et « les régions » dans l’imaginaire collectif. On ne s’attend pas à ce que la formation politique s’arrête en si bon chemin. Ce qui est intéressant cette semaine, c’est que François Legault agite l’épouvantail des Montréalais qui prennent les gens de la grande région de Québec « de haut », au fond, pour mieux prendre lui-même de haut la population de cette même région. Si des voix locales voient clair dans son jeu et le dénoncent, la stratégie peut échouer. ",5258
1 journaliste,Hugo Dumas,une chronique télévision,2022-01-05,https://www.lapresse.ca/arts/chroniques/2022-01-05/air-cabochon-et-le-gossip-girl-quebecois.php,Air Cabochon et le Gossip Girl québécois,"OMG, as-tu vu la dernière publication du compte Instagram OD Scoop à propos des influenceurs perturbateurs coincés à Tulum après leur vol de débauche ? C’est un divertissement sans fin, comme le naufrage du Fyre Festival aux Bahamas ! Cette saga disgracieuse, mettant en vedette une « gang de sans-dessein qui décident de partir comme des Ostrogoths en vacances », dixit le premier ministre Justin Trudeau, s’est déroulée en temps réel sur la page OD Scoop, notre Gossip Girl québécois. Anonyme, efficace et bien branché, XOXO. Avec des revirements toutes les 15 minutes. Et bien honnêtement, cette collection de captures d’écran compromettantes et de « stories » incriminantes a formé un des meilleurs épisodes de téléréalité québécoise, hyper gênant, mais ô combien captivant. De jour en jour, des infos croustillantes sortaient sur OD Scoop : tests PCR faussés avec de la vaseline dans le nez, ribambelle de plaintes à l’hôtel mexicain où le bruyant groupe séjournait, bravade envers les médias, ces touristatas s’enfonçaient sous nos yeux, complètement insouciants des conséquences de leurs gestes. Sérieusement, à quoi ont pensé ces noctambules en montant, le 30 décembre, à bord du vol nolisé Air Cabochon de la compagnie Sunwing ? Les images d’abord relayées par OD Scoop, puis reprises par Le Journal de Montréal, ne laissent aucune place à l’interprétation. Les passagers exaltés vapotent, dansent dans l’allée, sautent d’un banc à l’autre, hurlent comme des perdus, font du bodysurfing, calent de la Grey Goose au goulot, des actions dangereuses qui auraient amplement justifié un atterrissage d’urgence, il me semble. Rendu à ce niveau de stupidité et d’inconscience, l’absence de masque et la propagation de la COVID-19 dans la cabine deviennent des peccadilles sur la longue liste des infractions commises en quelques heures de vol. Et le plus absurde, c’est que nos amigos ont eux-mêmes publié les vidéos de leur party dans les airs. Vivre par les médias sociaux, périr par les médias sociaux. Boomerang de karma. Nos fiertés nationales ont abouti sur les pages d’accueil des populaires sites de TMZ ou du Daily Mail. Une vraie honte. « Du duct tape et des tie wraps font des miracles dans des cas similaires. Et où étaient les responsables de la sécurité dans cet avion ? », demande, avec justesse, TMZ. Transports Canada enquête déjà sur l’affaire. Sunwing aussi. À l’instar d’Air Canada, Air Transat a refusé mercredi de rapatrier les fêtards qui tentaient de rentrer au Québec. D’ici la conclusion de l’enquête de Transports Canada, ces gens-là « ne pourront voler avec nous à moins que certains des membres de ce groupe fournissent une preuve très convaincante qu’ils n’ont pas participé à cet évènement aussi disgracieux qu’illégal », m’explique la porte-parole d’Air Transat, Marie-Christine Pouliot. Selon elle, « ce type de comportement est inacceptable sur nos ailes ». Mais revenons au compte Instagram OD Scoop, qui a craqué la première allumette de cette histoire ayant enflammé le Québec. Depuis six mois, cette page révèle des infos exclusives et des divulgâcheurs, qui ont notamment fâché l’équipe de production d’Occupation double dans l’Ouest. C’est très rare qu’OD Scoop se trompe. Il compte sur des informateurs fiables et branchés. « Ce que je publie, je le vérifie deux et même trois fois. Je reçois des milliers de messages par jour et je dois m’assurer de leur crédibilité », explique le responsable du compte OD Scoop, un jeune homme de 33 ans qui refuse de dévoiler son identité. Un peu comme La Clique du Plateau (le site web) en 2009. Ou comme dans la télésérie Gossip Girl, qui opère de la même façon. Avant Noël, OD Scoop comptait 35 000 abonnés. En début de soirée mercredi, plus de 141 000 personnes suivaient ce compte, dont la popularité a explosé avec la saga du nid de coucous à Tulum. Justement, qui sont-ils, ces participants de téléréalité qui ont étiré leurs cinq minutes de gloire ? On s’entend qu’il ne s’agit pas de la crème des influenceurs, loin de là. On parle ici de joueurs de ligues très mineures. De la téléréalité Occupation double Afrique du Sud de Noovo, il y avait Karl Sabourin, dont le plus important fait d’armes est d’avoir popularisé l’expression « ici, c’est chez nous ». Toujours d’OD Afrique du Sud, nous avons renoué avec Dragos Calistru, qui poursuit une carrière locale de DJ. L’île de l’amour, à TVA, a fourni un trio de championnes formé de la mannequin Anna-Maëlle Laprise, de l’influenceuse Sandrine Séguin et de la pilote d’avion Isabelle Labrecque. Oui, il y avait une pilote dans cet avion qui ne semblait pas en avoir. À Tulum, des publications montrent également Anthony Jackson-Hamel, un ancien joueur de l’Impact qui, lui aussi, s’est recyclé en DJ. En langage d’insulaire, j’ai « slide dans les DM » de tous ces Prix Nobel et personne ne m’a répondu. Comme on dit au Señor Frog de Cancún : « Never give up, bro. » L’organisateur du fiasco d’Air Cabochon, James William Awad, un Lavallois de 28 ans aussi connu sous son nom d’artiste de Senior, a refusé d’accorder des entrevues. Il a gazouillé que « ça a valu la peine » avant de retirer son message et d’écrire qu’il prenait cette situation au sérieux, qu’il essaierait de démêler tout ça. Le retour à la réalité de ces influenceurs des pauvres risque d’être pas mal plus difficile qu’un lendemain de veille à la margarita épicée. Et les amendes qui leur pendent au bout du nez ne pourront pas être commanditées. ",5455
1 journaliste,Hugo Dumas,une chronique télévision,2022-03-07,https://www.lapresse.ca/arts/chroniques/2022-03-07/star-academie/grace-a-footloose-jeremy-survit.php,"Star Académie | Grâce à Footloose, Jérémy survit ","Les profs, qui essaient de casser Jérémy Plante depuis la rentrée des classes à Waterloo, ont encore raté leur tentative d’expulsion de cet élève récalcitrant. Pour la deuxième fois, les téléspectateurs ont sauvé le Lévisien de 25 ans de l’élimination, dimanche soir, lors d’un gala de Star Académie aux accents de « pop art ». Sur la scène des studios Mels remplis à craquer, Jérémy Plante, qui arborait un look à la Grease, a opté pour l’entraînante chanson Footloose de Kenny Loggins. Et tel un Ren McCormack (Kevin Bacon) dans un entrepôt désaffecté de Bomont, en Utah, il a dansé pour la récolte des votes. Il ne manquait qu’Ariel, Willard, Rusty et la bénédiction du révérend Shaw. Est-ce que la performance de Jérémy a été extraordinaire ? Non. Mais, enfin, un académicien de TVA qui n’opte pas pour une chanson triste, geignarde ou déprimante. Le public a récompensé le pep et la persévérance de Jérémy Plante. Attention au syndrome de la grosse tête, par contre. C’est ce qui guette Jérémy. Toute la semaine, les professeurs ont rappelé à Sandrine Hébert, 25 ans, de Coaticook, qu’elle chantait toujours à côté de la note, qu’elle devait corriger ses problèmes de justesse. Sans surprise, Sandrine a été retranchée après une relecture pas du tout déshonorante de C’est zéro, grand succès de Julie Masse écrit par Manuel Tadros, le père de Xavier Dolan. PHOTO TIRÉE DE LA PAGE FACEBOOK DE STAR ACADÉMIE Sandrine Hébert Le corps professoral a donc protégé Marily Dorion, 27 ans, de Sherbrooke, une artiste plus originale et créative que Sandrine. Son interprétation de Je t’aimais, je t’aime et je t’aimerai, de Francis Cabrel, a été fort jolie. PHOTO TIRÉE DE LA PAGE FACEBOOK DE STAR ACADÉMIE Marily Dorion Étonnamment, le numéro bricolé avec la popstar belge Angèle, 26 ans, n’a pas été le plus étincelant de la soirée. Il a débuté sur Tout oublier avec des plans serrés dans une voiture Citroën, qui frôlaient la claustrophobie. Et les académiciens ont éprouvé de la difficulté dans le registre de la chanteuse belge. Même la meilleure du groupe, Audrey-Louise, n’a pas été au mieux. À la toute fin de ce gala de 2 h 05 min, Ingrid St-Pierre a été la plus émouvante, en simplicité et en douceur. Les joailliers (avec Olivier) et Ficelles (avec Audrey-Louise et Julien) ont provoqué des frissons dans nos salons. Et quelle éloquence en entrevue avec l’animateur Marc Dupré. Très bel hommage à Renée Martel avec Paul Daraîche, Isabelle Boulay, Annie Blanchard et Guillaume Lafond. Encore une fois, Audrey-Louise s’est démarquée sur Je vais à Londres, tout comme Krystel et Édouard sur Un amour qui ne veut pas mourir. Six jours après la démission définitive de Dany Bédar, le groupe La Chicane s’est pointé avec son sac de tubes tels Tu m’manques et Calvaire (parfaite pour Olivier). Boom Desjardins, toujours en voix, en a profité pour annoncer que Jean-Marc Couture, champion de Star Académie 2012, se joignait à la formation abitibienne en tant que guitariste. Ce fut d’ailleurs une grosse soirée pour les anciens académiciens avec le retour d’Annie Blanchard (2005), de Jean-Marc Couture (2012) et de Guillaume Lafond (2021). Vous êtes nombreux à râler contre les vêtements portés par les académiciens. Pas moi. Ça fait du bien d’oser à fond et d’éviter les tenues noires trop classiques. Dimanche soir, on avait l’impression de feuilleter une bande dessinée aux couleurs vitaminées. Un mélange d’influences des années 1990 et d’Archie. Suivre les manigances d’Éléonore Lagacé à Big Brother Célébrités a été plus difficile que de comprendre l’intrigue touffue des séries Lovecraft Country, Westworld ou Watchmen sur HBO. C’est Lysanne qui sort, non, c’est Stéphanie qui sort, non, c’est Eddy qui sort ! CAPTURE D’ÉCRAN D’UNE VIDÉO SUR NOOVO.CA Éléonore Lagacé La patronne de la semaine disco n’a jamais trouvé son rythme et a poussé des fausses notes dans la maison-studio. Grosse déception. Copiant la stratégie (douteuse) de l’humoriste Michelle Desrochers, Éléonore dite Léo a noué des alliances avec tout ce qui se trouvait à portée de main, y compris le burger Hello Fresh garni d’halloumi. Léo nous a complètement perdus dans sa montagne de mensonges fumeux. Quelques secondes avant le vote d’éviction de dimanche soir, qui a renvoyé l’humoriste Eddy King chez lui, qui comprenait vraiment où le couperet allait tomber ? Même le cycliste Hugo Barrette était bouche bée. C’est bien pour dire. CAPTURE D’ÉCRAN D’UNE VIDÉO SUR NOOVO.CA Eddy King Membre d’aucune coalition dominante, le placide Eddy King a été sacrifié. Honnêtement, Eddy n’a pas joué à fond comme ses camarades et n’a remporté qu’un seul challenge en deux mois. Trop peu, trop tard. Tranna Wintour ne gagne jamais non plus, sauf quand Lysanne Richard lui cède sa chaise musicale, mais elle s’implique dans les tractations de coulisse, contrairement à Eddy. Deux alliances s’affronteront dans les prochains jours : celle de Marie-Mai, qui réunit les cinq femmes (Claudia, Léo, Stéphanie, Tranna et Lysanne), ainsi que le groupe des cinq, qui comprend Martin, Hugo, Claudia, Léo et Stéphanie. D’où l’importance de l’élection du prochain patron, qui se décidera à l’unanimité, comme dans un vrai jury. Si Tranna Wintour s’installe dans la chambre de la patronne, elle ciblera Hugo et Martin, son ennemi depuis le premier jour. Si Martin Vachon remporte la faveur des jurés, il tentera d’éliminer Tranna ou Lysanne. La partie se corse comme un gros vin de la Californie, les amis. ",5460
1 journaliste,Hugo Dumas,une chronique télévision,2022-03-21,https://www.lapresse.ca/arts/chroniques/2022-03-21/star-academie/l-hymne-au-printemps-pour-celle-qui-a-quitte.php,Star Académie | L’hymne au printemps pour celle qui a quitté ,"Dimanche soir tranquille à Star Académie, où le départ de Marily Dorion n’a pas ébranlé autant les colonnes du temple musical que celui d’Audrey-Louise, qui a plongé la cohorte 2022 dans une grave dépression saisonnière. Pour remonter le moral des troupes et combattre la grisaille de mars, quoi de mieux que des vêtements pastel d’inspiration coco de Pâques et un épatant numéro d’éveil du printemps monté par la chorégraphe et danseuse Lydia Bouchard ? C’était du joli, tout ça. Tout en douceur, en rondeur et en souplesse, avec un beau fondu enchaîné des chansons Pendant que de Gilles Vigneault et Aquarius (Let the Sunshine in) de The 5 th Dimension. Les trois performances des candidates en danger ont été inférieures à celles d’Éloi Cummings, Audrey-Louise Beauséjour et Krystel Mongeau dimanche passé, il faut le dire. Comme si la séquence chronologique de Star Académie avait été bousillée. Comme si la finale avait été devancée de six semaines. PHOTO TIRÉE DE LA PAGE FACEBOOK DE STAR ACADÉMIE Camélia Zaki Sans surprise, Camélia Zaki, 17 ans, de Sherbrooke, a été plébiscitée par le public en interprétant une pièce quasi inconnue, Voilà de Barbara Pravi, qui sonne comme Padam Padam d’Édith Piaf. Sans rien enlever au talent de l’adolescente, c’est évident que le retour-surprise de son papa marocain lui a permis de moissonner plusieurs votes. La production a beaucoup insisté sur cette histoire familiale depuis le début de la saison. Sarah-Maude Desgagné, 23 ans, d’Amos, a refait River Deep Mountain High de Tina Turner avec quelques problèmes de justesse (et de criage, ajouterais-je). Ce fut quand même suffisant et convaincant pour que le corps professoral la garde au manoir de Waterloo. PHOTO TIRÉE DE LA PAGE FACEBOOK DE STAR ACADÉMIE Sarah-Maude Desgagné C’est donc celle avec l’identité artistique la plus forte, Marily Dorion, 27 ans, de Sherbrooke, qui a été remerciée. Son Tour de l’île de Félix Leclerc n’a pas été bouleversant ni extraordinaire. Pas de scandale ici, on s’y attendait. Ce que nous n’avions pas anticipé, par contre, c’est la renaissance de Jérémy Plante, 25 ans. Autant il en arrachait au départ, autant il a été le concurrent le plus solide dimanche soir. Jérémy, qui a changé d’attitude complètement, avait l’air de s’amuser, tout en assurant à chacune de ses apparitions. Est-ce l’effet Footloose ? Édouard Lagacé, 27 ans, s’est nettement démarqué sur Crier tout bas dans le pot-pourri « nautique » de Cœur de pirate, qui a été très généreuse avec les académiciens. Mention spéciale à Julien Charbonneau, 23 ans, excellent pendant Place de la République avec Béatrice Martin au piano. La séquence sur le quai était fort sympathique. Plombé par de petits accrochages, le segment avec Daniel Lavoie paraissait moins rodé que le reste du spectacle. Mais quelle voix et quel catalogue garni de succès comme Jours de plaine (parfaite Krystel), Ils s’aiment (chancelant Olivier) et Tension attention (étonnant Éloi). Le séjour à la cabane à sucre, mené par Yves Lambert, Édith Butler et Jérôme 50, nous a tous fait taper du pied dans nos salons. On se serait cru à En direct de l’univers du jour de l’An, vraiment. Quant à la controverse monstre entourant l’éviction d’Audrey-Louise, Marc Dupré a trouvé la meilleure façon de l’aborder : par le rire. Il a composé et interprété la chanson humoristique Une semaine pleine d’émotions pour aborder la grogne sans l’attiser. C’était exactement la bonne chose à faire. Semaine héroïque pour Tranna Wintour de Big Brother Célébrités, qui a remporté le véto le plus important de la saison (jusqu’à présent). Non seulement l’humoriste anglophone a sauvé sa peau, seule devant le groupe des cinq qui dominait la maison, mais en plus elle a orchestré le départ de l’un des joueurs les plus redoutables de la saison, l’humoriste et acteur Martin Vachon. CAPTURE D’ÉCRAN DE L’ÉMISSION L’humoriste anglophone Tranna Wintour a sauvé sa peau à Big Brother Célébrités. Ce dernier a quitté dimanche la téléréalité de Noovo avec élégance, dignité et humour. Un super exemple de sortie réussie. Le golden retriever de l’émission a été fidèle à son personnage : attachant et juste assez mordant. L’alliance des cinq a ensuite explosé dans un bruit d’ouverture de canette de Beach Day Every Day. Et ce qui a davantage grincé dans nos télés, ce sont les tergiversations interminables d’Éléonore Lagacé, qui a été tiraillée pendant une demi-heure entre a) sauver Martin Vachon ou b) garder Stéphanie Harvey dans la partie. Au. Secours. Décide. Toi. Hugo Barrette ne gaspille pas de salive, on le sait depuis dix semaines. Dimanche, le cycliste a utilisé une de ses rares prises de parole par épisode pour jouer dans la tête de Léo et fouetter sa culpabilité. Cette stratégie de manipulation, bien exécutée, a été freinée par Tranna, qui a de nouveau abattu la carte féministe : pourquoi ne pas orchestrer un top 3 entièrement féminin ? Tranna Wintour l’a bien formulé. Son retour à Big Brother Célébrités a été plus flamboyant que celui de Cher avec la chanson Believe en 1998. Personne ne croyait en ses chances de s’extirper du pétrin. Tranna n’avait rien gagné de la saison et avait abandonné plusieurs défis sans se forcer. Oui, c’était parfois pénible à regarder. Mais comme dans un match de basketball où le ballon flotte dans les airs quand la sirène finale hurle, Tranna a marqué le panier le plus payant de sa carrière. Maintenant, avec Hugo Barrette qui s’aligne vers le poste de patron et qui la ciblera assurément, Tranna sera-t-elle « strong enough » comme sa diva préférée ? ",5558
1 journaliste,Emilie Nicolas,une chronique société,2020-02-20,https://ledevoir.com/opinion/chroniques/573290/la-paresse-et-la-dominance,La paresse et la dominance,"On s’est beaucoup moqué dernièrement de Peter MacKay, et plus largement de tous les politiciens anglophones qui, tout en nourrissant de grandes ambitions nationales, ne prennent jamais le temps d’apprendre le français. On y voit, avec raison, l’expression d’un mépris, ou au mieux d’une indifférence, envers les Québécois et les autres francophones du Canada. Je ne sais pas combien de fois, au cours des années où j’habitais à Toronto, on m’a approchée pour avouer une jalousie par rapport à mon bilinguisme. « Ah ! Il faudrait que je me remette au français », me disent en anglais ou dans un français laborieux ceux qui ont fait les programmes d’immersion au secondaire il y a un peu trop longtemps. « Mais c’est difficile », ajoute-t-on. Dans ces situations, je sais que la personne est de bonne foi. Je suis aussi certaine, jusqu’à preuve du contraire, qu’elle ne se remettra jamais sérieusement au français. Professionnellement, ça ne lui est pas nécessaire. Et elle peut voyager partout dans le monde et s’attendre à ce que la population locale s’adresse à elle dans sa langue. La tentation de la paresse n’est pas insurmontable, mais elle est très forte. Souvent, la personne qui lance cette remarque sous-estime le travail qui m’a été demandé, comme francophone de la Rive-Sud de la région de Québec, pour maîtriser sa langue. Le bilinguisme des Francos est souvent perçu comme allant de soi. Ce qui est plus vrai, c’est que la plupart des francophones apprennent la langue dominante du continent avec la conviction que ce n’est pas seulement « intéressant », mais nécessaire, ou du moins très utile. Quand on apprend avec le sentiment qu’il est important d’apprendre, les résultats sont autres. Avec le rôle du dominant, du majoritaire, viennent plusieurs privilèges. Mais vient aussi une tendance à la paresse qui crée bien souvent une asymétrie des connaissances — et pas seulement linguistiques. Cette paresse de la dominance, j’en ai toujours aussi fait l’expérience chez moi, au Québec. Comme femme noire, j’ai souvent le sentiment d’avoir à me répéter constamment sur les questions de diversité, d’inclusion, d’antiracisme. Je sais que j’ai en face de moi un interlocuteur qui ressent rarement l’urgence, la nécessité d’apprendre — sauf en temps de crise de relations publiques, parce que les manifestants s’en sont mêlés. Sinon, l’ignorance individuelle ou organisationnelle de grands pans de la réalité des minorités au Québec est encore sans grandes conséquences. Je ne nie pas que les consciences collectives se transforment. Mais il y a une lenteur d’évolution qu’on normalise. Je sais qu’en d’autres circonstances, on serait capables de mieux. Je sais aussi que, comme personne non autochtone, il serait tentant d’être à mon tour paresseuse. Je suis de ceux qui n’ont à peu près rien appris des réalités des Premières Nations, des Métis et des Inuits à l’école, outre la distinction entre un tipi, une maison longue et un igloo. Il est difficile comme adulte de s’intéresser à un sujet avec des bases aussi faibles : ça nous confronte à notre ignorance. Je pourrais aussi avoir honte, me sentir coupable, et en rester paralysée. Je préfère toutefois me mettre en colère contre le système d’éducation qui nous a si mal servis et exiger mieux pour les prochaines générations. Et puis, j’ai assez souvent fait l’expérience amère de la paresse du dominant pour chercher à ne pas faire partie du problème à mon tour. Il me restera toujours beaucoup de choses à apprendre. Mais je peux me botter le cul et m’y mettre. Sérieusement. « La réconciliation est morte. » Nombreux sont les militants autochtones qui ont utilisé l’expression depuis le début de l’année. Les images des femmes wet’suwet’en emmenées de force par la GRC, en pleine cérémonie, ont fait le tour du pays. Le mouvement de solidarité pour la reconnaissance de la souveraineté autochtone et contre le nouveau pipeline de Coastal GasLink était amorcé depuis longtemps, mais il a désormais pris une ampleur que les autorités n’avaient pas calculée. Des marches tenues à travers le Canada. Des trains et des routes bloqués. Et une génération qui annonce la mort de la réconciliation. Mais a-t-elle déjà été proprement vivante ? Le rapport de la Commission de vérité et de réconciliation date de 2015. Quatre-vingt-quatorze appels à l’action avaient été lancés. Qui n’a pas encore pris le temps de le lire, depuis 2015 ? Souhaitons-nous sincèrement repenser les dynamiques de pouvoir à travers ce pays ? Le défi est lourd et complexe. Pour le relever, il faut une connaissance de l’histoire, une familiarité avec les perspectives autochtones, des relations de confiance et un dialogue sain construit sur des compréhensions communes. Qui, chez les non-autochtones — particulièrement chez ceux qui ont le pouvoir politique, économique et médiatique —, s’est sérieusement attelé à la tâche ? Et si on a entamé une réflexion, avec quelle assiduité la nourrit-on ? Est-on habités par un sentiment d’urgence, de nécessité ? Ou va-t-on continuer à évoluer au rythme où Peter MacKay apprend le français et s’en satisfaire ? Sera-t-on encore intéressés et motivés une fois que les trains reprendront leurs routes ? ",5183
1 journaliste,Hugo Dumas,une chronique télévision,2022-04-12,https://www.lapresse.ca/arts/chroniques/2022-04-12/les-chefs/donnez-de-la-sauce-a-jean-luc-boulay.php,Les chefs ! | Donnez de la sauce à Jean-Luc Boulay ! ,"Les jeunes d’aujourd’hui n’ont plus aucun respect pour les traditions. Pouvez-vous croire que les concurrents de la succulente émission Les chefs ! ont lésiné sur la sauce lors du premier défi de la téléréalité de Radio-Canada, qui consistait à cuisiner un pot-en-pot typiquement madelinot ? On ne fait pas ça à Jean-Luc Boulay, voyons. L’abondance de sauce, l’assaisonnement des plats et le sacro-saint respect des produits forment l’ossature de son mantra aux Chefs ! depuis 2010. Je le sais, vous le savez et les 13 nouveaux candidats de la nouvelle brigade ont appris à leurs dépens qu’on ne sert pas à M. Boulay un pâté tout sec. Inacceptable ! Inadmissible ! Scandaleux ! Blague à part, cette 11e saison des Chefs !, de retour le lundi 18 avril à 20 h après une pause pandémique, s’annonce délicieuse et encore plus croustillante que les précédentes. Elle nous ramène des classiques comme notre espuma préféré (à la pelure de pomme de terre, attention), le Thermomix, le montage des assiettes aux baguettes, les chin-chin à l’eau pétillante, les huiles de la Maison Orphée, les coupures aux doigts et les célèbres interventions d’Élyse Marquis : « Je vous demanderais de tout arrêter, j’ai une annonce à faire. » Et en 2022, non seulement on respecte le produit aux Chefs !, mais on le maximise aussi. Après la première épreuve de pot-en-pot, une tourtière aux fruits de mer des Îles-de-la-Madeleine que l’on prononce « potte en potte », les aspirants chefs ont jeté beaucoup trop de bonne nourriture à la poubelle. Conséquence : leur nouvelle coach Colombe St-Pierre les force à cuisiner du compost la semaine suivante, soit des fanes de carottes, des pieds de brocoli et des épluchures de patates. PHOTO FOURNIE PAR RADIO-CANADA Colombe St-Pierre, cheffe propriétaire du restaurant Chez Saint-Pierre, est la coach de l’émission. Non, Daniel Vézina ne reprend pas son rôle de mentor, qui a été confié à Colombe St-Pierre, propriétaire du restaurant Chez Saint-Pierre au Bic. À la caméra, la dynamique cheffe s’en sort haut la toque. Elle est drôle, attachante, impliquée, bonne pédagogue et conclut chacun des épisodes avec un joli proverbe comique. La tablée des juges se féminise également. Au trio d’origine, composé de Normand Laprise, Pasquale Vari et Jean-Luc Boulay, se greffe Isabelle Deschamps-Plante, qui a été finaliste aux Chefs ! en 2013 de même qu’en 2014 lors de l’édition Les chefs ! : la revanche. PHOTO FOURNIE PAR RADIO-CANADA Les juges des Chefs ! : Normand Laprise, Jean-Luc Boulay, Isabelle Deschamps-Plante et Pasquale Vari Comme juge, Isabelle Deschamps-Plante, qui travaille maintenant comme cheffe exécutive aux cafés et comptoirs de Ricardo, complète bien l’expertise de ses camarades masculins, en poste depuis la première saison. Elle apporte une couleur différente à l’analyse des mets, soit celle d’une ancienne participante qui a vécu ce stress devant les caméras. Elle n’est toutefois pas mielleuse, sans non plus être fielleuse. Tout demeure une question d’équilibre, comme dans toute recette qui se respecte. Le premier épisode des Chefs ! roule à fond la caisse, même rythme haletant pour le deuxième. La présentation des dix garçons et des trois filles de la brigade de 2022 s’intercale entre les épreuves, et l’action ne ralentit jamais, sur fond musical intense à la Game of Thrones. À l’écran, cette nouvelle escouade nous paraît d’emblée plus soudée et solidaire. Pourquoi ? Parce qu’avant le début des tournages, les concurrents ont été isolés à l’hôtel pendant deux semaines. Ils ont pu communiquer entre eux par Zoom et créer une complicité qui était moins présente dans les chapitres antérieurs. Cette quarantaine leur a également permis d’étudier à fond les classiques de la gastronomie, ce qui dépanne toujours quand vient le temps d’un défi de sauce grébiche ou de crème anglaise qu’on ne fouette jamais quand elle chauffe, seigneur, voulez-vous achever Normand Laprise ? Aussi, la bulle formée sur le plateau des Chefs ! permet aux combattants de popoter collés les uns sur les autres, sans se soucier des « deux mètres de distance ». On a l’impression de renouer avec la normalité en les voyant s’agiter dans notre télé. PHOTO FOURNIE PAR RADIO-CANADA Amine Laabi, 29 ans, de Laval, sous-chef au Gentile de Westmount Plusieurs cuistots sortent rapidement du lot, dont le sympathique Amine Laabi, 29 ans, de Laval, sous-chef au Café Gentile de Westmount. Ses réactions spontanées le rendent hyper sympathique. Jean-Christophe Beaudin, 30 ans, sous-chef au Foxy, débarque dans l’atelier avec son immense coffre à outils en métal garni d’instruments bien aiguisés. Anthony Vien, 25 ans, de Lévis, sous-chef à La Tanière de Québec, part en lion, mais finira-t-il en cochon, comme le veut le dicton ? Parmi les favoris, on retrouve Adrian Pastor, 30 ans, de Rimouski, chef de midi à l’Arlequin, ainsi qu’Elliot Beaudoin, 27 ans, chef au restaurant Légende de Québec, qui est surnommé le botaniste. Les ténors de l’émission se nourrissent aussi de la fougue des marmitons de la relève. Au deuxième épisode, le vétéran Normand Laprise du Toqué ! apprendra même la signification de l’expression « snacker une perdrix ». Comme téléspectateur, le niveau de stress pendant les duels de fin d’émission nous coupe encore le souffle. Et c’est parfait comme ça. Vous savez qu’on ne souffle jamais sur un plat en feu. On étouffe le brasier à l’aide d’un couvercle. Truc d’un pro des incendies, ici. ",5440
1 journaliste,Hugo Dumas,une chronique télévision,2022-07-09,https://www.lapresse.ca/arts/chroniques/2022-07-09/la-deesse-de-l-enchantement.php,La déesse de l’enchantement ,"Avais-je le goût de regarder la minisérie radio-canadienne consacrée à l’enfance de l’écrivaine Gabrielle Roy ? Zéro pis une barre. Coproduction régionale Manitoba-Québec, mince budget pour une série d’époque et abus de violons mélancoliques, tous les éléments convergeaient vers un désastre cathodique de type À la valdrague (ouf !). J’ai d’ailleurs passé mon tour quand la chaîne ARTV a relayé en mars les huit épisodes d’une demi-heure du Monde de Gabrielle Roy. Merci, mais non merci. PHOTO FOURNIE PAR RADIO-CANADA Martine Francke dans Le monde de Gabrielle Roy Quand Radio-Canada a remis l’œuvre à sa grille fin juin (les lundis à 19 h 30), j’ai tendu l’oreille et ouvert l’œil. D’autant plus que Le monde de Gabrielle Roy avait décroché deux nominations majeures en prévision du gala des Gémeaux de septembre : meilleure actrice (Martine Francke) et meilleure réalisatrice (Renée Blanchar). Verdict ? C’est sympathique, touchant et charmant, pas du tout quétaine. Vraiment, mes préjugés ont brouillé mon jugement, désolé. Cette série lente et poétique ressemble aux adaptations télévisuelles qui ont été tirées des romans de Lucy Maud Montgomery, dont Anne… la maison aux pignons verts. Le volet gratuit de Tou.tv offre les deux premiers épisodes du Monde de Gabrielle Roy. Le troisième passe lundi soir et la collection complète est accessible sur l’Extra de Tou.tv. Campé entre 1919 et 1929, Le monde de Gabrielle Roy se décline en huit souvenirs de jeunesse de la célèbre écrivaine qui construiront son univers littéraire et nourriront ses obsessions créatives. À travers les yeux pétillants de la petite Gabrielle Roy (Léa-Kim Lafrance-Leroux), 10 ans, le téléspectateur s’immerge dans le mouvement de l’émancipation des Manitobaines, le combat pour la préservation du français à l’extérieur du Québec, l’exil ainsi que l’oppression des francophones, la lutte des classes sociales et le désir d’évasion d’une future étoile de la littérature internationale. PHOTO FOURNIE PAR RADIO-CANADA Martine Francke et Léa-Kim Lafrance-Leroux dans Le monde de Gabrielle Roy Non, vous n’assisterez pas à la création de Bonheur d’occasion. Le monde de Gabrielle Roy se conclut en pleine crise économique alors que l’héroïne (maintenant jouée par Romane Denis) a 20 ans et poursuit ses études pour devenir institutrice. Dans près de 95 % des scènes de la minisérie, c’est la Gabrielle de 10 ans que nous suivons, une fillette curieuse, rêveuse et fouineuse, de même que ses sœurs plus âgées Bernadette, Alicia et Clémence. Le personnage de la mère de Gabrielle Roy, Mélina Landry (excellente Martine Francke), ressort clairement du lot. C’est elle qui encourage sa fille Gabrielle à « faire partie du grand monde ». Un monde de bals somptueux, de gants de soie et de shopping chez Eaton auquel Mélina n’a jamais accédé. Cette femme pieuse, intense, fière et protectrice est le cœur de la maison familiale de la rue Deschambault, à Saint-Boniface. Couturière, Mélina est tiraillée entre les traditions religieuses et le vent de modernité qui souffle sur les Prairies. Son mari, Léon Roy (Gaston Lepage), correspond plus au stéréotype de l’homme de son époque. À la fois bourru et sensible, il a longtemps travaillé comme agent de colonisation pour le gouvernement fédéral, avant de perdre son travail. C’est Léon qui encourage ses filles à s’instruire, un outil précieux pour s’extraire de la pauvreté. Le monde de Gabrielle Roy renferme quelques sources d’irritation, dont la musique omniprésente qui gâche parfois l’ambiance. Il ne s’agit pas non plus d’une biographie dite classique, car la scénariste et réalisatrice Renée Blanchar (Belle-Baie) a pris des libertés historiques pour broder son récit. Peu importe. Pour bronzer plus intelligent, Le monde de Gabrielle Roy se situe plus près de l’enchantement que de la détresse. Ne perdez pas votre temps avec la téléréalité Snowflake Mountain de Netflix. C’est mauvais et le « scénario » — pensez-vous encore que ces émissions ne sont pas scénarisées ? – transparaît beaucoup trop pour qu’on y adhère. Le concept avait pourtant un aspect séduisant et accrocheur. Dix influenceurs ou gosses de riche dans la vingtaine, qui sont allergiques à l’autorité depuis leur naissance, croient participer à une luxueuse téléréalité de type villa d’Ibiza avec piscine à débordement et champagne à volonté. Erreur. La production les débarque en montagne, en plein milieu d’une forêt, où ils devront survivre avec les moyens du bord (et sans leur trousse de beauté). C’est qui le plus woke ici, hein ? Vous allez souffrir, mes petits ingrats ! Évidemment, ces dix membres de la génération Z ont été choisis pour représenter le stéréotype du « flocon de neige », une jeune personne fragile incapable de tolérer une opinion contraire à la sienne sans s’offusquer. Évidemment, deux anciens militaires, les animateurs Joel Graves et Matt Tate, tentent de les casser et de les endurcir. Envoyez, bande de paresseux ! Bûchez votre bois ! Cueillez vos fruits ! Chassez votre viande ! Et rangez vos maudits cellulaires ! J’ai décroché après trois épisodes, qui finissent par répéter la même histoire : les jeunes d’aujourd’hui sont donc bien superficiels, bla, bla, bla. C’est gros, longtemps. Avec un peu moins de mauvaise foi, Snowflake Mountain aurait pu être une émission divertissante. Ses partis pris conservateurs, même pas exploités avec humour, ne font que renforcer des préjugés et creuser le fossé entre deux générations. Snowflake Mountain reste ainsi au camp de base et ne s’approche pas du tout du sommet. ",5546
1 journaliste,Hugo Dumas,une chronique télévision,2022-03-14,https://www.lapresse.ca/arts/chroniques/2022-03-14/star-academie/ramenez-audrey-louise-ca-presse.php,"Star Académie | Ramenez Audrey-Louise, ça presse ! ","Une des élèves les plus douées de Star Académie a été retranchée dimanche soir et c’est incompréhensible. Du grand n’importe quoi. Les trois mises en danger du dernier gala se justifiaient d’ailleurs difficilement. Pourquoi opposer trois candidats aussi forts, alors qu’il restait en masse de bois mort au manoir de Waterloo ? Certaines chanteuses épuisées ou trop souvent écorchées par les professeurs ont été épargnées de cette guillotine aussi cruelle qu’inexplicable. C’est injuste pour Audrey-Louise Beauséjour, 23 ans, de Brossard, qui n’avait jamais été inquiétée avant cette semaine. Une série de décisions douteuses lui ont cependant coûté son siège dans l’autobus bleu. Quel gâchis. Depuis le début du concours, Audrey-Louise a brillé à chacune de ses apparitions, ses camarades exclus lui ont également prédit la victoire, mais non, le corps professoral lui a préféré Krystel Mongeau, 25 ans, de Sherbrooke, qui a été très solide sur I Won’t Let Go, des Rascal Flatts, il faut le souligner. PHOTO TIRÉE DE LA PAGE FACEBOOK DE STAR ACADÉMIE Krystel Mongeau Ce n’est pas scandaleux que Krystel poursuive son apprentissage dans le télé-crochet de TVA, comprenez-moi bien. Elle a un joli timbre de voix et une assurance inégalée sur scène. Ce qui ne passe pas, c’est le choix de mettre Audrey-Louise contre Krystel aussi tôt dans la compétition. Les fans ne l’ont pas digéré. Le fiel se déversait en hectolitres sur les réseaux sociaux. Car Audrey-Louise et Krystel, les deux jeunes mamans de la cohorte, n’ont rien raté depuis le premier jour et leur bulletin de mi-session n’affichait que des A. On ne peut pas en dire autant de Marily, Sarah-Maude, Camélia, Olivier, Édouard ou Jérémy. Quand Guylaine Tremblay a annoncé que Krystel restait, on a tous cru à une bourde comme celle commise aux Oscars en 2017. LOL ! Voir qu’Audrey-Louise a été éliminée après avoir été aussi bonne sur L’amour existe encore, de Céline Dion, c’est une blague, montrez-nous l’enveloppe ! Sauf que non, pas de gag ici. Même les académiciens avaient l’air sonnés du résultat. C’est tellement dommage. Cette controverse a jeté une grosse ombre sur le meilleur gala orchestré de la saison 2022. Une pétition en ligne a même été lancée pour réintégrer la concurrente destituée. PHOTO TIRÉE DE LA PAGE FACEBOOK DE STAR ACADÉMIE Éloi Cummings Le vote du public n’a pas du tout été surprenant. Éloi Cummings, 16 ans, des Îles-de-la-Madeleine, a opté pour une pièce parfaite pour lui, La ballade du Irving Whale, de Zachary Richard. On croyait revivre le même phénomène qui a poussé Wilfred LeBouthillier vers la victoire en 2003. Éloi est jeune, charmant, attachant et travaillant. C’était évident que les téléspectateurs allaient craquer pour ce sosie de Shawn Mendes, même s’il n’est pas le meilleur chanteur de la troupe. Le vote du public penche plus souvent du côté des garçons que de celui des filles. Quant au reste de ce gala de 2 h 10 min, il a été épatant, à commencer par l’ambitieux numéro hommage à Gerry Boulet, qui a réuni Dan Bigras, Breen LeBœuf, Daniel Boucher, Lulu Hughes et Claude Cobra, de Bleu Jeans Bleu. Le cabaret jazz pop 80-90, monté par le directeur artistique Pierre Lapointe, a été savoureux. T’es dans la lune, des BB, Dors Caroline, de Johanne Blouin, Recherché, de Jano Bergeron ou Ça va bien, de Kathleen, on en aurait pris un spectacle complet. À la toute fin, Guylaine Tanguay a prouvé pourquoi les Québécois l’adorent. Elle est généreuse, talentueuse et a le don de mettre du pep dans nos salons. Sauvetage kamikaze au véto et manœuvre de double jeu transformée en piège pour Lysanne Richard, la dernière semaine de Big Brother Célébrités sur Noovo a prouvé à quel point Martin Vachon maîtrise bien ce jeu de stratégie. La manœuvre complexe que l’humoriste a exécutée a été la plus audacieuse et la plus stupéfiante de la saison. Un haut niveau de dextérité et de fausses larmes (comme celles, hyper exagérées, de Léo), ce qui place Martin parmi les prétendants les plus sérieux au titre de champion de la téléréalité. CAPTURE D’ÉCRAN DE NOOVO Lysanne Richard Tout s’est aligné pour que son plan de sortie de la plongeuse Lysanne fonctionne. Martin a gagné le privilège de la voûte, il a protégé Claudia Bouvette, puis sa collègue Stéphanie Harvey a retiré Éléonore Lagacé du bloc d’élimination, en espérant ainsi acheter sa fidélité. La voie était tracée et complètement dégagée pour l’éviction de Lysanne, sans que le patron Martin ne se salisse les mains ou qu’il ne trahisse son alliance. Même en annonçant à Lysanne qu’il n’avait pas le choix de la mettre en danger, Martin a paru sincère (sortez les violons). Et Lysanne a tout gobé, sans comprendre le niveau de duperie. Oups. Maintenant, c’est évident que Martin se dessine une cible dans le dos en traversant les semaines avec autant de virtuosité. Claudia et Éléonore l’ont réalisé dimanche : elles ont maintenant la chance de se débarrasser de leur plus grand rival. Oseront-elles trahir l’alliance des cinq ? Il le faut, si Claudia et Éléonore souhaitent survivre jusqu’à la fin. On a beaucoup critiqué Tranna Wintour pour son absence de motivation dans les défis. Mais elle a été excellente dans l’aspect social de Big Brother cette semaine. Elle a tout donné pour empêcher l’exclusion de Lysanne. Elle a dénoncé les manigances de marchandage de loyauté. Elle obtient une note de 75 %, soit le degré de certitude de Stéphanie Harvey à propos de l’identité du père de Kim Rusk. ",5459
1 journaliste,Hugo Dumas,une chronique télévision,2022-02-09,https://www.lapresse.ca/arts/chroniques/2022-02-09/un-diagnostic-de-fievre-olympique.php,Un diagnostic de fièvre olympique ,"Tous les deux ans, un virus planétaire traverse nos corps de patates de sofa et se manifeste sous forme de grands frissons, d’arythmies cardiaques, de larmes incontrôlables et de cris gutturaux dignes de Louis Cyr soulevant une plateforme de 4092 livres avec son dos. C’est la fièvre olympique, qui mord fort et qui raccourcit nos nuits de plusieurs heures. En souffrez-vous ? Moi, de façon grave. Ce truc est encore plus contagieux que… ah, puis non, laissez faire les gags de COVID-19. Plus capable de les entendre. Voici maintenant comment poser un diagnostic (positif) à ce virus mondial aux cinq anneaux. Vous pleurez encore plus qu’à l’habitude devant votre écran. Car le parcours doré du planchiste Maxence Parrot, 27 ans, bat n’importe quel film sportif hollywoodien. Quelle histoire inspirante, qui met en vedette un sympathique athlète de Bromont mis K.-O. par un cancer il y a trois ans et qui écrase tous ses adversaires. Ça ne s’invente pas. PHOTO MARTIN CHAMBERLAND, LA PRESSE Justine Dufour-Lapointe n’a pu réprimer ses larmes après avoir chuté lors de l’épreuve finale des bosses. Vous pleurez encore plus dans la défaite de nos représentants chouchous. La chute crève-cœur de Justine Dufour-Lapointe dans les bosses, sa sœur Chloé qui la console, mais surtout, l’entrevue honnête et émouvante que Justine a accordée au bas de la pente ont débouché sur une magnifique démonstration d’humilité et de courage. Vous comprenez – sans juger – pourquoi l’analyste Marianne St-Gelais a, elle aussi, versé des larmes après l’étincelante médaille de bronze de la patineuse Kim Boutin au 500 m. Moment poignant de ces Jeux olympiques de Pékin, sans oublier l’élégance et l’éloquence du médaillé d’argent Mikaël Kingsbury, un autre champion au cœur d’or. Quelle classe ! Depuis une semaine, vous parlez au « on », avec une fierté canadienne qui vous surprend. On a gagné une médaille en saut à ski par équipes mixtes ! On a battu les Américaines au hockey féminin ! On devrait s’acheter un foulard rouge brodé avec les lettres CACA ! PHOTO MARTIN CHAMBERLAND, LA PRESSE Les porte-drapeau de l’équipe canadienne, Marie-Philip Poulin et Charles Hamelin, entrant dans le stade avec leurs foulards du Canada partiellement lisibles… Vous songez à enregistrer les commentaires chuchotés d’Alain Goldberg au patinage artistique pour une future vidéo d’ASMR. C’est hypnotique et envoûtant jusqu’au moment d’un triple lutz et qu’il crie : RÉ-U-SSI ! Vous êtes devenus bilingues plus rapidement qu’avec Duolingo en visionnant les épreuves de slopestyle et de grand saut (le big air) à Radio-Canada. Backside double cork 1260 ou triple cork 1620, sans oublier la prise en safety ou la position goofy, ces expressions techniques finiront par avoir des équivalents en français, un jour. Bien d’accord avec vous : ce vocabulaire anglophone de slopestyle écorche le tympan. L’Office québécois de la langue française (OQLF) propose des traductions comme saut sur mur côté orteils (pour frontside air), position en appui talon (pour backside), tire-bouchon (pour cork) et planchiste pied droit avant (pour goofy). Qui osera les employer en ondes ? PHOTO MARTIN CHAMBERLAND, LA PRESSE Kim Boutin a obtenu la médaille de bronze en patinage sur courte piste. Vous avez soudainement le goût de vous lever aux aurores, ou de vous entraîner en pleine nuit avec une lampe frontale, afin de ressentir ce sentiment de dépassement si bien mis en scène dans les pubs de Petro-Canada. Ces symptômes ne dureront pas, rassurez-vous. Vous décelez de la poésie urbaine dans le décor industriel désaffecté de type Tchernobyl où se déroulent les épreuves de grand saut. Ces cheminées grises et ces tours de refroidissement, c’est très brutaliste comme approche, dites-vous avec le ton d’un critique d’art du dimanche qui porte des vêtements Denis Gagnon. Vous ressentez le besoin de prendre votre café avec Jacinthe Taillon, Dominick Gauthier et Hassoun Camara, qui ont toujours des discussions intelligentes et pertinentes. Une médaille pour eux. Vous zappez frénétiquement et vous vous demandez pourquoi Radio-Canada n’affiche pas plus souvent les noms des descripteurs et analystes des sports en vedette. C’est très rare que l’on suive une compétition du début, où l’animateur identifie les commentateurs, jusqu’à la fin. Ce petit rappel – en mortaise – serait chouette. PHOTO MARTIN CHAMBERLAND, LA PRESSE L’équipe féminine canadienne a signé plusieurs victoires étincelantes, dont ce gain de 11-1 contre la Suisse. Vous découvrez l’existence de RDS2, une chaîne à laquelle vous êtes abonnés depuis des lunes, mais que vous ne syntonisez que très rarement. Bonjour, RDS2. Vous avez renouvelé votre abonnement au gym, qui rouvre lundi. Votre nouveau ensemble de vêtements de sport est déjà choisi. Ces symptômes d’euphorie ne dureront pas, hélas. Vous devenez spécialiste de sports très techniques en l’espace de cinq minutes. Le skieur X a mal négocié le virage avant d’entrer dans la cuvette ! La patineuse Y n’a pas complété la rotation de son triple axel, voyons ! Les Italiens seront imbattables au curling cette année ! Vous avez le goût de bouger, de chausser des patins à tuyaux, de sortir dehors ou de descendre une montagne, c’est l’effet le plus magique de cette fièvre olympique. Profitez-en. Car ce buzz alpin diminuera dans une dizaine de jours. Go, go, go. Ce cri d’encouragement vous est présenté par (nom d’une populaire carte de crédit). De retour en studio avec Marie-José Turcotte. ",5475
1 journaliste,Hugo Dumas,une chronique télévision,2022-03-26,https://www.lapresse.ca/arts/chroniques/2022-03-26/safia-et-les-medias.php,Safia et les médias ,"Question chargée aujourd’hui, écrite avec trois paires de gants blancs. Est-ce qu’il y a moyen de parler de Safia Nolin sans nécessairement flirter avec les extrêmes ? Est-ce qu’on peut aborder ses relations houleuses avec les médias – sociaux et traditionnels – sans automatiquement la sanctifier ou la traîner dans la boue de façon malicieuse ? C’est dans cette zone nuancée qu’a navigué Marie-Louise Arsenault, mercredi soir, à l’émission Dans les médias de Télé-Québec. L’entrevue qu’elle a menée avec l’auteure-compositrice-interprète de 30 ans était excellente. Ni complaisante ni agressante, l’animatrice a exploré le gris qui entoure cette chanteuse, dont chacune des apparitions déclenche un déluge de haine. Avec aplomb, Safia Nolin a répondu à toutes les questions de l’animatrice, sans se défiler, même quand Marie-Louise Arsenault lui a demandé si elle jouait volontairement à la victime. Réponse de la chanteuse : la société est difficile pour quelqu’un qui n’est pas mince, blanche et hétérosexuelle. Là-dessus, Safia Nolin, dont le père est algérien, a raison. À la grande loterie de la vie, elle n’a pas pigé les numéros gagnants, soyons honnête. Elle-même se décrit comme une femme grosse, lesbienne, poilue et arabe. Safia Nolin parle franglais. Elle montre sa barbe et ses aisselles touffues sur Instagram. Oui, c’est confrontant, dérangeant, même pour une personne dite ouverte d’esprit, il faut le reconnaître. Mais de là à éviscérer l’artiste de Limoilou sur Facebook ou Twitter, il y a un énorme pas que la plupart d’entre nous ne franchissent pas, heureusement. Safia Nolin reste une énigme. Autant je la trouve courageuse de défendre ses opinions parfois controversées, autant je me demande s’il ne s’agit pas d’autodestruction, de provocation ou de manque de jugement. On la voit promouvoir la diversité corporelle sur Instagram ou dénoncer le peu de place des femmes dans l’industrie musicale et on se dit : go Safia, n’abandonne pas ces combats importants. Puis, le lendemain, Safia Nolin pose avec un chandail frappé du sigle ACAB (All Cops Are Bastards, tous les policiers sont des salauds), et on se dit : mais pourquoi a-t-elle fait ça ? Pourquoi une chanteuse qui se bat justement contre les stéréotypes et les étiquettes tombe-t-elle dans ces généralisations grossières ? Un exemple criant de bottines qui ne suivent pas les babines. Elle est difficile à suivre, Safia Nolin. On a le goût de lui dire de choisir ses combats pour se protéger des trolls qui n’attendent que le moment où elle leur ouvre la porte pour saccager sa maison. Ces trolls ne disparaîtront pas, hélas ! et les commentaires qu’ils déversent sur Safia sont odieux et d’une violence inouïe. Personne ne mérite ça. En même temps, la musicienne sait que ses interventions publiques, même les plus anodines, vont inévitablement lui valoir une volée d’insultes. Elle en souffre systématiquement, mais elle continue à foncer dans le tas, la tête baissée et enfournée à « Broil ». Inconscience ou bravoure ? Je ne sais plus. Pourquoi ne pas canaliser toute cette énergie dans des textes ou des chansons ? Elle n’est pas évidente à comprendre, Safia Nolin. Elle s’avance sur des terrains glissants (exemple : les allégations d’agression sexuelle visant Patrick Bruel) qui nécessitent une importante mise en contexte, ce que ne permet pas une « story » éphémère sur Instagram. Safia est pourtant la première à s’offusquer quand des chroniqueurs – ou des sites à potins – tournent les coins ronds à son sujet. Maintenant, parlons des têtes d’affiche de Québecor, qui écrivent très, très souvent sur ses frasques. La compagnie de disques de Safia Nolin, Bonsound, a publié une lettre ouverte adressée à Sophie Durocher et à Richard Martineau pour qu’ils cessent de l’intimider « au moindre commentaire qu’elle émet ». Cette sortie en faveur de Safia Nolin était malhabile. En ciblant précisément deux individus, l’étiquette Bonsound aurait dû se douter qu’elle relancerait les hostilités et que ces deux analystes se placeraient dans une position de victime, en criant à la liberté d’expression. Personne ne va leur dicter quoi écrire, bon ! Effectivement, quand Safia Nolin se prononce sur des sujets d’actualité, comme la laïcité de l’État ou l’écriture inclusive, elle s’expose à la critique. C’est vrai. Il y a cependant une différence entre une critique juste et de l’acharnement. Richard Martineau et Sophie Durocher savent qu’en parlant de Safia Nolin sur toutes leurs plateformes, ils redirigent vers elle des hordes de gens enragés. Ils ne peuvent ignorer leur force de frappe, quand même. Avec de grands pouvoirs viennent de grandes responsabilités, pour citer Spider-Man. L’autre problème avec le personnage médiatique de Safia Nolin, c’est qu’il y a rarement des débats autour de ses idées ou de son talent. Tout de suite, on attaque son corps, on vise ses vêtements ou on ridiculise son orientation sexuelle. Je ne suis pas fan des chansons de Safia Nolin, loin de là. Mais je ne ressens pas le besoin de lui crier des noms par la tête. Encore aujourd’hui, des internautes accusent Safia Nolin d’avoir orchestré l’annulation de Maripier Morin en juillet 2020. Fermons ce dossier une fois pour toutes. La seule personne responsable de la chute de Maripier Morin, c’est Maripier Morin elle-même. Oui, Safia Nolin souffle le chaud et le froid. Ce n’est toutefois pas une raison valable pour la geler avec autant de hargne. ",5428
1 journaliste,Hugo Dumas,une chronique télévision,2022-04-25,https://www.lapresse.ca/arts/chroniques/2022-04-25/star-academie/les-noces-de-krystel.php,Star Académie | Les noces de Krystel ,"La face surprise de Lara Fabian au moment de décacheter l’enveloppe a immédiatement trahi l’identité de la gagnante de Star Académie 2022. Alors qu’Éloi Cummings semblait voguer vers un triomphe aussi facile que prévisible, l’épatante Krystel Mongeau, 25 ans, de Sherbrooke, a fait barrage à la tempête populaire qui soufflait à partir des Îles-de-la-Madeleine. Éloi Cummings, 16 ans, aura donc raflé tous les scrutins du public, sauf le plus crucial, celui de la grande finale de la téléréalité de TVA. Quant à Krystel Mongeau, jeune maman et coiffeuse professionnelle, elle devient la deuxième femme (en sept éditions) à remporter Star Académie, après Stéphanie Lapointe en 2004, ça remonte à très loin. Et quelle victoire méritée, vraiment. Talent et popularité ont rimé dans le cas de Krystel, magnifique dans sa longue robe noire pailletée. Sa relecture impeccable de Je ne suis qu’une chanson de Ginette Reno a supplanté la reprise chambranlante de Quand les hommes vivront d’amour d’Éloi Cummings. Le décalage entre les deux performances a assurément fouetté le public, qui a voulu freiner l’ascension d’Éloi. Krystel ne pouvait pas perdre après avoir été aussi magistrale pendant trois mois. Et Éloi, même s’il est super attachant, ne pouvait pas gagner après avoir été aussi tiède. Explication ? Les abstentionnistes qui râlaient contre Éloi dans leurs salons ont finalement pianoté sur leurs téléphones pour faire sortir le vote, qui a favorisé la meilleure, alléluia. Tout au long de la saison, les profs n’ont jamais caché leur admiration pour Krystel Mongeau, ancienne membre de l’équipe de Lara Fabian à La voix 6, en 2018. Même qu’on sentait que la cote d’amour d’Éloi Cummings irritait le corps professoral, dont Gregory Charles, qui a traité le jeune Madelinot de paresseux. Dans le gala de la semaine dernière, Guylaine Tremblay, Lara Fabian et Gregory Charles ont bondi de leurs fauteuils après les numéros de tous les chanteurs en danger, sauf pour Éloi Cummings. Oups. Favoritisme ? Peut-être. Reste que les profs n’ont pas leur mot à dire pendant l’élection. PHOTO BERTEXERTIER — PHOTOGRAPHIE, TIRÉE DE LA PAGE FACEBOOK DE L’ÉMISSION Éloi Cummings Le couronnement de Krystel Mongeau a également torpillé la croyance voulant que les Madelinots aient « paqueté » le vote pour Éloi depuis le début du concours. Cette théorie brumeuse ne tient pas la route 199 entre Cap-aux-Meules et Havre-aux-Maisons. Pourquoi ? Parce que la population des Îles-de-la-Madeleine tourne autour de 13 000 habitants, alors que le Québec en compte 8,5 millions. Le poids électoral des Madelinots à Star Académie se chiffre donc à 0,15 % pour l’ensemble de la province. On s’entend que 0,15 %, c’est infime, c’est un grain de sable sur la grande plage de la téléréalité de TVA. À elles seules, les Îles-de-la-Madeleine ne possédaient donc pas la force pour pousser — par le vent — l’adolescent de 16 ans jusqu’au fil d’arrivée. C’est tout de même rare, ce qui s’est produit dimanche soir. Dans ce type de compétition télévisuelle, les téléspectateurs plébiscitent rarement les plus douées comme Audrey-Louise Beauséjour ou Krystel Mongeau. Pourquoi donner une tape dans le dos à ces artistes aux carrières déjà bien établies ? Par contre, un vote pour Éloi Cummings ou pour Olivier Bergeron, 20 ans, de Kedwick, au Nouveau-Brunswick, se révèle plus utile et gratifiant. Il contribue à écrire le premier chapitre du conte de fées où un concurrent négligé — le fameux underdog — monte une à une les marches vers la gloire. Plus timide et moins à l’aise dans son corps que ses camarades, Éloi Cummings a vite charmé les fans de Star Académie, qui l’ont pris sous leur aile. De semaine en semaine, nous l’avons vu trébucher, se relever, travailler et s’améliorer. C’est exactement ce qui façonne de la bonne télévision. Et à 16 ans, Éloi a toute sa vie professionnelle devant lui. La consécration de Krystel signalerait-elle la fin de cette habitude que nous avons de privilégier les laissés-pour-compte ? Espérons-le. Krystel n’a pas volé son titre. Elle n’a commis aucun faux pas et moins de fausses notes que tous ses colocs à Waterloo (sauf Audrey-Louise, qui a été évincée beaucoup trop rapidement, non, je n’en reviendrai pas, merci). Dans ce 13e et ultime gala de Star Académie, d’une durée de 2 h 20 min, le groupe Salebarbes a injecté une énergie hyper contagieuse dans les studios Mels. On ne peut hélas ! en dire autant de Julien Clerc, qui paraissait complètement éteint, le pauvre. Le chanteur Mika, qui a attrapé la COVID-19 au début du mois, en a aussi arraché vocalement. Julien Charbonneau a été plus épatant que Mika sur sa propre chanson, il faut le faire. Solide numéro de comédie musicale orchestré par Gregory Charles, qui a été un prof d’exception cet hiver. Sa rigueur, ses connaissances infinies et son enthousiasme ont été contagieux. Lara Fabian a refait Saisir le jour avec ses 15 petits cœurs et on aurait volontiers pris un pot-pourri allongé. Potin croustillant à la Lady Whistledown, en terminant. Un couple s’est formé pendant cette édition de Star Académie. On parle ici d’un coup de foudre, car les deux membres de ce nouveau couple étaient chacun dans une relation stable lors de leur entrée dans le télé-crochet de TVA. Et oui, nous avons vu leurs douces moitiés respectives dans les émissions quotidiennes, ce qui explique pourquoi ils ne déclarent pas publiquement leur amour. Cette union récente a causé des dommages collatéraux, vous vous en doutez bien. De qui s’agit-il ? Je leur laisse le plaisir (ou pas) d’en parler. XOXO les amis. ",5572
1 journaliste,Hugo Dumas,une chronique télévision,2022-03-04,https://www.lapresse.ca/arts/chroniques/2022-03-04/district-911.php,District 911 ,"C’était dans la nuit, un dimanche, à l’automne 2006. Le téléphone a sonné à 3 h du matin chez Fabienne Larouche, qui écrivait et produisait alors la quotidienne Virginie pour Radio-Canada. Au bout du fil, le conjoint d’un acteur de la série : « C’est pour vous dire que [nom de l’acteur en question] ne sera pas en studio dans quelques heures. Il a fait une tentative de suicide et il a été admis à l’hôpital. » Fabienne Larouche a bondi du lit et s’est jetée sur son ordinateur pour retravailler, entre 3 h et 6 h 30, un épisode complet de Virginie. L’acteur en question, qui s’en est heureusement sorti, apparaissait dans les deux tiers des scènes de l’épisode, dont le tournage s’amorçait le lundi à 7 h, soit quatre heures après son entrée à l’hôpital. Ne sachant pas quand le comédien recouvrerait la santé, Fabienne Larouche a réécrit le scénario en catastrophe pour que les tournages de Virginie se poursuivent sans l’acteur hospitalisé. Les comédiens du feuilleton ont appris leurs nouveaux textes – fraîchement sortis de l’imprimante – en salle de maquillage ou sur l’heure du lunch. Et l’épisode a été bouclé sans que les téléspectateurs s’aperçoivent du drame qui s’était joué en coulisse. Parenthèse : non, cet acteur ne faisait pas partie de la distribution principale de Virginie. Il avait décroché un rôle épisodique important. « Je me souviens très bien de cette journée-là. Ça fait 26 ans que j’écris ou produis une quotidienne à Radio-Canada et, oui, j’en ai vu, des choses. Quand des imprévus arrivent, c’est la force du groupe qui compte. Quand tout le monde se met ensemble, ça déplace des montagnes », détaille l’auteure et productrice Fabienne Larouche. PHOTO ALAIN ROBERGE, ARCHIVES LA PRESSE La productrice Fabienne Larouche La fabrication d’une série quotidienne impose ce rythme de travail infernal, qui n’accorde aucun répit aux artisans et ne tolère aucun retard. Le train-fusée quitte la gare à une vitesse folle et ne s’arrête qu’à la destination finale. Le moindre report coûte des dizaines de milliers de dollars, ce que les budgets déjà rétrécis de ces feuilletons ne permettent pas, évidemment. L’auteur Luc Dionne a vécu un moment similaire le 2 février dernier. C’était un mercredi. Un des acteurs vedettes de sa quotidienne District 31 avait été déclaré positif à la COVID-19. Cet acteur du noyau dur de la série policière jouait dans presque toutes les scènes que l’équipe de District 31 devait mettre en boîte dans les jours à venir. Sans lui, c’était impossible de tourner les épisodes tels qu’ils avaient été écrits par Luc Dionne. Que faire avec un tel cas de District 911 ? Luc Dionne, les patrons de Radio-Canada et les producteurs Fabienne Larouche et Michel Trudeau, d’Aetios, ont envisagé de suspendre la diffusion de District 31 pendant les Jeux olympiques de Pékin, le temps que l’acteur malade guérisse. Le hic, c’est que District 31 ne prend jamais de pause. C’est notre phare télévisuel. L’habitude d’écoute est solidement ancrée à 19 h chez les fans. Il fallait continuer. Mais comment ? Luc Dionne a donc réécrit quatre épisodes en trois jours, soit deux fois plus vite que son rythme habituel déjà très intense. Les textes ont été livrés la veille aux acteurs, qui ont dû les mémoriser encore plus rapidement qu’à l’accoutumée. Les épisodes en question ont été diffusés cette semaine et déborderont jusqu’à la fin de la semaine prochaine. Avez-vous remarqué une différence ? Pas moi. Oui, ç’a été rock’n’roll, mais ça fait partie de notre travail. Vous n’avez pas idée de toute la job qui a été faite en postproduction et en montage. Luc Dionne Il a donc fallu tisser une courtepointe avec les intrigues déjà amorcées, ramener des personnages pour pallier l’absence du comédien covidé et reporter des intrigues qui n’auraient pas été résolues. Bref, ce fut un casse-tête hyper complexe, qui a été assemblé dans des conditions difficiles. « Quand je vais mourir, ils vont écrire “résiliente et résistante” sur ma pierre tombale », blague la productrice de District 31, Fabienne Larouche. Luc Dionne terminera mardi l’écriture de la sixième et ultime saison de District 31, s’il respecte son horaire habituel de travail. Avec les cotes d’écoute stables autour de 1,5 million de téléspectateurs, la pression populaire ne diminue pas, au contraire. « C’est une quotidienne, ça va vite. C’est presque du théâtre filmé, mais les gens s’attendent à de la série lourde tous les soirs », constate Luc Dionne. Pour les accros qui se grattent le coco, non, le prolifique scénariste n’a pas oublié l’histoire de l’homme brûlé de septembre et la rattachera bientôt à la trame principale. Soyez patients. PHOTO TIRÉE DE LA PAGE FACEBOOK DE L’ÉMISSION Gildor Roy dans le rôle du commandant Chiasson. Vous avez sans doute remarqué que Luc Dionne s’amuse encore plus avec le commandant Daniel Chiasson (Gildor Roy) et son téléphone magique. Ces scènes comiques de tiroir qui sonne ou de département des miracles sont savoureuses. « Pour moi, avec Gildor Roy, c’est le match parfait entre un auteur et un comédien », révèle Luc Dionne. Par ailleurs, la nouvelle copine de Bruno (Michel Charette), soit la trop gentille Laurie (Jeanne Roux-Côté), est louche et suspecte. Trop parfaite, trop compréhensive, trop tout. Cette Laurie cache quelque chose de pas très net, mais quoi exactement ? On s’entend qu’une femme qui envoie des lettres au psychopathe Yanick Dubeau (Patrice Godin) en prison ne peut pas être à 100 % équilibrée. Ça ne sent pas bon pour Bruno, tout ça. Ça sent une odeur familière, je dirais. ",5547
1 journaliste,Hugo Dumas,une chronique télévision,2022-07-18,https://www.lapresse.ca/arts/chroniques/2022-07-18/qui-a-le-droit-qui-a-les-droits.php,"Qui a le droit, qui a les droits ? ","Bol de Ruffles sur les cuisses, vous traversez, en version française, les cinq premiers chapitres de Queen of the South sur Netflix. Rendu à la sixième saison, sorry, la version française n’est plus offerte aux clients. Il est possible de regarder Queen of the South 6 en polonais, en turc ou en japonais, mais pas en français. Dans votre salon, vous sacrez. Assez fort, quand même. Le lendemain, vous entamez les quatre premières saisons — doublées en français – d’Animal Kingdom sur Netflix. Rendu à la cinquième, le français s’efface du menu. Impossible de visionner Animal Kingdom 5 dans une autre langue que l’anglais. Pourquoi ? Vous hurlez un chapelet de mots d’église. Ces situations irritantes, où les versions françaises de vos séries favorites disparaissent ou n’apparaissent tout simplement pas, se multiplient depuis quelques années. Le cas kafkaïen de New Amsterdam illustre à quel point les émissions se dispersent, sans règle claire pour les consommateurs, sur différentes plateformes payantes. Examinons la situation de plus près. Donc, TVA relaie Hôpital New Amsterdam dans sa grille ordinaire et le Club illico de Vidéotron la propose en rafale. Là, c’est clair. Mais l’Extra de Radio-Canada offre également les trois premières saisons de New Amsterdam à ses abonnés, la chaîne Global détient la primeur anglophone, tandis que Netflix ne met en ligne que les deux premières saisons de cette populaire série médicale américaine, en anglais et en français. Non, mais, quel casse-tête inutilement compliqué. Je vous comprends d’être perdus dans ce labyrinthe qui force le téléphile à jouer au ping-pong de plateformes. C’est mon travail d’être au courant de ces détails et moi-même, je suis mêlé comme un jeu de cartes brassé par Luc Langevin. PHOTO PETER KRAMER, FOURNIE PAR NBC Parveen Kaur et Melissa Roxburgh dans Manifest, dont les trois saisons ne se visionnent qu’en anglais sur Netflix. Le cas de la série Manifest — Turbulences, en version française — démontre à quel point le téléspectateur perd au change dans cette guerre de plateformes. Actuellement, les trois saisons de Manifest ne se visionnent qu’en anglais sur Netflix. Impossible de les regarder en français, nulle part. Pourquoi ? Parce que Radio-Canada a perdu les droits de diffusion numérique de Manifest/Turbulences quand Netflix a racheté la série au réseau NBC, à l’été 2021. Conclusion : vous ne consommerez pas Manifest/Turbulences 3 sur l’Extra de Tou.TV. Il faudra se brancher sur Netflix pour la voir, un jour, quand Netflix se décidera à ajouter les pistes en français, à une date fantôme qui n’a pas été annoncée. Maintenant, comment fait-on pour savoir où passera, en français, notre émission chouchou ? Hélas ! il n’existe pas de truc simple pour connaître ces infos, qui découlent d’ententes commerciales confidentielles. « C’est une réponse plate et c’est dur à résumer, car il s’agit toujours de cas par cas. Chaque contrat est différent, tout dépendant de qui distribue, de qui produit et de qui achète », indique le directeur des acquisitions de Radio-Canada, Simon Dupuis. La directrice des chaînes spécialisées francophones chez Corus, Julie Godon, acquiesce : « C’est rendu très, très compliqué, je suis quasiment aussi mélangée que les consommateurs et ce sera encore pire dans le futur. Les droits deviennent de plus en plus pointus et sont négociés de façon encore plus spécifique », explique-t-elle. Voilà pourquoi la sixième saison d’Outlander : Le chardon et le tartan est absente de Netflix. La primeur francophone appartient à ARTV. Voilà pourquoi Peaky Blinders 6 ne s’affiche pas en français sur Netflix. La première diffusion a été acquise par TV5Unis. Et voilà pourquoi la sixième saison de Riverdale est introuvable sur Netflix. C’est Vrak, propriété de Bell Média, qui la présente en premier, en version française. Encore ici, la durée de ces exclusivités francophones varie énormément d’un contrat à l’autre. Ça peut aller de six mois jusqu’à cinq ans. Chacune des clauses se négocie en privé. Souvent, ces primeurs provoquent des délais de diffusion qui fâchent les téléspectateurs. Prenons Notre vie (This Is Us). Après six saisons, NBC a diffusé la grande finale de cette saga familiale à la fin de mai. En français, personne n’a encore vu « légalement » la conclusion de Notre vie, car ARTV l’a inscrite à sa grille d’automne 2022. En France, cet épisode ultime de This Is Us a été rendu disponible quasiment en même temps que la version originale anglaise. Bref, il n’y a rien de simple pour le simple client. Pour fermer des dossiers en rafale, sachez que Queen of the South 6 loge chez Séries Plus, une chaîne spécialisée de Corus. Pour Animal Kingdom 5, il faut zyeuter du côté de Z. Maintenant, comment faire, par exemple, pour rattraper les huit saisons de Homeland, un captivant thriller d’espionnage ? Prenez des notes, les amis, c’est byzantin. En anglais, les huit saisons de Homeland crèchent chez Netflix. En français, il faut ouvrir Disney+, qui héberge les sept premières saisons, mais pas la huitième. Alors, où se déniche cette huitième saison des aventures internationales de l’espionne bipolaire Carrie Mathison (Claire Danes) ? Du côté de Télé-Québec, imaginez-vous donc. La chaîne publique détient encore les droits de Homeland 8, qui n’est toutefois pas accessible sur son site web. Et aucune rediffusion n’est inscrite à l’horaire. Bref, trouver une version française de Homeland 8 ou infiltrer les talibans en Afghanistan, même combat, qui ne se dispute pas à armes égales. ",5525
1 journaliste,Hugo Dumas,une chronique télévision,2022-05-21,https://www.lapresse.ca/arts/chroniques/2022-05-21/tout-le-monde-les-aime-sauf-nous.php,Tout le monde les aime… sauf nous ! ,"Il existe des émissions cultes que les critiques adorent, qui moissonnent tous les prix prestigieux, que nos amis vénèrent comme la diversité chez Pénélope, mais qui nous intéressent autant que d’attraper la variole simienne, aussi dite du singe. C’est normal. Il ne faut pas avoir honte de ne pas capoter sur toutes les téléséries dites incontournables. Et ce, même si le jugement lapidaire de nos pairs nous tombe dessus comme une poêle du décor des Chefs !. Quoi ? Tu n’aimes pas (insérez ici le titre d’une série for-mi-da-ble) ? Pfft. N’importe quoi. Tu ne connais rien à la télé. Béotien ! Marie-Louise Arsenault se prête à ce jeu amusant tous les vendredis à son émission radiophonique Plus on est de fous, plus on lit au 95,1 FM. L’animatrice demande alors à l’invité principal de nommer un chef-d’œuvre littéraire qu’il juge surestimé. Les réponses ratissent large et écorchent souvent des classiques : Sur la route de Jack Kerouac, Guerre et paix de Leon Tolstoï, Le chardonneret de Donna Tartt ou Menaud, maître-draveur, de Félix-Antoine Savard. Et c’est très correct. Il n’y a rien de déshonorant à ne pas embrasser l’œuvre complète de Marie-Claire Blais ou de Marcel Proust. Le même exercice d’œuvre surévaluée s’applique, bien sûr, à la télé. Il y a des séries qui captivent la planète entière… sauf nous, on dirait bien. Maintenant, lesquels parmi ces bijoux du petit écran jouissent d’une réputation surfaite ? Avant de dévoiler les résultats informels d’un sondage mené sur Facebook, c’est mon devoir de chroniqueur de me mouiller en premier. Alors, voilà. Je ne comprends pas le buzz qui enveloppe la série Ozark sur Netflix. C’est dit, c’est écrit. J’ai trempé le pied dans la première saison et j’ai décroché par la suite. Finito pour Hugo. Et avec une quarantaine d’épisodes à rattraper avant de connaître le dénouement, la montagne est trop haute à escalader. Bye. PHOTO FOURNIE PAR NBC Jason Alexander et Jerry Seinfeld dans la série Seinfeld, maintenant sur Netflix Autre sujet délicat et glissant : Seinfeld. Pas capable. Désolé, Patrick Lagacé et Jean-Philippe Wauthier, des fans finis de cette comédie américaine. J’ai essayé, réessayé sans jamais adhérer à l’univers décalé de Jerry Seinfeld et de ses amis bizarres. Je voudrais tellement aimer ça et faire partie de la secte, mais j’ai préféré Friends. Allez-y, lapidez-moi. Traitez-moi d’analphabète de l’humour, m’en sacre. Vous êtes nombreux à chanter les louanges de Narcos, la populaire série de Netflix à propos du criminel Pablo Escobar et des cartels colombiens. Meh… Encore ici, je n’ai pas tant trippé. Même situation pour La casa de papel. C’était très divertissant au début avant de rapidement devenir redondant et longuet. Dans mon livre à moi, Breaking Bad et son dérivé Better Call Saul entrent dans la catégorie de : oui, c’est bon, mais à ce point bon ? C’est non, bon. Maintenant, voici vos réponses d’émissions à la réputation anormalement gonflée, toutes extraites de ma page Facebook. Il y a quelques éléments à décortiquer avec précaution, car les fans finis de séries se sentent attaqués personnellement quand ils découvrent que leur obsession télévisuelle ne plaît pas à la terre entière. Namasté, accords toltèques et paix dans le monde, s’il vous plaît. PHOTO FOURNIE PAR RADIO-CANADA Patrice Robitaille et François Létourneau dans la série C’est comme ça que je t’aime Après un dépouillement rapide de plus de 2000 commentaires, l’émission québécoise qui a récolté le plus de votes est, alerte au scandale, C’est comme ça que je t’aime de Radio-Canada. Trop absurde, trop burlesque, trop niché, avez-vous tranché. Ça ne m’étonne pas tant que ça. Perso, j’ai adoré cette œuvre de François Létourneau et Jean-François Rivard. Le problème, c’est que tous les comptes rendus de la vie criminalo-amoureuse des caïds de Sainte-Foy ont été dithyrambiques. Quand l’engouement atteint de tels niveaux stratosphériques, le téléphage ne peut qu’être déçu et se demander pourquoi il n’embarque pas autant que les leaders d’opinion. District 31 a été cité plusieurs fois, également. C’était prévisible. Une série-phénomène laisse inévitablement des gens en plan, qui ne disposent pas de 360 heures libres pour reprendre les intrigues du début. Je peux comprendre que Succession de HBO n’ait pas passé le test auprès de lecteurs, qui ont abandonné au milieu de la première saison. C’est effectivement singulier comme proposition. Et ceux qui aiment Succession aiment vraiment Succession. Ils se plaisent à le claironner sur toutes les plateformes. PHOTO FOURNIE PAR HBO CANADA Sandor The Hound Clegane, un des nombreux personnages en cotte de mailles dans la série Game of Thrones, qui est loin de faire l’unanimité Game of Thrones et son aspect médiévalo-fantastique a repoussé les personnes allergiques aux cottes de mailles et aux coupes d’hydromel. Je vous le concède : la sortie de chacune des saisons de Game of Thrones a déclenché des éclipses médiatiques visibles sur tous les continents. On se calme (je m’inclus dans le lot). Parmi les autres phénomènes de popularité inexpliquée à la télé, vous avez cité, en vrac, This Is Us, Squid Game, Breaking Bad, Ozark et The Walking Dead. Toutes des propositions légitimes. Quelques personnes ont mentionné The Sopranos et j’ai failli mourir « live là », comme on dit à L’île de l’amour. Non, mais, quel affront, quel sacrilège, quelle hérésie. Vous le savez, les fans se sentent attaqués personnellement quand on égratigne leur série fétiche. Donc, pas touche à Tony et à Carmela, à moins d’absolument vouloir faire un tour dans la valise du char. ",5593
1 journaliste,Éric Leblanc,une chronique sportive,2023-02-08,https://www.rds.ca/football/nfl/vick-ne-croyait-pas-assister-a-ce-moment-historique-1.16616409,Deux quarts noirs au Super Bowl : Michael Vick ne croyait pas voir cela de son vivant,"Michael Vick a commencé sa carrière dans la NFL en 2001, quelques mois après avoir été repêché au tout premier rang. Malgré son parcours impressionnant, Vick ne s'imaginait pas que deux quarts-arrières noirs allaient, un jour, s'affronter au Super Bowl.  Ce moment historique se produira enfin, dimanche, alors que Jalen Hurts voudra démontrer que sa progression est suffisante pour ébranler la domination de Patrick Mahomes.  « En voyant l'évolution de cette position, qui a commencé dans les années 1960, on se retrouve à cette grande étape et je n'aurais jamais cru qu'on verra ça, mais tout est possible », a confié Vick, mardi, lors de la disponibilité médiatique des personnalités du réseau FOX.  « Bien des gens ont joué un rôle dans ça pour que ça puisse se produire. Les dirigeants dont je parle nous ont permis d'être acceptés et d'avoir les occasions de démontrer notre potentiel. Ce n'est pas la seule trame narrative, mais on verra deux jeunes quarts noirs de grand talent; dommage qu'un seul puisse l'emporter », a enchaîné Vick.  On doit le dire : ça nous a surpris quelque peu que même Vick ne croyait pas que ça surviendrait.  « Il ne faut jamais dire jamais, mais il faut bénéficier des opportunités. Je suis reconnaissant d'avoir été repêché au premier rang et ça m'avait donné de l'espoir que Donovan McNabb soit repêché au deuxième échelon en 1999. Ça devient un moment idéal pour réfléchir aux progrès effectués au football », a noté l'ancien quart-arrière gaucher. Cette semaine, Vick et McNabb ont chacun louangé Hurts pour le sérieux qu'il affiche. Ils ont mentionné qu'ils auraient voulu gérer les premières années de leur carrière aussi bien que lui. Grâce à son dévouement, Hurts s'est hissé parmi l'élite de la NFL ce qui laisse présager de grandes choses.  « J'apprécie énormément leurs commentaires, je les admirais quand j'étais jeune. J'ai beaucoup suivi leur carrière respective et j'ai un immense respect pour eux. Je tente seulement de jouer avec passion et de bien me préparer pour les matchs », a commenté Hurts avec modestie.  En étant si près de Mahomes, Travis Kelce est devenu un intervenant de choix cette semaine pour commenter cet accomplissement historique. Kelce a d'abord expliqué que Mahomes n'est vraiment pas du style à discuter de tels enjeux avec ses coéquipiers.  « Mais Pat a cette faculté de comprendre et saisir la portée de sa carrière et de son héritage. De quelle façon il est un pionnier et à quel point il inspire une tonne de jeunes. C'est vraiment cool qu'on puisse vivre ceci à ses côtés », a évoqué Kelce du même souffle.  « J'ai saisi très tôt dans sa carrière qu'il allait être considéré comme l'un des plus grands ou le plus grand », a ajouté l'ailier rapproché des Chiefs.  Le son de cloche de Creed Humphrey, le centre de Kansas City, était également très pertinent puisqu'il a aussi été le coéquipier de Hurts à l'Université Oklahoma.  « Je peux confirmer que les deux sont extrêmement compétitifs, ils détiennent cette habileté à décortiquer les informations sur le terrain. Il y a toujours des traits qui existent chez les quarts qui deviennent aussi bons qu'eux et ils les possèdent », a confié Humphrey en reconnaissant qu'il était plus que privilégié dans son parcours.  Quand vient le temps de se prononcer sur l'équipe qui soulèvera le trophée Vince-Lombardi, Vick parvient à s'en sortir aussi bien qu'il évitait les plaqués.  « Je ne peux pas le dire surtout que je pousse pour les deux, j'ai une relation d'amitié avec chacun. Je suis surtout très fier de Patrick et Jalen, ils comprennent l'importance de ce match et le processus à respecter pour s'y rendre. Il ne faut jamais tenir ça pour acquis », a commenté Vick.  « Si tu inversais les quarts pour ces deux équipes, tu aurais sans doute le même résultat, ils s'affronteraient au Super Bowl. Quand le jeu sélectionné s'effondre devant eux et qu'ils doivent improviser, ils parviennent à se débrouiller et à exposer tout leur talent », a-t-il poursuivi.  La mobilité n'est plus une option  Vick n'a pas eu le bonheur de remporter le Super Bowl, mais sa mobilité exceptionnelle a inspiré bien des équipes et surtout une tonne de jeunes athlètes. De nos jours, les quarts qui désirent à tout prix demeurer dans leur pochette protectrice sont nettement plus rares.  « Je trouve que la mobilité est essentielle désormais, ça rend le jeu tellement plus facile pour progresser sur le terrain et donc de gagner des matchs. C'est reste une grande partie de l'arsenal de Jalen et Pat. Une panoplie de quarts peuvent courir aujourd'hui et j'en suis fier. Joe Burrow, Aaron Rodgers et Trevor Lawrence ont confiance autant en leur mobilité que leur bras. Ça rend le sport meilleur et c'est parfait pour la prochaine génération », a argué Vick.  Cette mobilité charme Andy Reid depuis déjà de nombreuses années.  « Michael a raison, j'aime les quarts mobiles. Ça fait partie de cette attaque. Joe Montana et Steve Young étaient des quarts mobiles déjà à leur époque. Ça s'est poursuivi pour moi avec l'arrivée de Donovan McNabb chez les Eagles. Je pense aussi à Brett Favre qui n'était pas le plus rapide, comme Patrick, mais qui pouvait courir quand c'était nécessaire », a commenté Reid.  À propos de Reid, Vick se souvient qu'il a été un entraîneur exigeant.  « Il fallait que tu comprennes le cahier de jeux, que tu saches pourquoi ce jeu était sélectionné (afin de regarder les bonnes choses sur le terrain). Si tu ne le comprenais pas, il n'allait pas le choisir », a souligné Vick.  Cette approche permet à Reid de rendre ses protégés confortables dans ce qu'ils accomplissent si bien qu'ils peuvent exceller.  « Les joueurs défonceraient un mur pour Andy Reid car Andy le ferait pour ses joueurs ! Il exige le respect et il va te donner le même respect en retour », a vanté Vick qui demeure en contact avec Reid.  Le parcours de Reid semble démontrer qu'il affectionne les quarts-arrières noirs.  « Je n'ai jamais discuté de cette possibilité avec lui. Je sais cependant que les Eagles ont eu d'excellents quarts noirs. Jalen doit être à la hauteur de ces standards et je ressentais la même chose à Philadelphie. À mon avis, Andy se fichait de la couleur de la peau de son quart, en autant qu'il puisse accomplir le travail », a déclaré Vick.  Ça ne fait aucun doute, Hurts progresse dans la bonne direction pour faire honneur aux Randall Cunningham, McNabb et compagnie.  « C'est sa deuxième saison dans ce système et ça prouve qu'il avait besoin d'une telle attaque. Il peut être constant dans ce système, il a trouvé sa niche. Tu deviens meilleur quand tu es rendu là. Il est rendu à ce niveau et il ne peut plus revenir en arrière, habituez-vous à ce rendement de sa part », a assuré Vick.  Un journaliste a tenté de poursuivre sur les parallèles entre Mahomes (27 ans) et Hurts (24 ans) en demandant au quart des Chiefs s'il voyait des choses chez son homologue des Eagles lui rappelant ses jeunes années à Kansas City.  « Je ne suis pas vieux encore », s'est empressé de réagir Mahomes, en riant, mais tout en voulant rappeler qu'il se prépare pour une longue carrière dans la NFL.  « Ça se voit qu'il travaille fort, il devient meilleur d'année en année. C'est la même chose pour moi. Il continue d'exercer son leadership et c'est facile de voir que les Eagles se rallient derrière lui », a conclu Mahomes.",7343
