signataire_original,type,date,url,titre,début
Améli Pineda,une chronique culturelle,2020-04-14,https://www.ledevoir.com/culture/ecrans/576964/coronavirus-s-evader-sur-des-iles-entre-amis,"«Animal Crossing», ou s’évader sur des îles entre amis","Malgré les directives de la santé publique, Catherine et Mélanie ont trouvé le moyen de contourner les règles de confinement. Chaque jour, elles se rendent visite, discutent dans leur cuisine et organisent des sorties culturelles. Comme des milliers d’autres joueurs, elles ont trouvé le remède à l’isolement imposé par la pandémie à travers le jeu de simulation Animal Crossing : New Horizons. « Je ne croyais pas que de ne plus pouvoir sortir aurait autant d’impact », confie Mélanie Presseau-Dumais, une Québécoise exilée depuis novembre à Boston. À la suite de son déménagement, Mme Presseau-Dumais a réalisé la difficulté de rester en contact avec son cercle social de Montréal sans se déplacer. Or, le confinement qu’exige la crise de la COVID-19 vient de lui permettre de renouer avec plusieurs amis, qui comme elle trouvent refuge sur leur île virtuelle. Ils sont des milliers à travers le monde à se brancher à leur console Nintendo Switch pour retrouver la banalité de certains gestes parfois proscrits à cause de la pandémie. Redécorer une pièce de sa maison, cultiver son jardin, chasser des insectes ou pêcher des poissons : les activités permettant de « s’évader » sont nombreuses, et certaines se font parfois même en groupe. « C’est rendu un rendez-vous quotidien avec mon amie. Chaque jour, on se téléphone et on va visiter nos îles respectives et parler de l’aménagement de nos jardins, des nouvelles pièces dans nos maisons, on discute de tout et de rien comme avant et ça fait vraiment du bien », souligne Mélanie Presseau-Dumais. Habituée des jeux en ligne, elle fait également partie d’un salon de clavardage (chatroom) avec quelques autres amis, où les joueurs partagent des conseils pour améliorer leurs îles respectives. C’est justement la possibilité de se réunir, même si ce n’est pas physiquement, qui a incité Catherine et Axel à recommander le jeu à plusieurs membres de leur entourage. Le couple a acheté le jeu dès sa sortie, le 19 mars, puisque Catherine revenait de voyage et s’attendait à ce que le confinement dure des semaines. « Je ne suis pas prête à dire que ça m’aide à échapper à la crise de la COVID-19, mais c’est la façon que j’ai trouvée pour faire mon social », explique celle qui est professeure au cégep. Le caractère non compétitif du jeu a aussi permis à Axel — sur son île baptisée « Quarantaine », clin d’œil à la pandémie — de garder des repères en cette période où certains perdent la notion du temps. « Ça contribue à avoir une petite routine. Il y a quand même des objectifs journaliers à accomplir, alors lorsqu’on y consacre aussi peu qu’une heure par jour, on peut réussir à effectuer plusieurs tâches et ça fait du bien », dit-il."
Améli Pineda,un reportage judiciaire,2021-07-21,https://www.ledevoir.com/societe/619614/agression-du-policier-vig-ali-ngarukiye-subira-une-evaluation-psychiatrique,​Agression du policier Vig: Ali Ngarukiye subira une évaluation psychiatrique,"Le « véritable suspect » de l’attaque contre le policier Sanjay Vig, Ali Ngarukiye, devra subir une évaluation psychiatrique à l’Institut Pinel durant les 30 prochains jours. Durant sa détention, l’homme de 21 ans a aussi été accusé d’avoir tué son codétenu. « On demande une évaluation pour déterminer son état mental au moment de commettre les infractions alléguées, soit la tentative de meurtre [contre le policier Sanjay Vig] ainsi que le meurtre [de son compagnon de cellule] », a mentionné son avocat, Me Lloyd Fischler. Ali Ngarukiye a comparu par visioconférence à partir d’une cellule à haute sécurité où il n’est possible de voir qu’une partie de son visage. Sa conjointe et d’autres membres de sa famille étaient présents au Palais de justice de Montréal, mais n’ont pas souhaité s’adresser aux médias."
Améli Pineda,un reportage judiciaire,2020-12-17,https://www.ledevoir.com/societe/591885/violences-sexuelles-en-lutte-pour-une-reforme-du-systeme,Annick Charette en lutte pour une réforme du système,"À la suite de l’acquittement de Gilbert Rozon, la plaignante Annick Charette s’avoue encore sous le choc, estimant n’avoir été qu’une spectatrice pendant le procès pour viol et attentat à la pudeur de l’ancien magnat de l’humour. Elle mesure aujourd’hui la disproportion des moyens entre l’accusé et la victime alléguée et souhaite voir le système de justice réformé. « J’avais à grimper une montagne 10 fois plus élevée que celle de l’accusé, qui lui n’avait qu’à semer quelque part la notion du doute raisonnable », confie Mme Charette, en entrevue avec Le Devoir. Malgré l’issue du procès, la femme de 60 ans ne regrette pas de s’être embarquée dans ce processus judiciaire il y a pratiquement trois ans jour pour jour, lorsque le Directeur des poursuites criminelles et pénales lui a annoncé que sur les 14 plaintes analysées, seule la sienne avait été retenue. « Ça serait de faire un pas en arrière de dire que ça n’a pas valu la peine. Si on dit ça, ça donne le champ libre à tous les agresseurs et c’est la dernière chose que je veux », répète-t-elle. « Ce que je souhaite, c’est qu’ils sentent que tout le monde a un œil là-dessus et que le temps sera bientôt révolu. » Si elle a demandé à la juge Mélanie Hébert de lever l’ordonnance de non-publication sur son identité mardi, c’est pour pouvoir s’exprimer sur le parcours de combattante que vivent les survivantes de violences sexuelles. « Qu’est-ce que j’aurais pu faire de plus ? » se questionne-t-elle depuis que la juge Hébert a rendu sa décision. « Je pense que j’ai été un bon témoin. Oui, il y a des trous dans mon histoire, mais ça fait 40 ans que c’est arrivé. Je suis une personne honnête, je n’ai pas cherché à remplir ces trous-là, mais mon honnêteté n’a pas payé », laisse-t-elle tomber. Rattrapage Le décalage entre la prise de conscience sociale à la suite du mouvement #MoiAussi et la réalité des tribunaux ne peut perdurer, croit-elle. « Le jugement [rendu mardi] est logique en fonction du droit, mais absurde en fonction de ce que la société souhaite », souligne-t-elle. Sa plus grande frustration est que les plaignantes ne soient encore que des observatrices d’un procès qui concerne pourtant un événement qu’elles ont vécu. « Il est vrai que les parties ne sont pas à armes égales devant le Tribunal. Mais il importe de rappeler que cette inégalité résulte de l’application du principe de la présomption d’innocence », a d’ailleurs souligné la juge Hébert dans son jugement. Dans son cas, cette iniquité s’est illustrée par un accusé bénéficiant des conseils non pas d’un, mais de trois avocats, dont deux émérites figurant au palmarès des meilleurs juristes de la province. « ﻿Ils ont pu passer à travers toutes les virgules de [ma déclaration aux policiers] et trouver des façons de me déstabiliser. Ça fait trois ans que M. Rozon sait ce que je vais dire, ça fait trois ans que M."
Améli Pineda,un reportage judiciaire,2021-06-23,https://www.ledevoir.com/societe/613233/agression-sexuelle-annick-charette-poursuit-gilbert-rozon-au-civil-pour-agression-sexuelle,​Annick Charette poursuit Gilbert Rozon au civil pour ​agression sexuelle,"Six mois après l’acquittement de Gilbert Rozon, la plaignante Annick Charette se tourne vers le tribunal civil et lui réclame 1,3 million de dollars. Elle devient la quatrième femme à intenter une poursuite contre l’ex-magnat de l’humour, qu’elle accuse de l’avoir non seulement violée en 1980, mais aussi d’avoir menti et de l’avoir dépeinte comme une « délurée » lors de son procès en octobre dernier. « Dans son témoignage lors du procès criminel, [Gilbert Rozon] a menti non seulement en niant la version d’[Annick Charette], mais également en inventant de toutes pièces un scénario qui inversait les rôles, un scénario grotesque dans lequel c’est [elle] qui était l’agresseur, et [M.] Rozon la victime », peut-on lire dans la requête déposée mercredi au palais de justice de Montréal. Annick Charette a porté plainte à la police dans la foulée du mouvement #MoiAussi en octobre 2017 après que neuf femmes ont raconté les agressions subies de la part de M. Rozon au Devoir ainsi qu’au 98,5 FM. Sur les quatorze plaintes analysées par le Directeur des poursuites criminelles et pénales, seule la sienne avait été retenue. Devant deux versions aux antipodes, le tribunal a acquitté en décembre le fondateur de Juste pour rire des accusations de viol et d’attentat à la pudeur qui pesaient contre lui. Faute d’avoir vu M. Rozon condamné, Mme Charette a décidé d’emboîter le pas à la comédienne Patricia Tulasne, qui est devenue le 15 avril la première femme à intenter individuellement une poursuite civile contre lui, de 1,6 million, ainsi qu’à la réalisatrice Lyne Charlebois, qui lui réclame 1,7 million, et à l’artiste Danie Frenette, qui demande 2,2 millions. En optant pour la voie civile, Mme Charette n’aura pas à prouver hors de tout doute raisonnable la culpabilité de M. Rozon. Au civil, on parle plutôt d’une preuve par prépondérance, c’est-à-dire qu’elle devra convaincre un juge qu’il est plus probable qu’elle ait été violée que l’inexistence de l’agression, a récemment résumé la juriste Suzanne Zaccour dans une entrevue au Devoir. La directrice générale de Juripop, Sophie Gagnon, a aussi déjà rappelé que la différence entre l’avenue criminelle et l’avenue civile est que la première vise à « punir » l’agresseur, tandis que l’autre vise à indemniser la victime pour les dommages subis. M. Rozon a indiqué qu’il ne souhaitait faire aucun commentaire. Comme un « deuxième viol » Si elle se tourne vers le civil, c’est que le processus au criminel s’est avéré une expérience difficile, mentionne Mme Charette dans sa requête. Les seuls éléments sur lesquels son récit et celui de M. Rozon étaient similaires concernaient leur rencontre en 1980 dans une station de radio des Laurentides à l’époque où M. Rozon organisait le festival La Grande Virée, ainsi que leur sortie dans une discothèque de Saint-Sauveur. Devant la juge Mélanie Hébert, Mme Charette avait raconté qu’après une soirée avec M."
Améli Pineda,un reportage judiciaire,2020-06-01,https://www.ledevoir.com/societe/579929/messes-et-prieres-en-ligne-apprendre-a-pratiquer-la-religion-virtuellement,Apprendre à pratiquer la religion virtuellement,"YouTube, Instagram et Facebook, c’est par les réseaux sociaux que le père Dominic LeRouzès rejoint de nombreux croyants depuis le début de la pandémie. Ce prêtre, sans doute un des plus technos de la province, propose des rendez-vous quotidiens pour célébrer la messe ou des moments de recueillement, en attendant la réouverture des lieux de culte. « Actuellement, l’ouverture des lieux de culte figure au bas de la liste des différentes phases du déconfinement. Il n’y a même pas de date prévue, alors c’est certain qu’il y a vraiment un engouement pour ce qu’on fait en ligne », explique celui que tous surnomment «père Dominic». Difficile au premier regard de croire que ce vicaire de 46 ans, vêtu sobrement d’un clergyman noir et arborant un col romain, se décrive comme un youtubeur. « On imagine souvent les prêtres comme étant des personnes très âgées, vivant dans un presbytère et qui attendent que les gens viennent se confesser à eux », dit-il. Le père Dominic est loin de cette image. « Quand j’étais jeune et que j’accompagnais mes parents à la messe, je souffrais ! J’aimais le bon Dieu, j’aimais pouvoir communier, mais, chaque fois, je me demandais comment les “tounes” pouvaient être aussi plates, alors qu’à l’extérieur on écoutait de la bonne musique », raconte-t-il. Il a rapidement compris que, pour amener la parole de Dieu aux gens, il faut parler le même langage. « Pour moi, la rencontre de la foi et de la culture est capitale, parce que, si on reste confinés dans notre “cathosphère”, on est comme une goutte d’huile au milieu de l’eau », dit-il. Lorsque la fermeture des lieux de culte a été annoncée par le premier ministre François Legault le 15 mars dernier, il a tout de suite lancé l’idée de webdiffuser la messe. « Le but, c’était de pouvoir continuer à soutenir les personnes pendant cette épreuve », souligne le père Dominic. « Je sais que j’explose beaucoup de préjugés. J’explore une nouvelle manière d’être prêtre, tout en restant fidèle à la foi catholique », poursuit-il. Avec le diocèse de Québec, non seulement le projet s’est concrétisé, mais il a aussi donné lieu à trois autres rendez-vous quotidiens sur le site ECDQ.tv, la webtélé de l’Église catholique de Québec. Bouclé en moins d’une journée, le projet a même amené le père Dominic à déménager de la Beauce à Québec le temps de la pandémie. Chaque matin, à 9 h précises, un « topo du jour » est d’abord présenté pour faire le point sur les dernières actualités. Cette semaine, le père Dominic a même profité de sa tribune pour promouvoir les dons de sang. « Pour moi, c’est important de montrer qu’un prêtre, ce n’est pas juste dans une église en train de prier. Il y a autre chose, il y a un engagement envers la communauté, et voilà un geste concret et encourageant », dit-il."
Améli Pineda,un reportage judiciaire,2020-11-17,https://www.ledevoir.com/societe/589816/l-action-collective-des-courageuses-contre-gilbert-rozon-rejetee,Comme une «gifle» au visage des victimes,"La force du nombre n’aura pas réussi à ébranler les colonnes de la justice, se désolent Les Courageuses, après avoir subi un important revers devant la Cour suprême qui met fin à l’action collective qu’elles voulaient intenter contre Gilbert Rozon. « C’est une gifle, pas seulement au visage des Courageuses, mais aussi à celui de toutes les victimes d’agression sexuelle », a lancé la comédienne Patricia Tulasne, porte-parole des Courageuses. Le plus haut tribunal du pays a rejeté lundi la demande d’appel des Courageuses. Comme c’est habituellement le cas, la Cour suprême n’a pas à expliquer les motifs de sa décision. L’ancien magnat de l’humour obtient donc gain de cause près de deux ans après le début des procédures : l’homme de 66 ans ne pourra pas être visé par une action collective. « Depuis le début de ce processus judiciaire, nous avons répété que l’action collective ne pouvait être utilisée dans ce type de situation, où chaque cas est individuel et doit être prouvé au cas par cas », a commenté l’avocat de M. Rozon, Me Raymond Doray. « Nous sommes très heureux que cela soit maintenant reconnu par la Cour suprême, [ce qui met] fin ainsi à un processus que nous avons toujours considéré comme injustifié », a-t-il ajouté. C’est une gifle, pas seulement au visage des Courageuses, mais aussi à celui de toutes les victimes d’agression sexuelle — Patricia Tulasne Créé dans la foulée du mouvement de dénonciation #MoiAussi, Les Courageuses était composé d’une vingtaine de femmes affirmant avoir été agressées par Gilbert Rozon, entre 1982 et 2016. Ensemble, elles souhaitaient exercer cette action contre l’ancien magnat de l’humour pour obtenir un dédommagement de 10 millions en dommages punitifs seulement. Elles estimaient avoir été victimes d’un modus operandi créé par M. Rozon qu’elles accusaient de les avoir harcelées ou agressées sexuellement, voire les deux. « C’est vraiment décevant et choquant », a dit Mme Tulasne, en entrevue avec Le Devoir. « La Cour suprême accepte d’entendre Mike Ward qui se moque d’un handicapé, mais ne veut pas écouter des femmes victimes du crime sexuel le plus répandu au pays. C’est comme si on nous disait que la cause ne vaut pas la peine », a-t-elle ajouté avec émotion. Cas inédit Ce qu’il ne faut pas perdre de vue, soulignent des avocats, c’est que l’action des Courageuses constituait un cas inédit, puisque c’est la première fois au pays qu’une requête visait uniquement un individu sans le rattacher à une institution. « Aux yeux de la société, c’était un dossier hautement symbolique parce qu’il était lié au mouvement #MoiAussi. Les risques de déception sont grands puisque, devant un tribunal, ces dossiers-là sont traités comme les autres », a souligné Me Sophie Gagnon, directrice générale de Juripop, qui offre notamment ses services aux victimes de violences sexuelles."
Améli Pineda,un reportage judiciaire,2020-10-15,https://www.ledevoir.com/societe/587794/viol-et-attentat-a-la-pudeur-la-victime-n-a-pas-dit-non-selon-la-defense,Gilbert Rozon se pose en victime consentante à son procès,"Gilbert Rozon soutient que c’est plutôt lui qui s’est « laissé faire » par la victime présumée à son procès pour viol et attentat à la pudeur. Le fondateur de Juste pour rire a soutenu mercredi avoir « accepté son sort » après que la plaignante eut amorcé une relation sexuelle après une soirée dans une discothèque des Laurentides en 1980. « Aussi étonnant que ça puisse paraître, je me suis réveillé vers 7 h du matin et j’avais [la plaignante] qui était à califourchon sur moi. C’est elle qui était en train de me faire l’amour », a affirmé le fondateur de Juste pour rire. Tout de noir vêtu, l’ancien magnat de l’humour s’est avancé calmement à la barre des témoins mercredi. L’homme de 65 ans, qui s’est présenté comme un « retraité », a confirmé avoir passé une soirée avec la plaignante, qu’il a rencontrée dans une station de radio il y a 40 ans, mais a contredit sa version des événements. « Je sais que des gens trouveront ça incroyable, mais c’est ce que j’ai vécu. Je n’inventerais pas une histoire comme ça », a-t-il assuré. M. Rozon a livré un témoignage détaillé de cette soirée, soulignant d’abord qu’il n’avait jamais prétexté devoir récupérer des documents chez sa secrétaire. La résidence où les événements se sont déroulés est le chalet d’une amie qui étudiait en droit avec lui. M. Rozon a raconté qu’une fois qu’ils sont arrivés à destination, il a allumé un feu de foyer afin d’instaurer une ambiance « romantique ». Loin de la bousculade décrite la veille par la victime alléguée, il a dit avoir commencé à la caresser, après quoi aurait eu lieu un échange de baisers. « J’ai voulu mettre la main sous sa jupe », a-t-il dit en mimant le geste devant la juge Mélanie Hébert. « Elle s’est raidie et elle m’a dit non et j’ai arrêté tout de suite », a-t-il assuré. Il a nié avoir « arraché » quelque bouton que ce soit de la blouse de la femme comme elle l’a affirmé devant le tribunal lors de son témoignage. « Dépité », M. Rozon dit avoir suggéré à la plaignante d’aller se coucher chacun de leur bord, dans deux chambres différentes. « Je me souviens d’avoir pensé qu’elle avait peut-être ses menstruations ou qu’elle avait un copain dans sa vie […] J’ai aussi pensé qu’elle était peut-être vierge », a-t-il expliqué, ajoutant qu’il ne lui avait toutefois pas posé de questions sur le malaise qu’elle semblait avoir ressenti. S’il se souvient de cette soirée, c’est parce qu’à 7 h du matin, il s’est réveillé avec la plaignante à califourchon sur lui, a-t-il dit. « Elle était en train de me faire l’amour, a-t-il raconté. Je me souviens que je me suis dit : “Elle est ben weird”. » M. Rozon a ensuite utilisé les mêmes termes que la victime alléguée pour décrire une partie de la soirée, soutenant que c’est lui qui s’est « laissé faire ». « J’ai pris mon plaisir, mais j’étais tellement étonné que d’une certaine manière ç’a gâché mon plaisir. Elle regardait l’horizon, comme si elle se faisait l’amour à elle-même […] J’ai accepté mon sort parce que ça m’arrangeait », a-t-il déclaré."
Améli Pineda,un reportage judiciaire,2020-03-26,https://www.ledevoir.com/societe/575766/pandemie-la-delation-mesure-ultime-de-protection,"La délation, mesure ultime de protection","Bien que Québec ait interdit tout rassemblement extérieur et intérieur pour limiter la propagation du coronavirus, Audrey* a vu débarquer de nombreux visiteurs chez un voisin. Comme beaucoup de Québécois, elle s’est sentie tiraillée entre sa responsabilité citoyenne de faire appel à la police et la crainte d’avoir l’air de paniquer. « Est-ce que j’aurais dû dénoncer ? Jusqu’où va notre responsabilité citoyenne », se questionne Audrey, dans un courriel transmis au Devoir. La réflexion d’Audrey est présente dans l’esprit de bien des citoyens depuis que le premier ministre, François Legault, a formulé de nouvelles directives pour lutter contre la COVID-19. Mercredi, la police de Gatineau a délivré un constat d’infraction de 1000 $ à un résident qui a organisé une soirée chez lui avec cinq amis, à la suite d’un signalement. Sur les réseaux sociaux, les photos d’aînés dans une épicerie ou encore de jeunes rassemblés dans un parc pullulent également. « L’idée, c’est qu’en ce moment il y a des efforts considérables qui sont demandés à tout un chacun. Que ce soit le confinement ou l’arrêt des activités économiques, chacun y va d’un sacrifice personnel qui est important », souligne Corinne Gendron, professeure au département de responsabilité sociale et environnementale de l’École des sciences de la gestion de l’UQAM. En ce qui concerne ces efforts, les citoyens « obéissants » peuvent être choqués de constater que d’autres ne se conforment pas aux consignes du directeur de la santé publique, Horacio Arruda, qui exhorte quotidiennement les Québécois à s’isoler pour « aplanir la courbe ». « La propension à vouloir dénoncer des gens peut être motivée par une perspective personnelle. Si tu te prives d’une certaine liberté [pour le bien commun], tu aimerais que tout le monde fasse le même effort pour se sortir de la situation », note Mme Gendron. Cette réalité, Roxana* y a été exposée lorsqu’elle a dû exiger de son colocataire qu’il quitte leur domicile, car il refusait de respecter les directives de santé publique. « J’ai eu une grippe, une pneumonie et une infection des voies respiratoires. Avant même que ce soit recommandé, je m’étais déjà isolée parce que je sais que mon système est trop faible en ce moment pour ne pas attraper le virus », explique-t-elle. Jusqu’au début de la semaine, son colocataire continuait toutefois à sortir pour se rassembler avec des amis et omettait de désinfecter les objets qu’il touchait une fois revenu à l’appartement. « J’ai tenté de lui rappeler que ça n’allait pas être comme ça toute la vie, que c’est temporaire, mais j’ai l’impression qu’il me trouvait contrôlante et exagérée. J’ai dû en arriver à lui dire que soit il quittait la maison pour les deux prochaines semaines, soit j’appelais la police », confie Roxana, encore ébranlée d’en être arrivée à un tel avertissement. « Mon but n’était pas qu’on lui donne une amende, mais je me disais que, si un policier lui parlait, il allait peut-être réaliser la gravité de son comportement en temps de pandémie », ajoute-t-elle."
Améli Pineda,un reportage judiciaire,2020-12-04,https://www.ledevoir.com/societe/591013/quebec-la-sq-propose-une-grande-fusion-des-corps-de-police,La SQ propose une grande fusion des corps de police,"La Sûreté du Québec (SQ) propose une vaste refonte de la carte policière de la province qui pourrait réduire le nombre de corps de police de 31 à 7. Les services de police de plus petite envergure auraient le choix de fusionner ou d’intégrer la SQ, propose l’organisation dans son mémoire rendu public vendredi dans le cadre de la consultation sur la réalité policière. « Si on veut être uniformes, efficaces et efficients, il faut que les corps de police se regroupent ensemble », fait valoir Johanne Beausoleil, directrice générale par intérim de la SQ. Pour la première fois depuis son arrivée à la tête du corps de police nationale il y a un an, Mme Beausoleil s’est entretenue avec les médias, dont Le Devoir, pour présenter le mémoire qu’a déposé la SQ dans le cadre de la réflexion sur le livre vert sur la police. Parmi les recommandations phares, la SQ soumet l’idée de fusionner le maximum de corps de police. Ainsi, dans un scénario « extrême », le territoire québécois serait desservi par 7 corps de police plutôt que les 31 actuels. « Si on prend la Rive-Nord, actuellement on a des corps de police à Saint-Jérôme, à Mirabel, à Sainte-Thérèse, à Saint-Eustache, à Deux-Montagnes, et la SQ, nous sommes présents à Oka. Nous sommes pleins d’entités qui travaillons chacune avec nos ressources alors qu’il y aurait moyen d’offrir des services plus efficaces en se regroupant au lieu de tous travailler en petite indépendance », dit Mme Beausoleil. Dans le même ordre d’idée, la SQ envisage de mettre en commun des ressources et des équipements. « La dernière année [avec la pandémie] a été une année de concertation et de travail d’équipe. On veut que tous aient les moyens de leurs ambitions, même les plus petits corps de police », dit-elle. La SQ n’a cependant pas voulu dessiner cette nouvelle carte. « Ce qu’on dit, c’est qu’il faudrait se regrouper soit en régie régionale ou leur donner l’opportunité d’intégrer la SQ », indique Mme Beausoleil. L’organisation propose de ramener à trois le nombre de niveaux de services établis actuellement à six par le ministère de la Sécurité publique. À l’heure actuelle, les corps de police municipaux doivent fournir un certain niveau de service selon la population qu’ils desservent ou leur localisation géographique. Des villes de moins de 100 000 habitants, comme Granby par exemple, sont actuellement classées au niveau 1, tandis que Montréal, qui a plus de 1 million d’habitants est au niveau 5. Plutôt que de considérer la population comme critère, la SQ propose de tenir compte de la charge de travail. Ainsi, elle avance que le Service de police de la Ville de Québec et le Service de police de la Ville de Montréal seront classés au niveau 2."
Améli Pineda,un reportage judiciaire,2021-05-15,https://www.ledevoir.com/societe/601562/violence-conjugale-le-poids-de-la-violence,Le poids de la violence,"Ils ont souvent tout vu, tout entendu, et pourtant, les données concernant les enfants exposés à la violence conjugale sont quasi inexistantes au Québec, à l’heure où les signalements des femmes contre leurs conjoints sont en hausse. Ces victimes collatérales ne doivent pas tomber dans l’oubli dans la lutte contre la violence conjugale, affirment experts et intervenants du milieu. « Ça ne fait pas très longtemps qu’on étudie l’exposition des enfants à la violence conjugale, comparativement à d’autres formes de maltraitance, comme les abus sexuels, les sévices physiques ou la négligence », note Geneviève Lessard, directrice du centre Recherches appliquées et interdisciplinaires sur les violences intimes, familiales et structurelles (RAIV). Des enfants exposésà la violence Environ 7 % des enfants du Québec ont été exposés à la violence conjugale vécue par leur mère au cours des 12 mois précédant la dernière enquête de l’Institut de la statistique du Québec, menée en 2018. Environ 6 % des enfants ont été exposés à de la violence psychologique et verbale, notamment des insultes ou des menaces, 2 % à de la violence sous forme de contrôle, par exemple être suivi ou ne pas avoir le droit de voir des amis, et environ 1 % ont été exposés à de la violence physique, ayant été témoins de coups donnés à leur mère ou d’autres gestes agressifs. Ces données sous-estiment sans doute la réalité des jeunes qui grandissent dans un climat de stress et de tension causé par la violence conjugale, croit Mme Lessard. Avec une équipe de chercheurs, elle a récemment mené une enquête qualitative sur les conséquences de l’exposition à la violence conjugale, à laquelle 40 jeunes âgés de 18 à 25 ans ont participé. Ce texte fait partie de notre section Perspectives. « On utilise le terme “exposition” pour éviter de créer de la confusion, puisque les jeunes ne sont pas toujours témoins visuellement des événements. Toutefois, même si c’est une victimisation indirecte, les conséquences peuvent être aussi graves que celles vécues par une victime directe », mentionne la professeure titulaire à l’École de travail social et de criminologie de l’Université Laval. Il en ressort notamment que les enfants vivent pratiquement la même dynamique relationnelle que leur mère avec le conjoint violent lors des quatre phases du cycle de violence. « Ils ressentent la tension, craignent l’escalade de violence, puis, lorsque ça explose, ils vont vivre avec un sentiment de culpabilité, de honte et de responsabilisation de ne pas avoir pu désamorcer la situation », explique Mme Lessard. Puis, vient l’accalmie : le conjoint violent justifie ses gestes et, tout comme sa mère, l’enfant espère que ça ne se reproduira plus, note-t-elle."
Améli Pineda,un reportage société,2021-07-14,https://www.ledevoir.com/societe/consommation/617763/nouveau-billet-a-gratter-les-records-de-chaleurs-inspirent-loto-quebec,Loto-Québec retire son billet inspiré des records de chaleur,"Devant la controverse suscitée par son nouveau billet à gratter « Record de chaleur — le premier gros lot multiplié par la température », Loto-Québec a finalement confirmé son retrait du marché moins de 24 heures après son lancement. Le gratteux a rapidement fait réagir, vu que les canicules qui ont frappé le pays dans les dernières années ont fait des centaines de morts. « Plus il fera chaud, plus vous pourrez gagner gros », pouvait-on lire sur le billet mis en marché le 12 juillet. En toile de fond du nouveau gratteux qui devait se vendre 2 $, une carte du Québec qui rappelle celles utilisées pour définir les régions frappées par des canicules. On y retrouvait sept soleils à gratter et certains billets devaient être admissibles à un tirage de 1000 $, montant qui devait par la suite être multiplié par la température de la journée des tirages prévus les 16, 23 et 30 août ainsi que le 7 septembre. De cette manière, s’il faisait par exemple 30 degrés, le lot total remporté par un gagnant aurait été de 30 000 $. Loto-Québec avait même un partenariat avec MétéoMédia pour lui fournir les données météorologiques enregistrées à l’Aéroport international Montréal-Trudeau les jours de tirage. Or, les vives réactions suscitées par la mise en marché du billet ont fait reculer la société d’État qui a annoncé le retrait du billet mardi après-midi. Au départ, Loto-Québec avait souligné qu’il s’agissait d’un jeu « éphémère » qui ne serait disponible que quelques semaines. « Nous comprenons la sensibilité entourant le billet Record de chaleur, même si ce n’était pas dans cet esprit que le billet avait été conçu. Dans ce contexte, Loto-Québec a pris la décision de le retirer du marché », a indiqué Renaud Dugas, porte-parole de Loto-Québec. MétéoMédia a expliqué avoir voulu « promouvoir l’intérêt envers notre historique météorologique » et « encourager les gens à s’intéresser à la météo ». La chaîne spécialisée s’est rangée derrière la position de Loto-Québec et a retiré de son site Web toutes les publicités concernant le nouveau gratteux. Banalisation Plus tôt mardi, beaucoup ont dénoncé sur les réseaux sociaux une banalisation des changements climatiques par Loto-Québec. « Je ne sais comment qualifier ce nouveau « gratteux » de la société d’État : ridicule ? Insensible ? Cynique ? » a notamment écrit sur Twitter le député péquiste Sylvain Gaudreault. Chez Équiterre, on s’est surtout étonné de constater que personne n’ait levé un drapeau rouge lors de l’élaboration du concept. « C’est insensible de la part de Loto-Québec de faire un jeu avec une réalité qui n’est vraiment pas drôle et qui a des conséquences graves et qui entraîne des décès », déplore Marc-André Viau, directeur des relations gouvernementales d’Équiterre."
Améli Pineda,un reportage judiciaire,2021-02-03,https://www.ledevoir.com/societe/594544/mamadi-camara-libere-des-accusations-portees-contre-lui,Mamadi Camara libéré des accusations portées contre lui,"L’homme accusé de tentative de meurtre après avoir prétendument désarmé et blessé un policier a été libéré de toutes les accusations mercredi à la suite de nouvelles informations révélées par l’enquête. « Suivant l’évolution de l’enquête et les dernières informations communiquées, nous estimons qu’il n’est plus possible de soutenir, dans l’état actuel des choses, les accusations à l’égard [du suspect] », a expliqué le ministère public. Mamadi III Fara Camara a retrouvé sa liberté à la suite d’un important revirement de situation. L’homme de 31 ans était le principal suspect à la suite d’une chasse à l’homme après une intervention policière qui a mal tourné vendredi dernier. Détenu depuis quatre jours, M. Camara était au palais de justice de Montréal pour subir son enquête sur remise en liberté. L’avocat de M. Camara, Cédric Materne, a refusé de préciser ce qui a mené à ce revirement subit de situation. « Vous comprenez que c’est un arrêt des procédures pour l’instant. L’enquête continue, donc on n’entrera pas nécessairement dans les détails », a-t-il indiqué au palais de justice de Montréal. « S’il y a un arrêt des procédures qui ne supporte pas les accusations, c’est que clairement il y avait des preuves qui faisaient en sorte que ce n’était potentiellement pas lui. » Me Materne a dit que la famille et son cabinet étaient soulagés de la nouvelle. Vendredi, la version du Service de police de la ville de Montréal (SPVM) voulait qu’un automobiliste intercepté en lien avec une infraction au Code de la sécurité routière s’en soit pris physiquement à un policier dans le secteur de Parc-Extension. Le SPVM rapportait « une altercation lors de laquelle le policier aurait été désarmé et blessé », mais ne pouvait préciser s’il avait été atteint par un projectile."
Améli Pineda,un reportage judiciaire,2020-01-15,https://www.ledevoir.com/societe/570853/mort-d-une-fillette-a-granby-l-autre-enfant-de-la-famille-confie-a-la-dpj,Mort d’une fillette à Granby: l’autre enfant de la famille confié à la DPJ,"L’autre enfant de la famille de la fillette martyre de Granby demeurera en famille d’accueil pour au moins les six prochains mois, a tranché mardi un juge, qui a par ailleurs blâmé la Direction de la protection de la jeunesse (DPJ) pour avoir échoué à protéger les deux enfants. Tout comme sa soeur, l’enfant de cinq ans, dont l’identité ne peut être révélée, aurait subi des sévices physiques et psychologiques de la part de son père et de sa belle-mère. Le jugement de 74 pages est frappé d’une ordonnance de non-publication, mais le juge Mario Gervais, de la Cour du Québec, a autorisé que certains détails soient divulgués dans l’intérêt du public après que des médias de Québecor eurent déposé une requête. Le parcours de vie de l’enfant y est notamment qualifié d’« accablant et traumatisant à en glacer le sang ». « À cinq ans, il est déjà un écorché de la vie », écrit le magistrat. À la suite de la mort tragique de sa soeur, décédée après avoir subi d’importantes blessures en étant ligotée et séquestrée dans la résidence familiale en avril dernier, l’enfant avait été confié à la DPJ et placé en famille d’accueil. La belle-mère de l’enfant a été accusée de meurtre non prémédité et de séquestration et doit subir son enquête préliminaire les 24 et 25 février. Son père a quant à lui été accusé de négligence ayant causé la mort, d’abandon d’enfant et d’avoir omis de fournir les choses nécessaires à la vie."
Améli Pineda,un reportage judiciaire,2020-12-16,https://www.ledevoir.com/societe/591749/verdict-du-proces-rozon,Procès pour viol et attentat à la pudeur: Gilbert Rozon acquitté,"Gilbert Rozon s’en sort pour la deuxième fois face à la justice depuis l’éclatement du mouvement #MoiAussi. Devant deux versions aux antipodes, le tribunal a acquitté mardi l’ancien magnat de l’humour Gilbert Rozon des accusations de viol et d’attentat à la pudeur qui pesaient contre lui. Le procès se penchait sur des événements survenus il y a 40 ans à Saint-Sauveur, dans les Laurentides. « Le mot d’ordre “croire la victime”, poussé par le mouvement #MoiAussi, n’a pas sa place en droit criminel, il est contraire au principe de la présomption d’innocence », a souligné la juge Mélanie Hébert à la lecture de son jugement. Visiblement soulagé, Gilbert Rozon s’est montré discret et n’a pas voulu s’adresser aux médias à sa sortie du palais de justice de Montréal. « Je n’ai pas de commentaires », s’est-il limité à dire. Le procès du fondateur de Juste pour rire s’était amorcé en octobre, presque trois ans jour pour jour après les premières secousses liées au mouvement #MoiAussi. Les audiences ont été marquées par un important bond dans le temps puisque les faits reprochés à M. Rozon se sont produits en 1980. La juge Mélanie Hébert s’est retrouvée avec deux versions contradictoires﻿. Les seuls éléments sur lesquels les récits de la plaignante et de M. Rozon étaient similaires concernaient leur rencontre dans une station de radio des Laurentides à l’époque où M. Rozon organisait le festival La Grande Virée, ainsi que leur sortie dans une discothèque de Saint-Sauveur. « Même si le Tribunal ne croit pas la version des faits donnée par M. Rozon, celle-ci soulève tout de même un doute raisonnable […] Compte tenu de l’existence de ce doute […], M. Rozon doit être acquitté des accusations qui pèsent contre lui », a-t-elle tranché. La juge s’est référée à un arrêt de la Cour suprême datant de 1991 et familièrement nommé « W.D. », qui établit la marche à suivre dans ce type de situation. « Il est vrai que les parties ne sont pas à armes égales devant le Tribunal. Mais il importe de rappeler que cette inégalité résulte de l’application du principe de la présomption d’innocence », a noté la magistrate. Celle-ci a par ailleurs salué le courage de la plaignante et rappelé que cet acquittement ne signifie pas pour autant que les faits reprochés ne se sont pas produits. Le procureur de la Couronne, Me Bruno Ménard a de son côté indiqué qu’il est trop tôt pour dire s’il fera appel. « Limites du système » Tout juste avant que le verdict soit rendu, la plaignante a demandé à la juge Hébert à ce que l’interdit de publication sur son identité soit levé. La femme de 60 ans s’est adressée pour la première fois aux médias à sa sortie de la salle de cour. « C’est un jour sombre », a dit Annick Charette, sous le regard de plusieurs membres du regroupement Les Courageuses. « Je suis un autre exemple des limites du système de justice en matière de violences sexuelles […]."
Améli Pineda,un reportage judiciaire,2020-01-26,https://www.ledevoir.com/societe/571627/pour-votre-info-quoi-surveiller-aujourd-hui,Quoi surveiller aujourd’hui?,"Appel de la peine d’Alexandre Bissonnette Près de trois ans après l’assassinat de six fidèles réunis pour la prière au Centre culturel islamique de Québec, la peine imposée au tueur, Alexandre Bissonnette, sera débattue devant la Cour d’appel. L’homme de 29 ans juge « déraisonnable » d’avoir écopé de la prison à vie sans possibilité de libération avant 40 ans. Il s’agit de la peine la plus sévère à avoir été imposée au Québec. Le tueur a plaidé coupable des meurtres prémédités de six hommes et de tentatives de meurtre sur une quarantaine d’autres fidèles le soir du 29 janvier 2017. En le condamnant, le juge François Huot s’était positionné entre la défense, qui demandait seulement 25 ans, et la Couronne, qui réclamait une peine cumulative de 150 ans. Le magistrat avait dû modifier la loi, car celle-ci ne lui permettait d’imposer une peine que par blocs de 25 ans, ce qu’il estimait inconstitutionnel. Rentrée parlementaire à Ottawa C’est le grand retour des députés à la Chambre des communes, ce qui signifie que les travaux parlementaires reprennent. Minoritaires depuis les élections de l’automne dernier, les libéraux ont bon espoir de réussir à imposer leurs priorités. Au premier rang des dossiers importants, la ratification de l’accord de libre-échange avec les États-Unis et le Mexique. Les libéraux ont d’ailleurs prévu le dépôt d’un projet de loi dès mercredi. Le gouvernement devra aussi se presser à élargir l’accès à l’aide médicale à mourir afin de respecter les délais imposés par la Cour supérieure du Québec. Du côté des conservateurs, le chef sortant, Andrew Scheer, a appelé ses troupes à ne pas se laisser distraire par la course à la chefferie de leur parti et à jouer pleinement leur rôle d’opposition, entre autres dans le dossier du projet de loi sur l’interdiction des armes d’assaut."
Améli Pineda,un reportage judiciaire,2020-06-26,https://www.ledevoir.com/societe/581469/police-rendre-l-uniforme-invisible,Rendre l’uniforme invisible,"Tandis que les yeux sont braqués sur les interventions policières partout dans le monde, à Longueuil, un patrouilleur s’efforce depuis quatre ans de trouver le juste équilibre entre prévention et répression. Équipé de son casque et de sa planche à roulettes, Thierry Hinse-Fillion parcourt les skateparks de la Rive-Sud pour briser les préjugés vis-à-vis de sa profession, tout en tissant des liens avec les jeunes. Rencontre. « En 2017, c’était vraiment un élément choc [lorsque les gens me voyaient arriver en] uniforme », se souvient l’agent Hinse-Fillion. « Dès que la voiture de police arrivait dans un stationnement de skateparks, tout le monde se retournait et analysait pour comprendre ce qui était arrivé, ce qu’ils avaient fait de mal », raconte-t-il. Quatre ans plus tard, sa présence surprend encore, mais rapidement les citoyens semblent l’apprécier. « Avec la crise de la COVID, pour la Ville de Longueuil, c’était important d’avoir une présence policière pour être à l’écoute des gens et aller cibler s’il y avait des problématiques ou une détresse quelconque », explique le policier. Écoutez notre entrevue de Thierry Hinse-Fillion Le Devoir l’a rencontré, le patrouilleur-skateur, au parc Christ-Roi où il est habitué de mettre de l’avant ses habiletés acquises lorsqu’il était ado. « Le skate, ç’a toujours été une passion pour moi », admet celui qui a aujourd’hui la chance de la combiner à sa profession. À peine est-il débarqué sur la plateforme en cet après-midi du mois de juin que sa présence suscite de l’engouement autant auprès des jeunes que de leurs parents. « Est-ce que je peux te prendre en photo avec mon fils ? », demande Dany Ouellet, dont le garçon de douze ans, Anthony, vient s’entraîner sur son nouveau skate. « Quand mon père m’a parlé du policier en skate, je ne savais pas si c’était vrai ou s’il faisait une blague, je ne pensais pas le croiser si vite », confie Anthony, qui avoue être impressionné par les tricks de l’agent. « C’est vraiment une belle approche, je pense que c’est aussi une belle influence pour les jeunes qui voient que c’est quelqu’un comme eux », ajoute son père. Sébastien Laplaine a connu Thierry au début du mois et déjà il le voit comme un modèle. « On a la même passion et je trouve que c’est inspirant pour nous parce qu’on peut vraiment parler de tout avec lui, pas juste de skate, mais de la vie aussi », dit l’homme de 18 ans. Cette clientèle-là a l’habitude de voir le côté répressif [de la police], que ce soit à cause d’une question de consommation de tabac ou d’alcool, ou encore parce qu’ils dépassent les heures d’ouverture [du skatepark] — Thierry Hinse-Fillion C’est justement un des objectifs de l’agent, éviter que l’unique occasion d’interagir avec un policier soit liée à un appel au 911. « Cette clientèle-là a l’habitude de voir le côté répressif [de la police], que ce soit à cause d’une question de consommation de tabac ou d’alcool, ou encore parce qu’ils dépassent les heures d’ouverture [du skatepark]."
Améli Pineda,un reportage judiciaire,2020-01-30,https://www.ledevoir.com/societe/571808/importante-operation-policiere-a-blainville-pour-une-dispute-familiale,Un mort à la suite d'une dispute familiale à Blainville,"Tout indique qu’un fils aurait tué son père sous les yeux de sa mère dans leur résidence familiale de Blainville mercredi. « À l’arrivée des policiers, on a constaté que des personnes étaient blessées et on a dû les transporter à l’hôpital », a expliqué Jonathan Tremblay, porte-parole du Service de police de Blainville. Le père de famille a finalement succombé à ses blessures. L’arrestation d’un homme dans la vingtaine a été confirmée en fin de soirée par la Sûreté du Québec (SQ), qui a repris l’enquête. « L’homme est actuellement détenu et sera rencontré par les enquêteurs. D’ailleurs, le service des enquêtes sur les crimes contre la personne est sur place pour éclaircir les circonstances entourant ce décès », a indiqué Claude Denis, porte-parole de la SQ. Crise Les policiers de Blainville avaient d’abord indiqué avoir été appelés vers 14 h 15 pour une « chicane de famille », rue George-Hériot. Plus tard en soirée, la SQ a précisé que l’appel initial concernait une personne en crise."
Améli Pineda,un reportage judiciaire,2020-01-17,https://www.ledevoir.com/societe/570932/meurtre-d-une-mere-de-famille-a-mascouche,Une mère de famille assassinée dans sa maison à Mascouche,"Le meurtre d'une mère de six enfants de Mascouche jeudi serait lié à de la violence conjugale. Le conjoint de la victime a été arrêté en fin de journée. Jaël Cantin aurait été assassinée en pleine nuit à son domicile du Chemin des Anglais. Son conjoint, Benoit Cardinal, qui avait aussi été retrouvé blessé à l'arrivée des policiers, a été arrêté en fin de journée jeudi, selon nos informations. Les six enfants du couple se trouvaient dans la résidence familiale lorsque le drame s'est produit. La Sûreté du Québec (SQ), qui est responsable de l’enquête, avait diffusé au compte-goutte les informations tout au long de la journée. Le conjoint de Mme Cantin était considéré comme un simple témoin. En fin de journée, les policiers ont confirmé l'arrestation « d'un homme dans la trentaine ». « La loi ne nous permet pas d'identifier le suspect tant que des accusations formelles ne seront pas portées contre lui et qu'il n'aura pas comparu », a précisé Éloïse Cossette, porte-parole de la SQ. La thèse du drame conjugal, tout comme celle d’une invasion à domicile qui aurait mal tourné, a été étudiée. C’est que le bâtiment où s’est produit le drame est situé à côté d’un immeuble qui abrite le commerce Cantin Service & Pièces, qui se spécialise dans la réparation et la vente de pièces d’électroménagers. Ce commerce est détenu par les parents de la victime. Chaque enfant a été rencontré par les policiers. « C’est complexe puisqu’on parle d’une maison où se trouvaient huit personnes, dont six mineurs qu’il faut rencontrer un à un », avait expliqué plus tôt la sergente Cossette. Famille sans histoire « On s’explique mal ce qui a pu se produire, c’est vraiment épouvantable, les six étaient présents dans la maison."
Améli Pineda,un reportage sur la santé,2020-03-19,https://www.ledevoir.com/societe/sante/575312/une-vingtaine-de-detenus-presentent-des-symptomes-du-coronavirus,Une vingtaine de détenus présentent des symptômes du coronavirus,"Près d’une vingtaine de personnes incarcérées ont dû être placées en isolement dans les derniers jours parce qu’elles présentent des symptômes liés au coronavirus. Au total, 18 détenus ont présenté les principaux symptômes de la COVID-19, soit de la fièvre, de la toux ou des difficultés respiratoires, confirme le ministère de la Sécurité publique. Parmi ces contrevenants, 10 se trouvent à la prison de Bordeaux, 4 à celle de Rivière-des-Prairies, 2 à celle de Laval puis 2 autres à celle de Québec. Au moment d’écrire ces lignes, le ministère ne pouvait ni confirmer si ces détenus sont atteints du virus, ni s’ils ont fait l’objet d’une investigation. Éviter le pire La seule solution pour éviter le pire dans le contexte actuel de pandémie est de réduire la population carcérale, plaide la Ligue des droits et libertés (LDL). « Le virus pourrait se propager comme un feu en forêt en raison de la surpopulation, de l’exiguïté et de la configuration architecturale des lieux », soutient Lucie Lemonde, porte-parole de la LDL. L’organisme demande à Québec de libérer certains types de contrevenants pour limiter la propagation du virus, dont les contrevenants de plus de 60 ans, les contrevenantes enceintes, les détenus malades ainsi que ceux dont la libération est prévue en 2020 et 2021."
Améli Pineda,un reportage judiciaire,2020-09-16,https://www.ledevoir.com/societe/586067/violence-conjugale-violence-conjugale-tuee-par-son-ex-mais-jamais-retrouvee,"Violence conjugale: tuée par son ex, mais jamais retrouvée","« Je suis une femme battue » auraient été les derniers mots prononcés par Josiane Arguin, une Montréalaise de 34 ans qui aurait été tuée par son conjoint dans un contexte de violence conjugale en septembre 2018. Pendant près de deux mois, l’accusé, dont le procès s’est ouvert mercredi, a simulé sa disparition, allant jusqu’à poser lui-même des affiches pour la retrouver. « Avant qu’il s’en prenne à Josiane, cette dernière sortait du domicile, elle se dirigeait vers la cour arrière et criait qu’elle était une femme battue », a expliqué la procureure de la Couronne Katerine Brabant, à l’ouverture du procès de Simon Brind’Amour. L’homme de 38 ans fait face à des accusations de meurtre au second degré ainsi que d’outrage à un cadavre. La dépouille de Mme Arguin n’a, jusqu’à ce jour, jamais été retrouvée. La Couronne entend démontrer que M. Brind’Amour a tué sa conjointe aux environs du 1er septembre, a nettoyé son corps, a mis la dépouille dans un sac de hockey avant de s’en débarrasser dans une benne à ordures. « Environ 15 jours après avoir causé la mort de sa conjointe, M. Brind’Amour s’est présenté au poste de policer afin de déclarer Josiane disparue. Il indique également qu’elle est partie avec une partie de l’argent du couple », a souligné Me Brabant. Cette déclaration de M. Brind’Amour a enclenché une enquête de deux mois au cours de laquelle des démarches ont été faites pour tenter de la retrouver."
Emilie Nicolas,une chronique d’opinion,2020-06-18,https://ledevoir.com/opinion/chroniques/580993/cette-fameuse-egalite-des-chances,Cette fameuse égalité des chances,"Mardi matin à la radio, le ministre Lionel Carmant, désormais coprésident du groupe d’action sur le racisme du gouvernement caquiste, lançait que le Québec gérait « trois réseaux où il y a une égalité dans les chances : l’éducation, les services de garde et le système de santé. » Selon lui, donc, le mandat qu’on lui a donné peut être raisonnablement effectué en trois mois, la question du racisme au Québec étant bien circonscrite. Je ne sais pas ce qui m’a fait le plus mal en entendant cette déclaration. D’abord, les souvenirs qui remontent. La fois où l’enseignante s’est fâchée contre moi en m’accusant d’être émotive pour rien, alors qu’un élève me traitait de négresse depuis des semaines. La fois où un autre enseignant s’est exclamé que ce qui était le plus étonnant dans ma réussite scolaire, c’est que je sois douée tout en étant noire. Ou encore celle où on m’a expliqué que porter des tresses africaines ne faisait pas partie du code vestimentaire acceptable de l’école. Et puis, il y a les fois où mon frère, très bon élève, s’est fait fouiller son casier par la direction, au cas où on y trouverait de la drogue. Après les souvenirs personnels vient la mémoire des innombrables témoignages que j’ai reçus, souvent de purs inconnus, vu mon rôle visible dans la lutte contre le racisme. Une mère prise avec une éducatrice en garderie qui se questionne sur l’hygiène des cheveux crépus. Une école où l’on veut créer une activité de hockey cosom, mais où l’on se méfie du basket-ball, qui attirerait « les gangs ». Parfois, il est question aussi de jeunes talentueux dont on éteint les rêves et que l’on dirige vers des carrières plus « raisonnables », dans les secteurs techniques. Des parents qui n’osent pas dénoncer la discipline abusive à laquelle leurs enfants font face, de peur que ces mêmes enfants en paient le prix. Ensuite, il y a les statistiques et les études qui sont publiées dans l’indifférence depuis trop longtemps. Les enfants noirs qui ont des surdiagnostics de troubles de comportement et de troubles d’apprentissage. Les enfants issus de l’immigration récente auxquels on accole un trouble du langage parce que l’on accepte mal que le cerveau des jeunes bilingues se développe différemment, et que ce n’est pas un problème. Des écoles publiques à deux vitesses, où les jeunes racisés sont pratiquement exclus des programmes à vocation particulière et restent concentrés dans le « régulier ». Et une importante surreprésentation dans les taux de décrochage. Et puis, plus largement, il y a le racisme systémique qui empêche les parents de trouver des emplois à la hauteur de leurs qualifications et concentre les familles dans les quartiers défavorisés, là où le système scolaire public est le plus mal en point."
Emilie Nicolas,une chronique d’opinion,2022-04-07,https://ledevoir.com/opinion/chroniques/696477/chronique-coherence-recherchee,Cohérence recherchée,"Qu’est-ce que c’est, au fond, la discrimination positive ? Il s’agit de favoriser, dans certains cadres, un ou des groupes de personnes qui subissent de la discrimination ou des désavantages systémiques afin de rétablir une égalité des chances. Parfois, ça peut se faire sous forme d’encouragements, d’incitatifs à offrir des postes à certaines personnes issues de groupes qui risqueraient d’être autrement sous-représentés. Parfois, on va plus loin et on exige un seuil minimum de représentation. La Loi sur la Cour suprême du Canada, par exemple, stipule que trois des neuf juges en poste doivent venir du Québec. Cette loi a été écrite par des gens qui ne croyaient pas que tous les gouvernements fédéraux, peu importe leur inclination idéologique et la provenance de leurs députés, s’assureraient d’une représentation des experts en droit civil québécois à la Cour suprême, simplement par bonne volonté et par reconnaissance de leurs compétences. Par crainte de biais systémiques qui nuiraient aux candidatures québécoises, notamment, on leur a réservé des postes. La Loi sur la radiodiffusion, qui donne entre autres son mandat au CRTC et à CBC/Radio-Canada, a aussi abondamment recours à des mesures de discrimination positive. Partout au Canada, on craint — depuis﻿ l’invention des médias de masse, essentiellement — que le contenu américain noie les ondes et empêche notre industrie radiophonique et télévisuelle de se développer. Face à Goliath, on a armé David de quotas. Nos médias généralistes ont l’obligation de produire ou de diffuser de 40 % à 60 % de contenu canadien pour conserver leur permis du CRTC. Pour protéger la culture francophone, on va encore plus loin. La loi exige que les stations de radio de langue française consacrent au moins 65 % de leur programmation hebdomadaire de musique populaire à de la musique en français. Ces quotas donnent nécessairement un bon coup de pouce à la visibilité des artistes francophones, et ont joué un rôle important dans le développement de l’industrie culturelle québécoise. Malgré ces mesures, on ne remet pas en question la « compétence » des musiciens dont les œuvres passent constamment à la radio. On comprend que, pour répondre aux avantages injustes (notamment financiers) qui propulsent la carrière des artistes anglo-américains, la discrimination positive a un rôle à jouer. La loi 101, elle aussi, carbure largement à la discrimination positive. Dans un contexte de discrimination systémique importante contre les francophones dans un ensemble de secteurs d’emploi, le gouvernement du Québec a adopté des mesures musclées. Depuis, une grande partie des emplois offerts au Québec sont réservés aux candidats qui maîtrisent le français. Il est indéniable que la loi a joué un rôle majeur dans l’amélioration des perspectives économiques des Franco-Québécois ces dernières décennies. Au fédéral, la Loi sur les langues officielles permet aussi d’exiger le bilinguisme dans plusieurs postes de la fonction publique."
Emilie Nicolas,une chronique d’opinion,2021-07-22,https://ledevoir.com/opinion/chroniques/619680/chronique-combattre-le-feu-par-le-feu,Combattre le feu par le feu,"Contrairement à la croyance qui prévaut généralement même dans les cercles environnementalistes les plus militants, les changements climatiques ne sont pas seuls responsables de la hausse des feux de forêt partout en Amérique du Nord. En plus des périodes de grande chaleur et de sécheresse plus intenses, il faudrait aussi pointer du doigt la marginalisation des savoirs autochtones. Je m’explique. Depuis des centaines, voire des milliers d’années, des peuples autochtones de la Californie jusqu’ici au Québec ont utilisé le feu comme technologie de maintien et d’aménagement du territoire. Il s’agit, en gros, de déclencher volontairement des brûlis à l’intensité contrôlée afin de favoriser le renouvellement du sol et la croissance de plantes comestibles, de développer des pâturages pour les animaux, ou encore de faciliter les déplacements de certains troupeaux, et bien sûr des humains. Les techniques traditionnelles permettent aussi de disposer de la matière organique la plus facilement inflammable, et donc de diminuer le risque de feux de forêt monstrueux et incontrôlables comme ceux qui dévastent la côte ouest ainsi que le nord de l’Ontario depuis déjà plusieurs jours. Les savoir-faire varient bien sûr d’un territoire et d’une culture à l’autre, en fonction des spécificités climatiques et des besoins associés au mode de vie. Partout, toutefois, on a fait face à la même réalité : avec la prise en charge du territoire par les gouvernements canadien et américain et le confinement des populations autochtones dans les réserves, le paysage du continent a été profondément altéré. Un peu partout en Amérique du Nord, les administrations coloniales ont adopté des lois criminalisant les brûlis traditionnels autochtones à la fin du XIXe et au début du XXe siècle. Et la stratégie que l’on connaît bien — supprimer la moindre flamme — a été imposée avec sévérité, malgré une connaissance relativement superficielle des écosystèmes locaux. On en voit maintenant trop bien les conséquences. En Californie, on a fini par avouer l’échec des méthodes eurocentrées devant les catastrophes répétées. Depuis quelques années, les Karuk et les Yurok collaborent avec les services de gestion des incendies pour reprendre leurs pratiques ancestrales sur une partie de leur territoire, dans le nord de l’État. Il faut comprendre que les techniques traditionnelles diffèrent grandement des incendies préventifs, souvent à plus haute intensité, que les pompiers recommandent quelquefois. Il s’agit ici tant de prévenir les feux dangereux que de mieux aménager le territoire pour la faune et la flore, et de préserver certaines espèces. Résultat : la prévention des incendies destructeurs et la revitalisation des cultures autochtones vont de pair. En Australie, des populations autochtones du nord du pays ont aussi repris leurs pratiques ancestrales de gestion des incendies depuis une dizaine d’années. Selon le New York Times, les feux de forêt ont diminué de moitié sur les territoires concernés depuis la mise en place de ces programmes."
Emilie Nicolas,une chronique d’opinion,2020-09-17,https://ledevoir.com/opinion/chroniques/586085/coronavirus-humilier-ne-mene-nulle-part,Humilier ne mène nulle part,"Dans le mouvement antiraciste, on s’efforce de manière générale de suivre une règle cardinale : il faut s’en prendre aux systèmes, aux politiques, aux comportements, aux arguments, aux actes et à leurs conséquences, et non aux individus. D’abord, si on cible un problème concret, on peut le régler. Et surtout, étiqueter une personne entière provoque une levée de boucliers qui rend l’écoute et le dialogue impossibles. La réaction est souvent infiniment violente envers les militants, qui disposent rarement du capital social de leurs interlocuteurs. C’est aussi pour des raisons de sécurité qu’il faut éviter d’insulter. Même les plus diplomates reçoivent déjà plus que leur lot de vitriol. Étant notamment issue de ce mouvement-là, j’observe avec beaucoup d’appréhension ce qui se passe en ce moment au Québec. Un groupe important de personnalités publiques traite une partie grandissante de la population de tous les noms d’oiseaux parce que leur confiance dans les médias traditionnels s’effrite, parce qu’on a peur du masque, parce que les théories du complot gagnent du terrain. Des célébrités s’en prennent carrément à l’intelligence de plusieurs citoyens ordinaires, du haut de leurs plateformes imposantes. Elles n’ont vraisemblablement jamais appris à craindre les conséquences du mépris. Les reporters se posent des questions éthiques importantes : faut-il couvrir ou pas ces manifestations, risque-t-on de leur donner de l’importance ? Souvent on les couvre, mais avec précaution. Ensuite, les journalistes d’opinion, les élus et d’autres personnalités prennent bien soin de condamner, avec raison d’ailleurs, les comportements qui causent préjudice à la santé publique. Mais lorsqu’on s’aventure jusque dans l’insulte personnelle, on crée une puissante machine à humiliation publique en deux temps : les salles de nouvelles exposent, les commentateurs moquent. Peut-être qu’à coups d’injures bien senties, on pense se montrer forts, alors qu’on reste décidément désemparés devant cette montée du complotisme. Probablement qu’on ne sait pas quoi faire d’autre. Ce qui est certain, c’est que les dynamiques d’humiliation ne répareront en rien le lien de confiance abîmé envers la science et le journalisme. On voit bien, aux États-Unis, où l’arrogance des élites libérales les a menées. Se souvient-on encore du monstre qu’Hillary Clinton a nourri en traitant les partisans de Donald Trump de « basket of deplorables » lors de la campagne à la présidence de 2016 ? Les quolibets n’ont pas cessé de fuser depuis. Les États-Unis s’en portent-ils mieux ? Nous sommes chanceux, au Québec, qu’aucun parti politique ne cherche à harnacher cette humiliation pour nourrir son mouvement populiste — pour le moment. Mais c’est près du quart des Québécois qui, par exemple, croient que la COVID-19 a pu être créée en laboratoire. Si on continue de traiter le quart de la population d’idiots-imbéciles-habitants-alouette, où s’en va-t-on ? Et si on s’en tenait plutôt à la critique des comportements qui causent la contagion, certes, mais surtout des institutions qui nous mènent dans cette ère dangereuse de post-vérité ? Il me semble qu’on ferait mieux, par exemple, de rediriger la colère et le mépris vers une entreprise comme Facebook, qui menace la santé des démocraties comme aucune arme physique de destruction massive ne saurait le faire."
Emilie Nicolas,une chronique d’opinion,2020-08-20,https://ledevoir.com/opinion/chroniques/584450/l-ancien-ordre-n-existe-plus,L’ancien ordre n’existe plus,"Mon prof d’histoire au secondaire ne l’avait jamais digéré. Comment le premier ministre du Québec Adélard Godbout avait-il pu s’écraser ainsi devant son homologue fédéral, Mackenzie King ? s’exclamait-il. Comment avait-il pu donner son accord à la modification constitutionnelle de 1940 qui a donné à Ottawa la seule responsabilité du nouveau programme d’assurance-chômage ? C’est une véritable boîte de Pandore qui a été ainsi ouverte ! Sous prétexte de crise économique et de guerre, le pouvoir central s’est renforcé et les intérêts du Québec n’ont pas été défendus ! nous expliquait cet enseignant avec émotion. Il n’est pas le seul à se rappeler ce passage marquant. On retrouve encore à gauche et à droite des nationalistes férus d’histoire qui ne tarissent pas de commentaires sur cet épisode en effet déterminant pour le fédéralisme canadien. La création de l’assurance-chômage (ou assurance-emploi depuis 1996) a marqué un changement drastique de philosophie sur le rôle du gouvernement. Le premier ministre conservateur Richard Bennett, prédécesseur de Mackenzie King, avait passé le début des années 1930 à plus ou moins prendre acte de la gravité historique de la Grande Dépression. Face au taux de chômage effarant partout au pays, il avait continué de promouvoir un programme classique de laisser-faire économique. Devant le manque d’approbation de la population canadienne, il n’a eu d’autre choix que de transformer radicalement ses orientations en 1935. « L’ancien ordre n’existe plus, annonça-t-il à la radio. Nous vivons dans des conditions qui sont nouvelles et étranges pour nous… Je suis pour la réforme. Et dans mon esprit, réforme veut dire intervention du gouvernement. » En s’inspirant du New Deal du président américain Franklin D. Roosevelt, Bennett a proposé une série de mesures, dont l’assurance-chômage, qui fut d’abord jugée inconstitutionnelle et ne put donc être mise en place qu’en 1940 par Mackenzie King. L’ancien ordre n’existe plus. Je ne sais pas s’il y a eu une année, depuis l’époque de la Grande Dépression, où ces mots ont autant résonné. Nous vivons en effet en 2020 dans des conditions qui sont nouvelles et étranges pour nous tous. Une nouvelle réalité que nous peinons encore à cerner, et dont notre classe politique n’a certainement pas pris encore la mesure. À Ottawa, Bill Morneau quitte son poste de ministre des Finances. En plus du contexte de la controverse autour de l’organisme UNIS, la rumeur veut que le bureau du premier ministre Justin Trudeau n’arrivait plus à s’entendre avec son ministre sur les orientations du gouvernement, plus particulièrement sur la générosité coûteuse de ses programmes d’aide à la population et du futur plan de relance économique. Cette semaine, on tente de nous faire voir la nomination de Chrystia Freeland aux Finances et le discours du Trône à venir en septembre comme la fin de l’ancien ordre et le début d’une ère inédite marquée par un virage vert de l’économie canadienne et une réforme historique de l’assurance-emploi."
Emilie Nicolas,une chronique d’opinion,2022-09-01,https://ledevoir.com/opinion/chroniques/751530/chronique-l-autre-option,L’autre option,"Un travailleur de milieu (ou de rue), c’est une personne-ressource, le plus souvent employée par un organisme communautaire, chargée de créer des liens de confiance avec une clientèle vulnérable. Il s’agit, par exemple, d’être présent et disponible pour des jeunes aux prises avec des réalités socioéconomiques difficiles. La personne qui effectue du travail de milieu passe beaucoup de temps dans la rue, les parcs et autres points de rassemblement populaires des jeunes. Elle les écoute, les conseille et les dirige vers des ressources spécialisées pour les accompagner dans une recherche d’emploi, une lutte contre la toxicomanie, un problème familial. Dans le quotidien, les travailleurs de milieu jouent aussi un rôle clé pour prévenir les conflits, et par conséquent la violence. Quand ils connaissent les jeunes et que les jeunes leur font confiance, ils peuvent servir de médiateurs, de manière plus ou moins formelle. Leur présence peut donc éviter qu’un incident dérape, mais aussi décourager la recherche de réplique vengeresse après un premier drame, pour éviter que les conflits s’amplifient. Le travail de milieu, à bien des égards, c’est le contraire de la police. D’abord, un travailleur de milieu est normalement directement issu de la communauté où il s’implique, et il s’engage à y intervenir à toute heure de la journée. À l’autre bout du spectre, on apprenait l’été dernier que 84 % des quelque 4500 employés en uniforme du Service de police de la Ville de Montréal habitaient à l’extérieur de l’île de Montréal. La situation peut contribuer, nécessairement, à ce que les quartiers dits « chauds » de Montréal soient perçus comme de simples lieux de travail, et non comme des milieux de vie, dans toute leur complexité. Ensuite, bien des travailleurs de milieu ont aussi une expérience bien personnelle des réalités auxquelles fait face leur clientèle. La personne-ressource peut avoir eu un parcours scolaire très sinueux avant de finalement trouver sa vocation, avoir déjà été aux prises avec une dépendance avant de choisir la sobriété, ou être déjà tombée dans la délinquance avant de reprendre sa vie en main. Dans tous les cas, c’est tant mieux : ce vécu contribue à construire sa crédibilité auprès des jeunes, qui pourront la voir comme un modèle auquel s’identifier. Le message, au fond, c’est : « puisque j’ai pu m’en sortir, je sais que c’est possible pour toi aussi ». À l’inverse, tout « antécédent » sert à disqualifier un aspirant candidat du métier de policier. Finalement, les travailleurs de milieu sont des ressources peu coûteuses, le plus souvent rémunérées aux taux dérisoires qui prévalent dans le milieu communautaire. Et malgré les salaires très bas, les organismes peinent à trouver les fonds pour en embaucher. À Montréal-Nord, par exemple, les deux travailleurs du Café-jeunesse multiculturel ont longtemps été seuls à parcourir les rues de tout le quartier. Vous avez bien lu : deux, pour tout le quartier. Si l’arrondissement en comptera bientôt six, c’est grâce à l’obtention de financement de fondations privées, comme Chagnon et Saputo."
Emilie Nicolas,une chronique d’opinion,2021-12-02,https://ledevoir.com/opinion/chroniques/651249/l-eblouissement,L’éblouissement,"Comme chroniqueuse, je choisis, une fois par semaine, un thème en fonction de mes champs d’intérêt, de mes compétences, et du contexte. Je me demande ce qu’il serait important de dire, qui n’a pas été dit, et qui risque de ne pas être dit. Pour ce faire, il faut consulter au quotidien une quantité importante d’informations. Il y a des moments où ça donne le vertige. Cette semaine, j’ai le vertige. Les images de Pacifique Niyokwizera, le visage enflé, l’œil rougi, m’habitent. Je pense à ces ados malmenés par le Service de police de la Ville de Québec alors qu’ils attendaient un ami à la sortie du Dagobert, à Québec. Je pense au choc et à l’inquiétude des familles, semblables au choc et à l’inquiétude d’on ne saura jamais combien de familles, après des interventions policières qui n’ont pas été saisies sur vidéo. Si le Québec est frappé par les images de Pacifique, il y a là une occasion de mieux comprendre comment, comme société, on laisse de tels incidents se reproduire. Devrais-je donc joindre ma voix à la clameur collective ? Ou serait-il plus utile de porter l’attention sur une tragédie dont on n’a presque pas parlé ? Un féminicide, un autre, à Montréal. Je marchais avec une amie quand je suis passée, le 5 novembre, devant le périmètre de sécurité. On apprenait quelques jours plus tard que Daniel Schlafman, fils du propriétaire de la fabrique Fairmount Bagel, aurait tué une jeune femme de 25 ans. Selon l’organisme Stella, M. Schlafman était connu des travailleuses du sexe de Montréal comme un client dangereux et imprévisible. La jeune victime, résidente de Québec et de passage dans la métropole, n’était pas au courant, elle. Malgré tous les débats publics sur le phénomène des féminicides depuis le début de la pandémie, cette tragédie passe presque complètement sous le radar. Je ne peux m’empêcher de penser que, si la victime n’avait pas été une travailleuse du sexe, l’attention publique aurait été plus grande. Toutes les femmes ne sont-elles pas pourtant égales ? Mais je me demande si, en me concentrant sur ces tragédies individuelles, qui touchent certes des communautés entières ainsi que des problèmes systémiques, je ne passe pas sous silence un conflit à plus haute intensité. En Colombie-Britannique, la GRC continue de procéder à l’arrestation d’activistes autochtones de la nation wet’suwet’en et de leurs alliés. Rassemblés derrière des chefs traditionnels, dits « héréditaires », de la nation, ces « défenseurs du territoire » s’opposent à la construction du pipeline Coastal GasLink sur leur territoire traditionnel. Le gouvernement croit que l’assentiment du conseil de bande de la nation, une structure politique issue de la très coloniale Loi sur les Indiens, suffit pour conclure que les Wet’suwet’en ont accepté le projet. Une injonction de la cour a donc été obtenue pour mettre fin aux manifestations. Certaines images des opérations de la GRC pour mater la résistance autochtone sont d’une violence choquante, particulièrement envers des femmes aînées, non armées, en pleine cérémonie."
Emilie Nicolas,une chronique d’opinion,2020-10-15,https://ledevoir.com/opinion/chroniques/587823/l-egalite-des-chances-d-ecraser,L’égalité des chances d’écraser,"Vendredi dernier, plusieurs ont d’abord vu dans la nomination de l’ex-communicateur du Service de police de la Ville de Montréal Ian Lafrenière au poste de ministre des Affaires autochtones, en remplacement de Sylvie D’Amours, un problème de… parité. Il est vrai que c’est la quatrième fois que le premier ministre François Legault remplace des femmes ministres dont la performance laissait à désirer par des collègues masculins. Il est aussi vrai que, si les erreurs des hommes ministres étaient jugées aussi sévèrement par M. Legault, Simon Jolin-Barrette aurait perdu sa limousine dès ses premiers cafouillages à l’Immigration. Mais dans le contexte de la mobilisation suivant la mort de Joyce Echaquan, il y avait quelque chose de déplacé dans cette préoccupation pour l’équilibre hommes-femmes au sein du cabinet à Québec. Comme s’il s’agissait du principal enjeu des droits des femmes à être ciblé ce jour-là. Comme s’il n’était pas plus outrageant que les femmes autochtones, qui avaient permis la mise sur pied de la commission Viens avec leurs dénonciations de la police de Val-d’Or, voient un ex-policier nommé responsable du chantier entamé grâce à leurs efforts. Comme si la situation aurait été meilleure si Lafrenière avait plutôt été une ex-policière. Car être féministe, ça ne s’exprime pas en déplorant que les hommes et les femmes caquistes n’aient toujours pas une « chance » égale de bloquer l’avancement du mouvement des femmes autochtones pour leur santé, leur autonomie et leur dignité. Préférer une femme coûte que coûte comme responsable du dossier des femmes autochtones, si imparfaite soit sa gestion, n’est pas sans rappeler la thèse avancée par Félix Boggio Éwanjé-Épée et Stella Magliani-Belkacem dans leur essai Les féministes blanches et l’empire, paru en France en 2012. Les auteurs y passent notamment en revue une partie de l’histoire du mouvement féministe français, qui faisait valoir, dans la première moitié du XXe siècle, que les possessions françaises telles que l’Algérie seraient mieux administrées si on laissait aux femmes un plus grand rôle dans la mise en œuvre des politiques coloniales. C’est que les Françaises, croyait-on, auraient un accès plus aisé à l’intimité du foyer des « Indigènes », ce qui pouvait faciliter la réalisation de la mission civilisatrice. L’entrée sur le marché du travail de certaines femmes européennes et leur relative « émancipation » se sont ainsi réalisées en piétinant les droits des femmes du Sud. Le lien avec le Québec ? Ici, c’est dans les années 1960 que l’État a commencé à s’intéresser au territoire qu’il a alors nommé Nouveau-Québec (peut-on faire plus colonial ?), pendant que le mouvement québécois des femmes prenait son essor. Le gouvernement du Québec a voulu assimiler de force les Inuits du Nunavik, par exemple, à la culture francophone, pour remplacer la culture anglophone amenée (aussi de force) jusque-là par Ottawa. Et bien sûr, les femmes québécoises ont depuis eu des occasions de leadership importantes dans tout ce qui a trait à la colonisation du Grand Nord par l’administration de la santé, de l’éducation et des services sociaux."
Emilie Nicolas,une chronique d’opinion,2020-10-08,https://ledevoir.com/opinion/chroniques/587441/l-heure-du-test,L’heure du test,"Au mois de juin, le premier ministre du Canada, Justin Trudeau, s’agenouillait avec les manifestants dans les rassemblements Black Lives Matter. Il répétait partout : « Je vous écoute, je vous entends. » Dans le récent discours du Trône, il répétait son intention de s’attaquer au racisme systémique. C’est très bien — et certainement mieux
que ceux qui, à l’Assemblée nationale, pataugent encore dans le déni. Le gouvernement fédéral répond ainsi à un changement dans l’opinion publique, qui se montre de plus en plus sensible à cet enjeu. Mais est-il vraiment prêt à agir ? Depuis maintenant trois semaines, Mamadou Konaté est enfermé au Centre de détention fédéral de Laval, en attente de son expulsion. L’homme d’origine ivoirienne a travaillé en CHSLD durant la première vague de la pandémie. Il a lui-même contracté le virus, puis est retourné à son poste ensuite. Il craindrait actuellement pour sa vie s’il devait retourner en Côte d’Ivoire, car il y avait déjà été emprisonné lors de la guerre civile qui a déchiré le pays au début des années 2000. Des élections houleuses s’y préparent présentement. Malgré son travail, Konaté n’est pas admissible au programme spécial de régularisation des demandeurs d’asile : c’est qu’il détenait un poste de préposé à l’entretien ménager par l’entremise d’une agence de placement, plutôt que d’être préposé aux bénéficiaires. Il fait partie de ces travailleurs essentiels écartés de la « gratitude » étatique, qui se veut résolument bien étroite. Malgré une pétition qui a recueilli près de 38 000 signatures et l’appui de députés de l’opposition, le ministre fédéral de l’Immigration, Marco Mendicino, refuse de commenter le dossier, et on a décidé à Québec de ne pas faire pression sur Ottawa. Konaté est par ailleurs loin d’être le seul dans sa situation. Mostafa Henaway, organisateur communautaire au Centre pour les travailleurs et travailleuses immigrants (CTI), soutient plusieurs personnes au statut précaire depuis le début de la pandémie. Il me parle notamment d’un couple d’origine nigérienne, arrivé ici par la frontière américaine en 2017, dont l’appel de la demande d’asile vient d’être rejeté. Lui travaille dans un entrepôt de Dollarama, elle dans un centre de distribution alimentaire. Leur fille de deux ans est née ici. Mais à moins d’un miracle, toute la famille fera elle aussi face bientôt à l’expulsion. « Les récits de vie des demandeurs d’asile originaires d’Afrique de l’Ouest ont tendance à être systématiquement remis en doute par les commissaires fédéraux, qui connaissent souvent très mal le contexte culturel et politique de ces pays », déplore M. Henaway. Les travailleurs des entrepôts et de l’industrie alimentaire sont tout aussi essentiels — et sous-payés — que le personnel des CHSLD. Là aussi, on retrouve une concentration démesurée de personnes au statut précaire et de personnes racisées."
Emilie Nicolas,une chronique d’opinion,2021-09-02,https://ledevoir.com/opinion/chroniques/629184/la-banalisation-tranquille,La banalisation tranquille,"Nous sommes à l’entrée principale, devant la bâtisse, qui a dû être reconstruite deux fois. C’est que les enfants, dans leur révolte, ont réussi à deux reprises à la détruire par le feu. C’est par cette entrée principale, donc, que les enfants arrivaient pour la première fois au pensionnat. C’est là, aussi, qu’on prenait les photos officielles. Le reste de leurs années de séjour, elle leur sera interdite. La première journée, on sépare les filles et les garçons, on leur coupe les cheveux, on leur retire tous leurs vêtements et objets personnels, et on assigne à chaque enfant un numéro. Dorénavant, on ne leur adressera la parole qu’avec leur numéro. Ils dormiront, mangeront, travailleront, s’assoiront dans l’ordre de leur numéro. On s’assure par ailleurs de donner aux membres d’une même fratrie des numéros éloignés les uns des autres. Juste à gauche se trouve le parloir. Les rares fois où les parents pouvaient leur rendre visite, c’est là qu’on les installait. On avait interdit aux enfants de parler toute autre langue que l’anglais, que les parents ne maîtrisaient pas, le plus souvent. L’enfant avait deux options. Parler sa langue et être frappé et puni plus tard. Ou s’en tenir à l’anglais et ne pas être compris de ses parents. Souvent, l’enfant choisissait le silence complet. Un peu plus loin, vous avez l’infirmerie. Faute de lits, les enfants malades restaient avec le groupe (à contaminer les autres), à moins d’être vraiment, vraiment incapables de se tenir debout. Les parents n’étaient avertis de la maladie de leur enfant que lorsque sa mort était imminente. Souvent, ils ne pouvaient arriver à temps. Les compagnies pharmaceutiques ont fait à plusieurs reprises des expérimentations dans cette infirmerie. On donnait un traitement encore à l’étude à quelques enfants, on le refusait aux autres. On prenait en notes les résultats. Un peu plus loin, on se retrouve dans l’escalier principal, en bois verni. Les enfants n’y ont jamais accès, à l’exception de quelques filles qui ont la responsabilité de le nettoyer. Les filles occupent leurs journées aux tâches domestiques : la cuisine, la lessive, le ménage. Elles n’ont pratiquement jamais le droit d’aller dehors. Quelques survivantes se rappellent qu’être assignées au nettoyage de l’escalier principal était un privilège : ça donnait l’occasion de regarder par la fenêtre. En bas, il y a la cafétéria. On y servait le matin un gruau de base. Les survivants racontent que lorsqu’il était brûlé, ou qu’on y trouvait des vers, on devait tout de même le manger jusqu’au bout. Si on ne finissait pas son bol, celui-ci était rapporté à l’enfant au prochain repas, et à celui d’après, jusqu’à ce qu’il soit terminé. Les garçons travaillaient dehors à traire le lait des vaches, à ramasser les œufs du poulailler, à cueillir les pommes du verger. Le tout était vendu au village, mais il leur était interdit d’y avoir accès. Un peu plus loin, il y a la salle des fournaises. Juste après, c’est la buanderie. C’est dans ces deux pièces que la plupart des abus physiques et sexuels se sont déroulés, selon les survivants."
Emilie Nicolas,une chronique d’opinion,2020-07-23,https://ledevoir.com/opinion/chroniques/582916/la-democratie-et-l-empire,La démocratie et l’Empire,"Après avoir envoyé des agents fédéraux « en renfort » à Portland la semaine dernière et à Chicago mercredi, Donald Trump parle d’en déployer encore à New York, à Philadelphie, à Detroit et à Baltimore. Des villes fortement afro-américaines, menées par des démocrates, où les manifestations Black Lives Matter prennent une ampleur qui déplaît tant à son programme idéologique qu’à son calendrier de campagne. Samedi, Nancy Pelosi, présidente de la Chambre des représentants, condamnait les décisions présidentielles dans une déclaration officielle : « Nous vivons dans une démocratie, et non dans une république de bananes. » L’expression est lourde de sens. Le terme apparaît au début du XXe siècle, alors que la grande entreprise américaine United Fruit Company s’emploie activement à corrompre les élus, à déstabiliser la démocratie et à fomenter un coup d’État au Honduras. L’expression se popularise alors que la tactique est reproduite un peu partout en Amérique latine et dans les Caraïbes. Le but : mettre en place des régimes favorables aux ambitions américaines, prêts à rédiger docilement des lois qui permettent aux capitalistes d’accumuler les profits sans se préoccuper de l’expropriation des communautés locales ou de normes du travail trop encombrantes. Depuis plus d’un siècle, donc, la fameuse démocratie de Mme Pelosi importe des bananes et exporte la dictature. À plusieurs reprises, les États-Unis n’ont pas hésité à envoyer l’armée pour défendre leurs intérêts économiques à l’étranger. Le 28 juillet, cela fera exactement 105 ans que les marines de Woodrow Wilson débarquaient en Haïti pour une occupation militaire qui officiellement allait durer 20 ans, mais dont les effets se font sentir jusqu’à aujourd’hui. On parle de viols, d’assassinats, de torture. À Washington, on ne se cachait pas de préférer déployer des troupes originaires du Sud, qui auraient plus d’expérience « disciplinaire » avec les Noirs. Dans les faits, c’est toute la violence de Jim Crow qui a été exportée, pendant qu’on réécrivait les lois de la République d’Haïti afin de permettre aux compagnies américaines l’accès à la propriété terrienne et de forcer les résidents à détruire les forêts de l’île pour l’exportation du bois. La catastrophe écologique qui fragilise le pays a commencé à cette époque, sous la botte de Washington. La violence étatique, policière et militaire américaine que l’on condamne dans certains cercles depuis quelques semaines est donc plutôt en place depuis longtemps. Le pays s’est d’abord construit en asservissant, en terrorisant et en dépossédant les populations autochtones et noires de l’Amérique du Nord. Par les massacres des « Indiens » par les « cowboys », désormais romanticisés dans les westerns d’Hollywood, l’expansion vers l’ouest et le capitalisme d’extraction ont été rendus possibles. Par le terrorisme du Ku Klux Klan, la ségrégation raciale et le racisme systémique, les Afro-Américains ont été maintenus dans un rôle de cheap labour aux droits fragiles, même après l’abolition de l’esclavage."
Emilie Nicolas,une chronique d’opinion,2023-01-19,https://ledevoir.com/opinion/chroniques/778414/chronique-le-declin-de-davos,Le déclin de Davos,"Chaque année s’amorce avec la même nouvelle — seule son heure exacte varie. Le 3 janvier, à 9 h 43 du matin, les p.-d.g. les mieux rémunérés du Canada avaient déjà gagné l’équivalent du salaire annuel moyen au pays, soit 58 800 $. Ici, c’est le Centre canadien pour les politiques alternatives qui a fait les calculs et publié un rapport repris, bien sûr, un peu partout en cette période creuse pour les actualités. Mais la question des inégalités de richesse toujours plus faramineuses fait aussi la manchette ailleurs dans le monde chaque janvier, ou presque. Chaque janvier, le thème est aussi remis à l’ordre du jour parce que des leaders politiques et des gens d’affaires du monde entier se réunissent à Davos, au coeur des Alpes suisses, pour le Forum économique mondial (FEM). Cette semaine, comme chaque année depuis maintenant une décennie, Oxfam International profite du Forum pour publier un rapport qui met l’accent sur les inégalités de richesse. On y apprend notamment, dans cette dernière édition, que le 1 % des super-riches a acquis deux fois plus de capital au cours des deux dernières années que l’autre 99 % de l’humanité. Mais le FEM lui-même — son cadre, ses invités, la beauté et l’inaccessibilité de son site — suscite déjà un questionnement sur les plus privilégiés de ce monde depuis des décennies. Et l’exaspération envers l’existence même du Forum n’a peut-être jamais été aussi forte depuis la pandémie, alors qu’il est devenu l’objet de théories du complot particulièrement imaginatives au sein de la droite populiste, d’abord américaine, puis internationale. « The Great Reset » — le thème du Forum en 2020 — a été récupéré par les conspirationnistes pour évoquer le spectre d’un monde où les puissants et les ultra-riches auraient utilisé le prétexte de la pandémie pour inoculer aux peuples des vaccins dotés du pouvoir de les priver de leur libre arbitre, question d’instaurer un nouvel ordre politique totalitaire. Vous voyez, ça va loin. On blâmera, à raison, les professionnels de la désinformation eux-mêmes, et le laxisme des médias sociaux envers le phénomène, pour leur rôle dans la popularité de ces hypothèses farfelues. Il faudrait aussi admettre que le contexte dans lequel se tient le FEM n’aide pas. Nous sommes nombreux à sentir que les milliardaires de ce monde vivent pratiquement dans une autre galaxie que la nôtre, ou qu’ils ne partagent pas, du moins, la même condition humaine que le commun des mortels. Avec l’accroissement des inégalités de richesse, l’impact des décisions de ces grands capitalistes sur nos vies ne fait que croître, et s’accompagne d’un sentiment d’impuissance grandissant. La frustration, doublée de l’impression d’une distance inouïe avec ces gens, peut devenir un terreau fertile pour l’imagination. Avec l’inflation actuelle et le contexte économique incertain, ici comme ailleurs dans le monde, l’idée des élites réunies confortablement au milieu des Alpes choque d’autant plus."
Emilie Nicolas,une chronique d’opinion,2023-02-16,https://ledevoir.com/opinion/chroniques/781909/chronique-le-hockey-vu-par-la-recherche,Le hockey vu par la recherche,"Depuis le début de la semaine, nous sommes nombreux à être sous le choc. Le jugement de la Cour supérieure de l’Ontario sur la demande d’action collective déposée par trois anciens hockeyeurs juniors, rapporté lundi par Martin Leclerc, de Radio-Canada, est particulièrement dur à lire. Pour le lecteur non averti, le niveau de violence sexuelle, physique et psychologique qui y est évoqué est profondément troublant. Mais pour les experts du sport, c’est probablement ce choc même du public qui est le plus exaspérant. Déjà, en juillet dernier, 28 universitaires canadiens publiaient une lettre ouverte intitulée « Les violences sexuelles et la misogynie sont profondément enracinées dans le hockey masculin ». Si le jugement ontarien dépeint un problème systémique au hockey, où les scènes les plus dégradantes se déroulent au vu et au su des entraîneurs et des directeurs, la lettre de juillet parlait déjà d’une culture qui « normalise la violence, l’agression, l’alcool, l’intimidation, les “plaisanteries” sexistes et homophobes et la dégradation des femmes et des personnes LGBTQ2+ ». Pourquoi, alors, la surprise générale, même des journalistes sportifs ? La réponse se trouve aussi dans le travail des chercheurs. La lettre collective nous enjoint notamment de lire un papier de 2013 publié par la sociologue Kristi A. Allain. Son titre (traduit) : « Ce qui se passe dans le vestiaire reste dans le vestiaire ». Sa recherche porte sur la culture du secret au hockey, et sur les mécanismes mis en place dans le milieu pour fermer les portes aux regards externes — particulièrement s’ils sont féminins. En bref, les hockeyeurs seraient socialisés de sorte à ne rien dire à personne, jamais, et la pénalité sociale pour le bris de ce code serait très importante. On en comprend deux choses. D’abord, la masculinité typique du hockeyeur, soit le gars peu loquace, voire laconique, aux émotions toujours réprimées qu’on a l’habitude de voir en entrevue à la fin des matchs, cache quelque chose de plus sombre. Si ce type de personnalité publique est activement encouragé par le sport, on peut penser aussi que c’est parce qu’il protège le milieu du monde extérieur. Ensuite, les trois anciens joueurs qui ont mis au jour la question de la violence dans le sport sont, dans le contexte, d’autant plus courageux. Cinq ans après le mouvement #MoiAussi, le tabou entourant la violence sexuelle dans les vestiaires peut sembler étonnant. Mais plus on lit les différents papiers, mémoires et thèses du collectif de chercheurs, plus on comprend. La barrière culturelle à surmonter pour dénoncer ressemble plus au mont Everest qu’à une barrière. Est-ce que l’onde de choc politique de cette semaine sera suffisante pour faire changer les choses ? Encore une fois, une autre publication nous éclaire."
Emilie Nicolas,une chronique d’opinion,2021-04-08,https://ledevoir.com/opinion/chroniques/598391/le-retour-d-ascenseur,Le retour d’ascenseur,"Bonne nouvelle ! (Pour une fois.) On annonçait cette semaine que la recherche d’un vaccin contre le VIH, qui cause le sida, avait progressé de manière très prometteuse. Après la phase 1 des essais cliniques, la formule de vaccin nouvellement développée aurait permis la production de cellules immunitaires rares nécessaires à la production d’anticorps efficaces contre le VIH chez 97 % des participants. En plus de 30 ans de recherche scientifique, c’est du jamais vu. Nous n’en sommes pas encore à crier victoire. D’abord, il faut que les essais cliniques continuent pour ce candidat-vaccin. Ensuite, les organismes sans but lucratif derrière ce nouvel espoir, IAVI et Scripps Research, annoncent un partenariat avec Moderna pour voir si la technologie de l’ARN messager utilisée dans son vaccin contre la COVID-19 pourrait accélérer le développement d’autres formules de vaccin contre le VIH. Il s’agit là, en quelque sorte, d’un retour d’ascenseur. Il est particulièrement difficile de trouver un vaccin contre le VIH, car il s’agit d’un virus qui mute très rapidement. Un vaccin qui fonctionne contre un variant du virus n’est pas nécessairement efficace contre un autre, à moins de trouver une formule qui offre une protection très large contre le VIH sous ses formes diverses. Les décennies de recherche portant sur le VIH ont nourri l’avancement des savoirs sur le développement de vaccins contre les virus qui présentent plusieurs variants, tels que la COVID-19 et plusieurs autres coronavirus. Avec la pandémie
actuelle, on a octroyé de larges sommes à la recherche pharmaceutique afin d’accélérer la production. Si cette prise de vitesse insuffle de nouveaux espoirs dans le combat contre le VIH, ce n’est que justice, au fond. Environ 38 millions de personnes vivent avec le VIH dans le monde encore aujourd’hui. Toutes ne sont pas malades du sida par contre, loin de là. Avec le traitement antirétroviral, les personnes atteintes peuvent garder leurs charges virales assez basses pour éviter les symptômes les plus graves, ainsi que la transmission. Mais la médication est encore loin d’être accessible à tous, peu importe où on se trouve sur la planète. Aujourd’hui, le virus continue de se transmettre majoritairement là où les traitements antirétroviraux sont le moins accessibles : dans des pays appauvris de l’Afrique subsaharienne et dans des groupes plus marginalisés de plusieurs sociétés, dont la nôtre. On le sait, l’épidémie de VIH/sida a donné lieu, dès ses débuts, à de sombres moments de stigmatisation et a profondément nourri l’homophobie, le racisme anti-noir et la discrimination envers les travailleuses du sexe ainsi que les utilisateurs de drogues."
Emilie Nicolas,une chronique d’opinion,2019-10-31,https://ledevoir.com/opinion/chroniques/565963/les-gens-inquiets,Les gens inquiets,"Il y a une partie de la population québécoise qui a l’habitude de se faire appeler « les gens ». Depuis une quinzaine d’années, les gens sont de plus en plus inquiets. Le Québec change autour d’eux, et ils ont le sentiment de perdre l’emprise qu’ils s’étaient plus ou moins convaincus d’avoir acquise sur leur destin, il n’y a pas si longtemps. Les gens ont des inquiétudes pour leur survivance depuis des générations. Pour le moment, on justifie cette angoisse non pas par la passation intergénérationnelle d’un récit collectif où la différence menace l’identité… mais par l’existence du port du voile sur la planète Terre. Légiférer à partir de ces inquiétudes, c’est défendre les valeurs québécoises. On avait dit : légiférons vite, pour passer à autre chose. Une fois les gens rassurés, la page sera tournée. L’élection fédérale est venue. On a encore parlé de l’inquiétude des gens. La laïcité, c’est nous, a dit le Bloc ; on vous défendra. Au lendemain du 21 octobre, on a constaté que la grande région de Montréal — tout comme Sherbrooke, Gatineau, le centre-ville de Québec et toutes les métropoles canadiennes, d’ailleurs, historiquement comme maintenant — a voté rouge plutôt que bleu (pâle ou foncé). Voilà la preuve qu’une partie du Québec échappe au véritable Québec national, se sont époumonés à répéter les tribuns populaires comme les quidams hyperactifs du Web. La menace avance ; l’intégration des « autres » et la rééducation des traîtres sont urgentes… Il faudra rester aux aguets. Puis, l’élection partielle provinciale dans Jean-Talon, à Québec, s’est préparée. Cette élection, c’est un référendum sur la laïcité, a répété la CAQ. Le combat pour votre « sécurité » culturelle continue toujours, en d’autres termes. Il y a encore lieu d’être vigilants. Inquiétez-vous. Mercredi, le gouvernement Legault a annoncé que son test des valeurs pour les immigrants entrera en vigueur dès janvier. Le message en filigrane d’une telle mesure ne peut être que celui-ci : « C’te monde-là sont pas comme nous. Il faut s’en méfier. Il faut les tester. Leurs valeurs ne sont peut-être pas les bonnes. Soyons sur nos gardes. » Le but de la mesure : rassurer les fameuses gens. Son véritable effet : donner le sceau d’approbation étatique aux réflexes d’inquiétude et de méfiance envers « c’te monde-là ». Nourrir l’angoisse. C’est pour s’assurer que tout le monde comprenne qu’au Québec on a l’égalité hommes-femmes, dit Jolin-Barrette. Est-ce que le ministre sait que les trois régions où il y a le plus de violence conjugale au Québec sont la Côte-Nord (loin devant), l’Abitibi et l’Outaouais ? Est-ce que le test y sera utilisé ? Est-ce qu’on connaît des programmes qui déconstruisent avec succès les croyances patriarcales d’un groupe en lui faisant remplir quelque questionnaire ? Aucune importance. Ce qui compte, c’est d’avoir l’air d’une gang de gars solides en train de mettre leurs culottes et qui ne se laissent pas faire."
Emilie Nicolas,une chronique d’opinion,2021-01-07,https://ledevoir.com/opinion/chroniques/592802/lettre-aux-ados-du-quebec,Lettre aux ados du Québec,"Bientôt, vous aurez le monde entre vos mains. Ça arrivera plus vite qu’on le pense. Mais j’espère qu’on n’attendra pas d’y être avant d’admettre qu’on vous doit des excuses. Par « on », je veux dire la société tout entière. Le Québec d’aujourd’hui a failli à ses responsabilités envers vous. Vous êtes nombreux à vous en rendre compte déjà, je crois. La moindre des choses serait de faire preuve d’assez d’humilité et de sincérité pour vous en faire part et d’exprimer à quel point nous en sommes désolés. Je vous écris ces lignes à la veille d’un reconfinement (le deuxième ? le troisième ?) au milieu d’une pandémie qui a tout chamboulé — à commencer par vos vies. Vous êtes assez vieux pour transmettre le satané virus, mais assez jeunes pour ne pas risquer d’en être trop malades si vous le contractez. Assez vieux pour qu’on s’en fasse moins avant de considérer pour vous l’enseignement en ligne et assez jeunes pour être profondément bouleversés par ces changements de vie. Assez vieux pour qu’on vous demande d’être productifs et de maintenir vos notes en temps de crise mondiale sans précédent, assez jeunes pour qu’on ignore vos voix et vos points de vue sur votre propre avenir. Vous êtes pris dans cet étau, mais rien de tout cela n’est de votre faute. Vous êtes tout de même plusieurs à sentir les conséquences peser sur vos épaules. Ce n’est pas le cas de tout le monde, et c’est tant mieux ! Mais le constat est tout de même clair : de plus en plus d’ados se sentent déprimés, anxieux et isolés socialement. Le bulletin de janvier approche et, déjà, les profs estiment que près du tiers des élèves du secondaire seraient désormais en situation d’échec scolaire. Je pense que c’est important de le répéter : ce n’est pas de votre faute. La société québécoise doit s’excuser envers vous parce que, trop souvent encore, on vous envoie le message que votre valeur en tant qu’être humain et votre place dans la société dépendent de vos notes. Je ne veux pas dire que la réussite scolaire est sans importance : dans le système d’éducation qu’on a, elle peut vous aider à avoir accès, plus tard, aux métiers ou aux professions qui sont alignés à vos passions. Mais les notes ne déterminent certainement pas ce que vous méritez : un environnement sain, des amis et une famille qui vous aiment et qui vous écoutent, une chance de vous épanouir et d’être heureux, des occasions de créer, de jouer, de rire, d’explorer, de vous exprimer et d’influencer le monde autour de vous. Parfois, on vous envoie plus ou moins consciemment le message contraire, et ça contribue à vous rendre encore plus anxieux. Il faudrait vraiment qu’on arrête. Décidément, les adultes n’ont pas terminé leurs devoirs et leurs leçons. Vos bulletins ne mesurent certainement pas tous vos talents ni vos habiletés personnelles. Le système scolaire n’évalue pas encore très bien, par exemple, si vous êtes des humains empathiques, qui cherchent à être présents les uns pour les autres."
Emilie Nicolas,une chronique d’opinion,2022-10-27,https://ledevoir.com/opinion/chroniques/767809/chronique-luamba-contre-goliath,Luamba contre Goliath,"Au Canada, les corps policiers ont le pouvoir d’intercepter et d’interroger n’importe quelle personne au volant d’une voiture et de lui réclamer ses papiers. Ils n’ont pas à soupçonner qu’une infraction a été commise ni à énoncer quelque motif que ce soit avant de procéder. Comme ça, en fonction de ce que dicte l’éminemment mystérieux « flair policier », on devient une cible légalement obligée de s’arrêter sur le bord de la route, et de se justifier d’y être. Depuis des décennies, des personnes racisées — des hommes noirs en particulier — et des Autochtones dénoncent la manière dont ce pouvoir discrétionnaire est utilisé par des policiers pour leur rendre la vie impossible. Plusieurs études ont aussi déjà démontré qu’ils sont disproportionnellement ciblés par ce type d’interpellations arbitraires. Si bien qu’à peu près tous les hommes noirs que je connais ont déjà été ciblés par une intervention policière arbitraire (ou des dizaines) — d’autant plus s’ils possèdent une voiture. Est-ce que les articles du Code criminel et du Code de la sécurité routière qui confèrent ce pouvoir aux policiers sont rédigés de manière raciste ? Non. Aucune loi canadienne n’encourage explicitement le harcèlement des hommes noirs au volant. Cela dit, tant qu’il y aura des préjugés négatifs envers certains groupes — conscients ou inconscients —, n’importe quelle loi écrite de manière à accorder une immense largesse discrétionnaire à la personne chargée de l’appliquer peut devenir un vecteur de discrimination systémique. Tant qu’on pourra interpeller une personne « au pif », et que ledit « pif » aura été développé dans une société qui valorise certaines vies humaines plus que d’autres, dans les faits, des injustices seront perpétrées. Tant que les corps policiers n’auront pas à s’expliquer avant d’intercepter un conducteur à une, deux, dix, cinquante reprises, toute dénonciation institutionnelle du profilage racial restera un voeu pieux. Ou, du moins, c’est ce que semble dire le juge de la Cour supérieure Michel Yergeau, dans une décision historique de pas moins de 170 pages rendue mardi. Je le cite : « Le pouvoir discrétionnaire de priver momentanément un citoyen de sa liberté dans ce cadre est le plus arbitraire et le moins filtré qui soit. » Plus loin, il ajoute que ce pouvoir est « devenu pour certains un vecteur, voire un sauf-conduit, de profilage racial à l’encontre de la communauté noire ». Par sa décision, le juge Yergeau déclare inconstitutionnels les articles qui conféraient ces pouvoirs aux corps policiers et donne aux institutions concernées un délai de six mois pour s’adapter. Ses mots sont d’une force rare dans le système de justice. « On ne peut pas comme société attendre qu’une partie de la population continue de souffrir en silence dans l’espoir qu’une règle de droit reçoive enfin de la part des services de police une application qui respecte les droits fondamentaux garantis par la Charte canadienne », écrit-il encore."
Emilie Nicolas,une chronique d’opinion,2020-12-10,https://ledevoir.com/opinion/chroniques/591322/porno-morale-et-revolution,"Porno, morale et révolution","Rappelons-nous l’époque du régime féodal et du servage en Europe, ou encore les régimes esclavagistes un peu partout dans les Amériques. Longtemps, on a imaginé ces régimes éternels et inévitables, comme les seules façons par lesquelles la production agricole était envisageable. Pourtant, les masses réduites en servitude ont résisté, et les mouvances abolitionnistes se sont organisées. Abolitionnistes de quoi, au juste ? Non pas de l’agriculture elle-même, bien sûr. Mais des forces d’exploitation au cœur de l’organisation de la production agricole. La précision peut sembler anodine, mais elle est importante. Car il y a des secteurs d’activité aussi vieux et incontournables que l’agriculture dans l’histoire de l’humanité que l’on souhaiterait bel et bien « abolir », puisqu’on peine à les imaginer au-delà de leurs conditions contemporaines. Car, oui, ceci n’est pas une chronique sur l’agriculture, mais sur l’industrie du sexe, et plus précisément la pornographie, en vue du scandale lié à la traite et à l’exploitation sexuelle des mineurs sur PornHub révélé cette semaine dans le New York Times. Surtout, ceci est un plaidoyer pour une imagination politique qui nous semble pour le moment profondément irréaliste et inatteignable. Une invitation à envisager et à accepter que, pour les hominidés comme pour les grands singes qui sont les plus proches de nous, d’ailleurs, la sexualité a toujours eu et aura toujours une dimension sociale qui va plus loin que les seuls besoins reproductifs de l’espèce. Un rappel qu’il peut exister des rapports sexuels consensuels entre personnes de tout genre dont chacun tire bénéfice pour une raison ou une autre, en dehors du couple tel que compris dans nos sociétés au XXIe siècle. Que l’imagination joue un grand rôle dans les sexualités humaines et que le recours à des images qui stimulent l’imagination sexuelle — le concept de base de la pornographie — n’est donc pas une idée particulièrement moderne ni intrinsèquement liée à l’invention de l’Internet ou de la vidéographie. Qu’anthropologiquement parlant, ces dimensions de l’Homo sapiens sapiens sont irrévocables. Et qu’il est donc aussi absurde de chercher à abolir ce que l’on nomme aujourd’hui pornographie que de chercher à éliminer complètement l’agriculture, les mines ou d’autres secteurs d’activité où la violence, l’exploitation et la traite des personnes ont pourtant largement cours, historiquement comme maintenant. Quand on voit ce qui se passe avec PornHub, on sait qu’on est très loin de la ligne d’arrivée. Il est question de viols filmés, impossibles à effacer définitivement du Web. Le site regorge de jeunes filles pas en âge d’offrir un consentement libre et éclairé, mais aussi de vidéos dans lesquelles les femmes « jouent » des mineures et des « vierges » et où, bref, on rend incontournable culturellement le fantasme de s’en prendre à des adolescentes, avec les conséquences que ça a."
Emilie Nicolas,une chronique d’opinion,2020-07-16,https://ledevoir.com/opinion/chroniques/582525/pour-comprendre-les-survivantes,Pour comprendre les survivantes,"Lorsqu’on a vécu une agression sexuelle, l’un des premiers réflexes est souvent de chercher à tout oublier, ou de nier sous une forme ou une autre la profondeur du traumatisme. Le cerveau cherche ainsi, à sa façon, à nous protéger des réalités auxquelles il est trop douloureux de faire face. C’est qu’une agression peut être profondément destructrice pour la personne qui y survit, particulièrement si elle est très jeune. Pour bien des survivantes, une dénonciation en soi ne guérit rien. Le mal est fait. La plupart des femmes qui arrivent malgré tout à briser le silence le font parce que la peur de faire face aux conséquences sociales et légales ou même à leurs traumas est supplantée par une peur encore plus forte : celle que d’autres vivent la même chose. Et cet instinct de protection peut devenir cardinal dans leurs choix et guider leurs prises de parole. Une femme sur trois aurait subi une agression au Québec au cours de sa vie. Il y a donc une tonne d’agresseurs parmi nous. Or, faire moisir ces dizaines de milliers d’humains en cage, au ban de la société, ne constitue pas le but ultime du mouvement de dénonciation actuel ou de ceux qui l’ont précédé. On cherche plutôt à guérir, reconnaître et réparer les torts causés, à assurer la sécurité et l’épanouissement des femmes, à veiller à ce que les personnes qui ont commis des gestes dommageables ne soient plus dangereuses pour l’avenir et à transformer les normes sociales qui ont rendu la pandémie de violence possible. Dans les derniers jours, ce ne sont pas ces aspirations que l’on a cherché à matérialiser. On a plutôt mobilisé les concepts tirés de trois grandes institutions qui n’ont été conçues ni par ni pour les femmes, comme s’il s’agissait là des clés de leurs mouvements. D’abord, on a voulu tout ramener au système de justice criminelle, érigé au fil des siècles dans une logique bien plus punitive que réhabilitatrice. Non seulement une dénonciation fondée ne mène pas nécessairement à des accusations formelles ni à une condamnation, mais il n’a jamais été démontré que ces procès mènent efficacement une personne coupable et la communauté affectée vers l’introspection, la réparation et la transformation. On somme les victimes d’aller vers la police « si elles disent vrai », sans se demander si les moyens de la police, des juges et des gardiens de prison correspondent vraiment à l’idéal de justice qui motive leur démarche. Ensuite, on cherche à comprendre les survivantes à travers la logique gestionnaire, qui vise à minimiser les risques d’affaires et à protéger les images de marque. Les féministes parlent de culture du viol, ce qui implique que tout le système doit être appelé à réfléchir aux rapports de pouvoir qui le traversent et qui mettent en danger les femmes. Les entreprises prennent leurs distances des quelques individus qui « ne reflètent pas leurs valeurs » tout en niant que le problème puisse être systémique."
Emilie Nicolas,une chronique d’opinion,2020-09-24,https://ledevoir.com/opinion/chroniques/586531/une-democratie-prete-a-tomber,Une démocratie prête à tomber,"Kali Akuno n’a jamais vu autant de drapeaux confédérés. Le cofondateur et codirecteur de la Coopérative Jackson, organisme communautaire afro-américain de la capitale du Mississippi, ne manque pas de les remarquer sur les chandails et casquettes, les autocollants sur les voitures, les pancartes sur les pelouses, partout. Le phénomène est particulièrement fort depuis juillet, alors que le gouverneur a entamé des démarches pour changer le drapeau officiel de l’État du Old South, qui contient encore le fameux symbole de l’esclavagisme. La population blanche et conservatrice du Mississippi redouble depuis d’ardeur pour « défendre son histoire ». Mais si le drapeau confédéré flotte partout, c’est aussi en signe d’appui enthousiaste à Donald Trump, selon Kali. C’est que, si les banlieues et les zones rurales autour de Jackson sont blanches, la ville même est à 80 % afro-américaine. « Si la base de Trump ose s’afficher aussi fièrement même ici, c’est qu’elle est galvanisée comme jamais », explique-t-il. Et le président américain travaille activement à nourrir le sentiment que l’identité américaine de ses électeurs est attaquée. Dans un discours prononcé la semaine dernière au Musée des archives nationales, par exemple, Trump a parlé de la gauche radicale en marche pour forcer les Américains à « abandonner leurs valeurs, leur patrimoine et leur mode de vie ». Des mots qui font écho à ceux des leaders confédérés à l’aube de la guerre civile — rien de moins. Dans les rues du Mississippi, des milices blanches lourdement armées défilent régulièrement depuis le début de l’été, afin d’apeurer les manifestants du mouvement Black Lives Matter, mais aussi les électeurs démocrates, de manière plus générale. Certains groupes s’installent même à la frontière entre les comtés ruraux et tentent de contrôler l’identité des citoyens qui circulent. Pour la population noire qui se rappelle trop bien l’âge d’or du Ku Klux Klan, la situation réveille bien des traumas. Déjà, le week-end dernier, des militants républicains ont tenté d’intimider des électeurs qui tentaient de voter par anticipation à Fairfax, en Virginie. Kali est certain que la tactique sera utilisée ailleurs dans le Sud, y compris chez lui. Après tout, ce genre d’intimidation était usuel avant les victoires du mouvement des droits civiques. N’est-ce pas cela que signifie le slogan Make America great again ? À ceux qui trouveraient sa vision pessimiste, Kali répond : « Chaque soulèvement noir de l’histoire des États-Unis a été suivi d’un ressac violent. Je ne vois pas pourquoi cette fois-ci serait différente. » L’activiste voit aussi l’énergie militante des Blancs progressistes s’essouffler à mesure que la mort de George Floyd se fait plus distante. Pendant ce temps, rien n’est réglé. Partout au pays, on attendait anxieusement la décision du jury chargé de décider du sort des policiers qui ont tué Breonna Taylor, une femme noire de 26 ans, à Louisville en mars dernier."
Éric Leblanc,une chronique sportive,2023-02-15,https://www.rds.ca/football/alouettes/maciocia-a-songe-a-quitter-il-doit-rebatir-1.16650816,Alouettes : le directeur général Danny Maciocia revient sur l'actualité des dernières semaines,"On le comprendrait à moins, mais Danny Maciocia admet avoir songé à quitter le nid des Alouettes, lors d'un moment de frustration provoqué par cet autre chapitre surréaliste affectant l'organisation montréalaise. « Je l'ai considéré à un moment donné, mais il faut vraiment faire attention quand tu te trouves dans un tel état. Je me suis posé la question pendant peut-être 30 secondes, pendant que je ressentais de la frustration », a expliqué Maciocia qui se claquait un voyage de recrutement alors qu'il voyait le château de cartes s'effondrer autour de lui. Car oui, pour la deuxième fois depuis 2019, les Alouettes se retrouvent sous tutelle de la Ligue canadienne de football dans le but de vendre l'équipe à de nouveaux propriétaires. Ça faisait déjà quelques mois que la succession de Sid Spiegel (qui détenait 75% du club) et Gary Stern (actionnaire à 25%) tentaient d'attirer des investisseurs locaux ou de vendre l'équipe. L'option de la vente devenait la plus logique, mais le processus s'est étiré et la LCF a repris les droits de l'équipe afin d'accélérer le tout. Comme rien ne se fait facilement dans la LCF, cette phase d'incertitude est survenue dans la période cruciale menant à l'ouverture du marché des joueurs autonomes. Maciocia se retrouvait donc avec les mains liées pendant que ses homologues se lançaient dans les dépenses. « Ça fait plusieurs semaines (que ça durait). À un moment donné, j'ai reçu un courriel disant que je ne pouvais plus dépenser de sous alors c'est là que la frustration et d'autres questions me sont passées par la tête », a commenté, mercredi, le directeur général. Heureusement, Maciocia savait que cette contrainte mènerait au transfert du club à LCF. « Je devais être patient, mais, chaque jour, c'est sûr que ça devenait un petit peu plus lourd », a-t-il admis. Comme bien des partisans, Maciocia s'est demandé plusieurs fois pourquoi ce processus ne s'est pas conclu plus vite. Il n'a plus le temps d'y songer, mais il comprend le désarroi ressenti par ceux qui ont les Alouettes à cœur. « Je pouvais seulement imaginer ce que nos partisans vivaient pendant cette période-là. J'ai grandi dans cette organisation, j'y ai fait du bénévolat en 1996 et 1997. Quand je regarde tous les joueurs qui proviennent du Québec, qui obtiennent des bourses aux États-Unis ou qui gagnent leur vie grâce au football, je suis plus que convaincu qu'il y a une place pour une équipe de la LCF à Montréal », a-t-il commenté. « Ça m'a donné le jus pour continuer de me battre avec les employés de tous les départements. Il y a de bonnes nouvelles qui s'en viennent puis on a été en mesure de sauver quelques meubles (des joueurs) du côté football », a poursuivi le DG. Cette tangente plus positive s'est amorcée mardi matin, à 9 h, quand Maciocia a reçu la confirmation que la LCF contrôlait la suite des choses, ce qui lui permettait de boucler des ententes avec quelques joueurs comme Walter Fletcher, Greg Ellingson et Jumal Rolle."
Éric Leblanc,une chronique sportive,2022-11-11,https://www.rds.ca/football/alouettes/du-travail-jusque-dans-le-sous-sol-de-maciocia-1.16387385,Alouettes : Noel Thorpe poursuit parfois le travail jusque dans le sous-sol de Danny Maciocia,"Les entraîneurs de football dorment pratiquement au bureau. Chez les Alouettes, le travail se poursuit parfois à la maison de Danny Maciocia puisque le coordonnateur défensif, Noel Thorpe, habite dans le sous-sol de son grand ami. Puisque Thorpe a été amené en renfort pour reprendre les commandes de l'unité défensive en plein cœur de la saison, il a choisi l'option de loger chez Maciocia, le directeur général et entraîneur-chef par intérim. En plus des heures investies dans les quartiers généraux des opérations football au Stade olympique, Maciocia et Thorpe ont pu poursuivre les discussions à la maison afin de faciliter l'implantation d'un nouveau système défensif. Thorpe était un peu étonné que Maciocia ait fait cette confidence lors d'une entrevue à BPM Sports, mais il a pris le tout en souriant. « La grande majorité de la préparation se fait dans les bureaux du Stade olympique. De toute manière, quand on quitte le bureau, il est plutôt tard, c'est le temps d'aller se reposer un peu », a-t-il commenté au RDS.ca. C'était particulièrement vrai en saison régulière, mais quand le parcours éliminatoire démarre, on présume que Maciocia et Thorpe peinent à trouver d'autres sujets de conversation. Dimanche dernier, dans le triomphe en demi-finale de l'Est contre Hamilton, on a senti que Thorpe avait trouvé une approche agressive idéale pour menotter les Tiger-Cats. Maciocia tenait que sa défense agisse de la sorte. Cette semaine, on se doute que les discussions seront nombreuses entre Maciocia, Thorpe et tous les autres entraîneurs puisque les Argonauts représentent un tout autre défi. « C'est une équipe complètement différente. Le système offensif n'est pas du tout le même. Le front défensif mise surtout sur une pression à quatre, ils ont moins tendance à envoyer de la pression de l'extérieur. Il faut s'ajuster et bâtir un plan en conséquence », a convenu Maciocia. Quant à l'agressivité déployée contre Hamilton, il sera intéressant de voir si les Oiseaux seront moins audacieux. La menace aérienne des Argos comporte plusieurs receveurs tandis que Hamilon misait avant tout sur Tim White. « La clé, c'est qu'on ne peut pas les laisser seul pendant plusieurs secondes. On a une idée de combien de temps on dispose pour se rendre au quart-arrière », a noté Maciocia alors que les Oiseaux désirent à tout prix connaître un autre fort match pour la pression sur le quart adverse. « C'est très important qu'on trouve d'autres façons de ce qu'on a montré la semaine dernière », a-t-il cerné. Du côté défensif, les Argonauts excellent au chapitre des interceptions et le quart-arrière Trevor Harris n'a pas besoin qu'on lui explique que le danger sera bien présent."
Éric Leblanc,une chronique sportive,2022-12-20,https://www.rds.ca/football/alouettes/maas-une-branche-intense-de-l-arbre-de-trestman-1.16486803,"Alouettes/LCF : Jason Maas, une branche intense de l'arbre de Marc Trestman","Jason Maas provient de « l'arbre d'entraîneurs » de Marc Trestman, mais le nouvel entraîneur des Alouettes de Montréal est mille fois plus intense sur les lignes de côté. Si vous n'avez jamais vu ses « éruptions » de caractère comme il les décrit, cette vidéo vaut mille mots. Par contre, depuis ces épisodes comme entraîneur-chef à Edmonton, Maas a été relégué à un rôle de coordonnateur offensif avec les Roughriders de la Saskatchewan au cours des trois dernières années. « On a discuté de mes sautes d'humeur pendant l'entrevue. Je ne sais pas si le sujet a été abordé avec les autres, mais c'était à l'agenda pour moi », a répondu Maas en abordant la question avec le sourire. « Je vais toujours demeurer fidèle à ma personnalité. Je suis intense et vous allez voir mes émotions. Mais je peux vous assurer que j'ai pensé longuement à mes réactions. Des joueurs vont me comprendre, mais d'autres vont douter. Je veux être un bon exemple pour toute l'équipe. J'ai eu trois ans pour grandir et apprendre. Quand j'aurai une éruption, je vais réagir autrement. Je ne peux pas promettre que ça n'arrivera plus jamais, mais vous allez me voir autrement », a enchaîné celui qui a appris ce métier sous Scott Milanovich, l'un des dauphins de Trestman. Sans perdre une seconde, le directeur général Danny Maciocia a sauté sur l'occasion pour ajouter cette précision. « On a une entente dans son contrat qu'il paiera pour tout ce qu'il cassera », a rigolé Maciocia alors que Maas n'a pas été tendre avec ses écouteurs. Mais c'est loin de résumer le profil de l'Américain qui est originaire du Wisconsin. Il a hérité des commandes des Alouettes pour deux raisons particulières : ses attributs de meneur et ses connaissances pour diriger une attaque. « Le fait qu'il ait déjà été entraîneur-chef, c'est un atout. Durant trois de ses quatre saisons à Edmonton, il s'est rendu en finale d'association. On a un historique ensemble aussi. C'était un joueur, mais un coach sur le terrain. Je lui disais souvent que c'était une question de temps avant qu'il œuvre comme entraîneur », a relaté Maciocia. Le dirigeant des Alouettes dit qu'il a validé son opinion auprès de plusieurs joueurs et entraîneurs qui l'ont côtoyé. « J'ai passé une heure au téléphone avec Ricky Ray. Il voulait me faire comprendre ce qu'il pensait de lui. Mike Reilly, que je n'ai jamais dirigé, m'a dit que ses trois meilleures années avaient été celles avec Jason », a soutenu Maciocia qui le voit comme le candidat idéal. « Jason est authentique, il n'y a rien de faux avec lui. On vit dans une société particulière. Même avec des professionnels, on a parfois tendance à leur dire ce qu'ils veulent entendre et non donner l'heure juste. Ce n'est pas le cas avec lui et les joueurs aiment sa sincérité."
Éric Leblanc,une chronique sportive,2022-11-29,https://www.rds.ca/hockey/canadiens/l-attaque-massive-du-ch-anemique-1.16448364,Canadiens : la série de deux victoires prend fin avec une défaite de 4 à 0 face aux Sharks,"Dire que les Canadiens ont raté ses occasions contre les Sharks de San Jose serait tout un euphémisme. En finissant la soirée 0 en 6 en avantage numérique, c'était difficile d'éviter un revers. Les Sharks ont profité de ce contexte pour quitter le Centre Bell avec un gain de 4-0. Voici nos observations de cet affrontement particulier. Bousiller un moment crucial Tirant de l'arrière 1-0 après 40 minutes d'action, le Canadien avait la chance d'entamer le dernier tiers à cinq contre trois pendant 55 secondes. On présume que le deuxième entracte avait servi de laboratoire pour identifier des stratégies afin de percer la muraille des Sharks en infériorité numérique. Rien à faire, le CH n'a pas résolu l'énigme si bien qu'il a été blanchi au pointage final. Ce n'était que la deuxième fois de la campagne que Montréal ne parvenait pas à marquer. « On avait un plan, mais on ne l'a pas vraiment exécuté, on a paru désorganisé », a reconnu le pilote Martin St-Louis. « Le jeu de puissance nous a laissés tomber... On doit être en mesure de marquer quand on obtient six chances dont une à cinq contre trois. Il faudra retourner à la table à dessins et voir ce qui s'est passé », a réagi Nick Suzuki. « On a eu une petite réunion (au deuxième entracte), on a discuté du plan. On a essayé de forcer un tir quand on manquait de temps. Il aurait fallu exécuter notre tentative plus tôt. On a parlé d'autres points précis, mais on s'en est un peu éloignés pour des raisons que j'ignore. Il faudra en parler avec les gars », a précisé Suzuki. Pire encore, les Sharks ont surfé sur cet élan en allant enfoncer deux autres buts dans la cage de Jake Allen en l'espace de 75 secondes (Tomas Hertl et Logan Couture). Au lieu de niveler le pointage, le Tricolore s'est retrouvé en déficit de 3 à 0 après quatre minutes de jeu en troisième période et les spectateurs ne croyaient plus trop à la remontée. Une soirée étrange pour Allen Allen espérait que cette partie l'aide à le sortir de son creux. Son objectif en a pris un coup dès la 93e seconde alors que les Sharks ont enfilé l'aiguille sans tarder. Matt Nieto a poussé la rondelle derrière Allen sur le retour d'un tourniquet bien exécuté par Alexander Barabanov. Allen aurait besoin de l'aide de Joel Edmundson qui n'a pas surveillé Nieto adéquatement. « Ce n'est jamais facile pour une équipe, mais ce n'était pas de sa faute. C'est un pro, il sait comment il peut jouer », a indiqué Matheson. Allen a su se reprendre pendant les menaces des Sharks en avantage numérique qui ont pris les devants 7-0 pour les lancers en première période. De manière étonnante, les Sharks ont disparu de la carte par la suite. Le Canadien a décoché huit tirs d'affilée tandis que San Jose n'a pas testé Allen pendant un interminable segment de 19 minutes et 19 secondes. Les statistiques démontrent désormais qu'Allen a alloué au moins trois buts lors de huit de ses neuf derniers départs."
Éric Leblanc,une chronique sportive,2022-09-07,https://www.rds.ca/hockey/canadiens/price-sur-la-liste-des-blesses-a-long-terme-1.16104753,Canadiens : le nom de Carey Price inscrit sur la liste des blessés à long terme,"Le Canadien a pu officialiser la nouvelle entente de Kirby Dach puisque le nom de Carey Price a été inscrit sur la liste des blessés à long terme de la saison morte. Le directeur général a donc enclenché le jeu de dominos qui était anticipé. C'était une évidence que le nom de Price serait placé sur cette liste. La grande question était de déterminer le moment pour y procéder. Dans un monde idéal, Hughes aurait attendu pendant la saison régulière. Mais il a jugé que ça devenait préférable de ne plus attendre afin de favoriser l'acclimatation de Dach. « On est arrivés à un point qu'on devait conclure l'entente de Kirby. L'amener ici devait plus important pour qu'il soit avec le groupe que de se présenter au camp d'entraînement et composer avec les distractions de ne pas avoir de contrat en poche », a expliqué le directeur général du Tricolore. « Si on avait effectué une autre transaction, on aurait évité d'inscrire Price sur cette liste durant la saison morte. Ce qui nous aurait donné plus de flexibilité pendant la saison régulière », a ajouté Hughes. Il faut savoir que les équipes de la LNH peuvent dépasser le plafond salarial de 10% pendant la saison morte. Mais, en confirmant le contrat de Dach, le club montréalais ne respectait plus cette clause. Le geste relié à Price devait donc être devancé. Fidèle à son habitude depuis son entrée en poste, Hughes a penché vers la transparence en parlant du dossier de Dach qui a traîné en raison de cet enjeu économique. « C'était un peu différent dans le sens que les négociations n'ont pas été si longues. Quand on a su à quoi le contrat pouvait ressembler, on a pris une pause pour voir si on pouvait compléter des échanges ou procéder à un autre geste », a noté Hughes en confirmant que l'attente était reliée au cas de Price.  Au niveau médical, Hughes est revenu au Québec mardi et il n'a pas rencontré les médecins de l'équipe."
Éric Leblanc,une chronique sportive,2022-10-20,https://www.rds.ca/hockey/canadiens/confiance-rafraichissante-avec-une-pointe-d-arrogance-1.16335817,"Canadiens : une dose de confiance rafraîchissante, à la limite de l'arrogance (Éric Leblanc)","Au fil de la saison, certains matchs seront plus pénibles, mais le plaisir vécu par les jeunes du Canadien expose un potentiel prometteur. Ce n'est pas un secret pour personne, le succès de la reconstruction passera par la réussite des meilleurs espoirs de l'organisation. Depuis quelques années, une panoplie de jeunes athlètes ont démontré qu'ils pouvaient exceller dans la LNH. Pour exposer un tel rendement, la confiance est essentielle et elle s'acquiert notamment par les bonnes sensations sur la glace. Jeudi soir, il ne suffisait que de voir les immenses sourires de Juraj Slafkovsky et Arber Xhekaj pour comprendre que ce match aura une influence positive sur leur développement. Tandis que Kaiden Guhle a déjà pris son envol, Slafkovsky, Xhekaj et Jordan Harris veulent en faire autant. On peut aussi se souvenir de Cole Caufield qui a retrouvé son visage illuminé en recommençant à compter la saison dernière. À l'occasion, le plaisir frôlera l'arrogance, mais ce n'est rien de négatif selon Martin St-Louis. « Je suis content qu'ils s'amusent et qu'ils aient confiance sur la glace. La LNH, c'est une ligue très sérieuse, mais il faut aussi s'amuser et les gars ont eu du plaisir parce que ça reste une game qu'on joue. Les jeunes ont acquis de la confiance dans ce match, c'est important et ça va nous aider collectivement », a ciblé l'entraîneur. Le fait que Xhekaj ait joué un rôle prépondérant sur le but de Slafkovsky n'a fait qu'ajouter à la soirée plaisante pour les deux comparses. Sa mise en échec pour le moins audacieuse, loin en zone offensive, a été payante. « Il a compté en plus, on s'est excités un peu. On criait après l'autre gars (Josh Brown) un peu. C'était un beau moment, a réagi Xhekaj. Juraj m'a dit dans le vestiaire que c'était le fun de jouer quand je suis sur la patinoire. » « J'aime quand nos défenseurs ‘pinchent', mais je trouvais que c'était un peu loin pour le faire. Sauf qu'il avait une idée dans en tête et il a surpris leur défenseur. Parfois comme entraîneur, il faut juste tourner la tête (pour ne pas regarder) », a rigolé St-Louis. Le but de Slafkovsky a déclenché un tonnerre d'applaudissements au Centre Bell et c'était difficile de rester indifférent. « Je me suis tourné vers Harris et je lui disais à quel point c'était cool. Ça démontre que nos fans sont merveilleux », a mentionné Xhekaj. « Rien de plus beau n'aurait pu arriver après mon but. Brendan m'a dit de me lever et de saluer la foule, mais Oh mon Dieu », a indiqué Slafkovsky qui est devenu le quatrième plus jeune joueur de l'histoire du Canadien à marquer après Mario Tremblay, Jesperi Kotkaniemi et Claude Lemieux."
Éric Leblanc,une chronique sportive,2023-01-22,https://www.rds.ca/hockey/canadiens/sans-caufield-le-collectif-fait-avancer-le-train-1.16534693,"CH : Sans Cole Caufield, le collectif fait avancer le train","Le Canadien était déjà privé d'une panoplie de joueurs, mais la perte de Cole Caufield aurait pu faire dérailler les choses. Martin St-Louis a justement employé l'analogie du train pour rallier ses joueurs à la cause collective tandis qu'Alex Belzile avait prédit le but victorieux de Rem Pitlick. L'auteur de ces lignes ne vous inonde pas de jeux de mots, mais comment éviter l'allusion au fait que le but gagnant a été marqué par celui qui est prénommé Rem. Alors qu'on attend toujours le déclenchement du REM dans la région montréalaise, Pitlick a trouvé un moment opportun pour marquer ce but important. « Belzile est génial, j'avais hâte de le voir. C'est super de savoir qu'il a confiance en moi, on a bâti une belle chimie ensemble à Laval », a réagi Pitlick en apprenant l'heureuse prédiction de Belzile. « Je parle beaucoup aux joueurs qu'on essaie de bâtir un train. Des gars vont monter et descendre du train, mais ceux qui demeurent dans le train doivent en prendre soin. Voilà ce qu'on a fait dans ce match », a cerné l'entraîneur. « Quand je fais le tour de la formation, je ne peux pas en trouver un qui n'a pas tout donné. Ce résultat est un gros pas dans la bonne direction », a-t-il ajouté avec reconnaissance. L'implication collective était la seule manière de sauver les choses. « C'est la façon dont on doit voir la situation. Si tout le monde répond à l'appel, de belles choses vont arriver. Tous les joueurs ont contribué, c'est encourageant, ça ne fait aucun doute », a témoigné Josh Anderson. Car, même si les athlètes affichent une grande confiance en leurs moyens, ils savaient bien que les Leafs étaient favoris pour ce duel. Mais le travail a eu le dessus sur le talent dans ce match. « On n'est pas niaiseux non plus, on connaissait les formations en place. Mais ça se joue sur la glace, c'est trop une bonne ligue pour jouer seulement avec le talent », a reconnu Alex Belzile avec franchise. « Ça fait du bien au moral un beau samedi soir comme ça contre les Leafs. Il y avait une méchante belle ambiance », a-t-il enchaîné. L'absence de Caufield fera mal pour le reste de la saison, mais le caractère doit tenir le fort. « J'ai vraiment aimé la réponse des gars, on a eu beaucoup de mauvaises nouvelles récemment. On s'est retroussés les manches, on avait bien vu que ça ne s'était pas passé à notre goût en première période », a mentionné Samuel Montembeault qui épate ces temps-ci. Certes, le défi sera de reproduire un effort aussi inspiré pendant la deuxième moitié du calendrier. De toute évidence, il faudra que des joueurs comme Anderson et Kirby Dach continuent de faire avancer les wagons."
Éric Leblanc,une chronique sportive,2022-12-08,https://www.rds.ca/hockey/rocket/on-ne-plaisante-plus-chez-le-rocket-1.16468331,LAH : On ne plaisante plus chez le Rocket (Chronique d'Éric Leblanc),"Sept victoires en 23 matchs, 94 buts concédés, six matchs avec six buts alloués ou plus. On pouvait comprendre l'entraîneur Jean-François Houle d'afficher moins de patience lors du retour à l'entraînement de son équipe au retour d'un voyage de cinq parties. Sans assister à la majorité des pratiques du Rocket de Laval, c'était facile de comprendre que Houle n'entendait pas à rire, mercredi matin, à la Place Bell. Chaque exercice avait été préparé pour travailler les confrontations pour la rondelle et l'intensité devait être au rendez-vous. Et si le message n'était pas encore clair, il est devenu limpide quand Houle a lancé un retentissant « Take the f…ing hit » au défenseur Nicolas Beaudin. « Notre travail est de les faire progresser jusqu'à la LNH. Si on ne corrige pas leurs lacunes, ils ne vont pas s'améliorer. Comme je l'ai dit à (William) Trudeau, je vais être dur avec lui parce que tu ne peux pas te faire battre à un contre un à ce niveau. Je vais faire la même chose avec Beaudin et je l'ai été pendant cette pratique. Ça fait partie de mon travail », a justifié Houle. La touche finale a été le fameux exercice des lignes pour insister que l'effort doit grimper de quelques crans à partir de maintenant. « C'est important de ne pas accepter de perdre », a tranché Houle pour expliquer l'ambiance de cette séance. « Il faut qu'on joue avec plus d'ardeur en défense et c'est pour ça qu'on a levé le ton, aujourd'hui. Pour que les gars sachent qu'on ne plaisante plus (We mean business) », a-t-il ajouté. L'approche était loin de déplaire au capitaine Alex Belzile après les défaites de 7-5 et 6-3 ce week-end. « Avec nos performances dernièrement, ce n'était pas hors-contexte d'avoir un entraînement comme celui-ci. Parfois, ça remet les pendules à l'heure. Quand tu ne gagnes pas des matchs soir après soir, il y a des conséquences et c'est correct », a réagi Belzile qui a renoué avec l'action, samedi, à Abbotsford. « Le message, c'est qu'on doit pratiquer comme on veut jouer. C'est une ligue trop difficile pour se contenter d'un effort partiel ou d'un effort un soir sur deux. La constance est notre problème depuis le début de la saison et ça se règle d'abord dans les pratiques. Moi, j'embarque là-dedans, je suis tout à fait d'accord », a-t-il enchaîné. L'attaquant Peter Abbandonato a également donné son aval. « On veut tous gagner, on est ici pour ça. Donc c'est sûr qu'avec seulement sept victoires, JF et les autres entraîneurs veulent qu'on joue de manière plus intense », a noté celui qui a enfilé sept buts et huit aides et 17 rencontres. Aux joueurs d'assumer leurs responsabilités Quand une équipe peine à s'extirper des mêmes mauvaises tendances après une vingtaine de matchs, c'est rare que l'entraîneur ne soit pas visé par des critiques."
Éric Leblanc,une chronique sportive,2022-12-09,https://www.rds.ca/hockey/rocket/abbandonato-surpasse-les-attentes-1.16469410,LAH : Peter Abbandonato surpasse les attentes avec le Rocket de Laval,"En l'espace de quelques mois, Peter Abbandonato est passé des Lions de Trois-Rivières, à un rôle de réserviste avec le Rocket de Laval pour ensuite devenir l'un des meilleurs attaquants du club-école du Canadien. En toute franchise, les dirigeants du Rocket n'avaient pas prévu que le joueur de 24 ans pourrait exceller dans le top-6 où il a été souvent utilisé dans les dernières semaines. « Non, tu ne prévois jamais ça. Tu fais des trios dans ta tête et, parfois, certains joueurs surpassent le plan. Comme lui et (Xavier) Simoneau. Ils méritent leur temps de jeu », a vanté l'entraîneur-chef Jean-François Houle. Ainsi, Abbandonato, qui a regardé les quatre premiers matchs des gradins, occupe le quatrième rang des pointeurs du Rocket derrière Anthony Richard, Jesse Ylönen et Simoneau. Avec 15 points (sept buts et huit aides) en 17 parties, il n'est devancé que par Richard pour la moyenne de points par partie. « On a un slogan au-dessus de notre porte qui dit ‘Saisis ton opportunité' et il l'a fait. Quand on lui a ouvert la porte, elle ne s'est pas refermée. Il est excellent offensivement et il produit. Qu'il soit sur le premier ou le quatrième trio, les jeux arrivent avec lui. Je suis très content pour Peter, il dépasse d'autres joueurs », a indiqué Houle. Quand ton équipe en arrache depuis le début de la saison, ce n'est pas facile de parler de tes succès personnels. Abbandonato a abordé le sujet à l'image de l'évolution de sa carrière : sans viser la flamboyance. « J'ai eu ma chance d'intégrer la formation et ça va bien depuis ce moment. Je touche du bois, a-t-il commenté en feignant de se cogner la tête. Mais je veux gagner des matchs avec mon équipe et retrouver l'atmosphère de l'an passé en séries. C'était assez fou et vraiment plaisant. » Son coéquipier, ami et mentor à ses heures, Alex Belzile, s'est assuré de le louanger comme il le mérite. « C'est un gars extrêmement efficace qui peut jouer à l'aile et au centre. Il est bon offensivement et défensivement. Il a un peu toujours eu ce genre de parcours. Même au niveau junior, il a fait son petit bout de chemin sans déplacer beaucoup d'air. Mais il progresse chaque année et il a vraiment sorti de sa coquille à 20 ans », a rappelé Belzile alors qu'Abbandonato avait amassé 111 points (36 de plus que l'année précédente) avec les Huskies de Rouyn-Noranda. « Je lui parle beaucoup et j'apprécie vraiment comment il joue. Il a une excellente tête de hockey », a enchaîné le capitaine qui a également eu à passer par l'ECHL avant de s'implanter dans la Ligue américaine. Sans être le plus costaud (cinq pieds dix pouces et 194 livres), ni le plus rapide ou celui qui possède le meilleur tir, Abbandonato excelle à plusieurs chapitres. De notre perception, on le voit comme un maître pour jauger l'espace et le temps avec ses adversaires afin de trouver les ouvertures à exploiter. Ce n'est pas pour rien qu'il se démarque sur le jeu de puissance."
Éric Leblanc,une chronique sportive,2022-12-21,https://www.rds.ca/football/alouettes/andre-bolduc-croyait-meriter-cette-chance-1.16487712,LCF : André Bolduc croyait mériter sa chance de diriger les Alouettes de Montréal,"Samedi dernier, André Bolduc était réuni à Stoneham avec toute sa famille élargie pour fêter Noël, en avance, en raison d'un voyage à venir. C'est dans ce contexte particulier qu'il a appris qu'on lui avait préféré Jason Maas pour diriger les Alouettes de Montréal. « Les gens ont vu ma déception et c'était un peu délicat. Ça ressemblait à ‘Je n'ai pas eu le poste, mais on passe une belle journée quand même...' », a raconté Bolduc, au RDS.ca, avec sa franchise toujours appréciée. « Ce n'est pas de l'amertume, mais de la déception, comme Québécois, de ne pas avoir eu la chance d'obtenir ce poste. J'ai vu tellement d'autres gars qui l'ont eu sur un plateau d'argent et qui se sont plantés », a exposé l'homme de football qui était persuadé d'être à la hauteur de ce mandat. Il se sentait prêt notamment parce que, durant ses neuf années au sein du personnel des Alouettes, il a traversé les tempêtes et enduré les décisions étranges auprès de sept entraîneurs-chefs. Après avoir participé au processus pour hériter du titre, il ne pouvait pas s'imaginer rester auprès d'un huitième patron immédiat. « Je dirais que 80% de la population aurait fait la même chose. Je ne pouvais pas m'asseoir dans mon petit bureau et continuer à faire le même travail. En attendant quoi? », a exposé Bolduc qui s'est rapidement fait embaucher par les Roughriders de la Saskatchewan en tant que coordonnateur de l'attaque au sol. « Ce défi va me faire du bien aussi », a ajouté l'entraîneur de 51 ans qui n'avait rien de négatif à dire au sujet de Maas. Avec sa connaissance du milieu, Bolduc ne pouvait que déduire la suite lorsque le processus d'embauche s'est étiré chez les Alouettes. « Pendant la deuxième semaine, je commençais à sentir que ce ne serait pas moi. J'avais espoir, mais moins que les gens autour de moi », a-t-il avoué. « Jason a été entraîneur-chef pendant quatre saisons, c'est certain que je n'ai pas ça. Mais où commences-tu sinon? Avec neuf ans dont trois saisons comme adjoint à l'entraîneur-chef, l'expérience est là. Rien ne m'aurait surpris dans ce travail autant dans la saison morte que la saison. Va falloir que quelqu'un me donne la chance un jour d'acquérir cette expérience », a analysé Bolduc. Si ça ne s'est pas produit à Montréal, son expertise est reconnue ailleurs alors que son nouveau départ s'est pointé le nez à une vitesse fulgurante. Des contacts ont eu lieu avec Khari Jones à Ottawa et avec son autre ami Ryan Dinwiddie, à Toronto. « Mais je me suis fait approcher par une autre organisation pour d'autres raisons. Kelly Jeffrey (le coordonnateur offensif) et Craig Dickenson (l'entraîneur-chef), ils aiment le travail que je fais. Dickenson a même analysé comment je me comporte sur les lignes de côté, ils connaissaient beaucoup de choses de moi."
Éric Leblanc,une chronique sportive,2022-11-13,https://www.rds.ca/football/alouettes/une-defense-malmenee-contre-une-attaque-preparee-1.16391398,LCF : La défense des Alouettes a été dominée par les Argonauts,"« Défensivement, on n'a pas fait notre part. On la prend sur nous, ce n'est pas ce genre de match qu'on voulait jouer. C'est décevant de finir ainsi. » Marc-Antoine Dequoy a habitué les partisans à donner l'heure juste et il ne s'est pas défilé, en entrevue avec le collègue Didier Orméjuste, après l'élimination des Alouettes de Montréal en finale de l'Est. Sans avoir à décortiquer la partie, ça saute aux yeux que la défense montréalaise a été exploitée par les Argonauts de Toronto. Le quart-arrière McLeod Bethel-Thompson a frôlé les 300 verges aériennes et il a visé sept cibles différentes, ce qui a embêté les Oiseaux. Même les porteurs de ballon Andrew Harris et A.J. Ouellette ont capté des passes qui sont devenues très payantes. « On a mal joué ces jeux, ça explique notre frustration sur les lignes de côté. On doit mieux faire dans ce contexte », a déclaré Danny Maciocia à propos de ces séquences. Quant à l'erreur majeure commise sur le touché de DaVaris Daniels, oublié fin seul sur les lignes de côté sur un deuxième essai et une verge, Maciocia a précisé quelques détails. « On a été piégés sur un changement de joueurs en défense. Wes (Sutton) s'était blessé le jeu précédent et il n'avait pas été remplacé pendant le changement », a indiqué Maciocia alors que le coordonnateur défensif Noel Thorpe - qui est souvent pressenti pour remplacer Maciocia comme entraîneur-chef - avait délégué une combinaison différente de joueurs pour stopper ce qui devait être une faufilade du quart. Une fois que la déception s'estompera, les Alouettes devront se claquer le visionnement de ce match. Particulièrement du côté défensif, quelques images vont faire sourciller. « On va regarder la vidéo quand on sera prêts à le faire, ça va faire mal pendant un petit bout donc ça va prendre du temps pour le faire », a admis le joueur de ligne offensive, Kristian Matte. D'autant plus que l'accès au match de la Coupe Grey était à la portée des Alouettes avec une meilleure prestation défensive."
Éric Leblanc,une chronique sportive,2022-09-24,https://www.rds.ca/football/alouettes/j-aime-beaucoup-cette-equipe-1.16299216,LCF : La relance des Alouettes rendue possible par quelques changements,"Durant la première moitié du calendrier, les joueurs et les dirigeants des Alouettes ont répété ad nauseam qu'ils constituaient une meilleure équipe que leur fiche le démontrait. Lentement, mais sûrement, l'organisation montréalaise semble en voie de le prouver. Après avoir affiché un dossier de 2-6, les Oiseaux se rapprochent de l'altitude espérée avec un dossier de 6-7 grâce à quatre gains en cinq sorties. « J'aime cette équipe, je l'aime beaucoup et je l'ai toujours aimée. Nos joueurs ne l'ont pas eu facile. On avait un plan A en début d'année, mais il a fallu trouver un autre chemin, sauf que la destination demeure la même. Les gars déploient l'effort maximal, ils adhèrent à ce qu'on propose », a souligné Danny Maciocia, le DG et entraîneur-chef. Cette relance a nécessité des changements, surtout en défense, alors que des joueurs comme Micah Awe, Raheem Wilson, Nafees Lyon, Mustafa Johnson, Thomas Costigan et Jamal Davis jouent désormais comme partants. La semaine prochaine, à Edmonton, Montréal pourrait arriver à une moyenne de ,500 avec une victoire. Maciocia a utilisé son bon sens de la répartie à ce propos. « Je ne serais pas surpris qu'on présente une fiche de ,500. J'étais plutôt surpris qu'on ait un dossier de 2-6. J'ai toujours dit qu'on formait une bonne équipe. Ce n'est pas tout le monde qui me croyait, mais c'est correct. Bien des gens ont sans doute écarté notre équipe du portrait. Mais on a de bons joueurs et de bons entraîneurs. Je ne fais qu'apprécier le moment », a-t-il commenté. Du côté offensif, le succès ne pouvait que passer par des performances solides du quart-arrière Trevor Harris. Sans avoir excellé, commettant quelques passes erratiques, Harris a terminé son match avec 74,3% de passes complétées pour 244 verges et deux touchés. « C'est uniquement une question de terminer les matchs de la bonne manière. On doit posséder cette confiance. Notre équipe n'est pas encore un produit fini, j'ai moi-même manqué des jeux. On sait que les petits détails peuvent revenir nous hanter », a répondu Harris à savoir si ce club ressemble plus au portrait envisagé."
Éric Leblanc,une chronique sportive,2022-09-21,https://www.rds.ca/football/alouettes/un-1er-depart-qui-correspond-bien-a-lestage-1.16253562,"LCF : Le 1er départ de Pier-Olivier Lestage, des Alouettes, tombe bien contre Hamilton","L'entrée en scène, comme partant, de Pier-Olivier Lestage devrait se produire, vendredi, face aux Tiger-Cats de Hamilton, une confrontation robuste qui le fait saliver. Ennuyé par des maux de dos, Phillippe Gagnon, le garde à gauche, a de nouveau raté l'entraînement des Alouettes de Montréal, mardi. Lestage a donc patrouillé ce poste et il devrait le conserver pour le match. « Malheureusement, Philippe n'est pas là et j'espère qu'il pourra s'entraîner mercredi. C'est sûr que, s'il ne pratique pas, ce sera difficile de l'habiller. Mais on a de la profondeur avec P-O qui peut jouer, je suis convaincu qu'il peut être à la hauteur », a indiqué Danny Maciocia. Le patron des opérations football a constaté l'adaptation de Lestage au fil des dernières semaines. « Là oui, je le sens prêt. Il est très à l'aise avec le cahier de jeux et à différentes positions. Quand je le regarde aller, je revois une confiance que je connais de lui », a cerné Maciocia en parlant des années de Lestage sous ses ordres avec les Carabins de l'Université de Montréal. « Je suis prêt, ça fait quelques semaines que j'attends ça. Au départ, j'ai eu des répétitions comme centre-arrière et ailier rapproché. Contre les Lions, j'ai eu du temps de jeu sur la ligne donc je le vois comme la suite des choses, j'ai vraiment hâte », a déclaré Lestage. Le son de cloche de Luc Brodeur-Jourdain, l'entraîneur de la ligne offensive, est rassurant. « Son évolution est très bonne, tu vois qu'il a bien compris son football au fil des ans. Bien sûr, il ne connaît pas en détails les joueurs de la LCF. Mais, même si c'est un joueur recrue dans la LCF, je vois quelque chose digne d'un vétéran en lui », a ciblé Brodeur-Jourdain. « Évidemment, il fera des erreurs à gauche et à droite. Mais ça arrive aussi à des vétérans de 14-15 saisons », a-t-il ajouté."
Éric Leblanc,une chronique sportive,2022-08-10,https://www.rds.ca/hockey/lnh/a-la-defense-de-l-imputabilite-des-knights-1.15985269,LNH : Jonathan Marchessault et compagnie défendent l'imputabilité des Golden Knights,"Les récents commentaires de Max Pacioretty, déplorant le manque d'imputabilité chez les Golden Knights, ont fait des vagues jusque dans le désert de Las Vegas.  Dans le cadre de la balado Raw Knuckles, de Chris Nilan et Tim Stapleton, l'ancien capitaine du Canadien a constaté qu'il y avait une énorme différence entre la pression du marché montréalais et la réalité de l'organisation du Nevada. « Quand je suis arrivé à Vegas pour la première fois, c'était bizarre qu'il n'y ait, comme, aucune imputabilité, a déclaré Pacioretty. Vous ne pouviez pas sentir la pression venant de quelqu'un d'autre que ce soit de l'entraîneur ou de la direction. » Mardi soir, les propos du numéro 67 ont eu des échos jusqu'à Québec alors que plusieurs joueurs des Golden Knights participaient au Pro-Am Gagné-Bergeron grâce à l'implication de Jonathan Marchessault. Jusqu'à une certaine limite, ce dernier n'hésite pas à dire le fond de sa pensée et il a réagi aux propos de Pacioretty.  « Je n'ai pas besoin que mon directeur général et mon entraîneur me disent qu'on veut faire les séries cette années, je le sais. Si chaque joueur se regarde dans le miroir et se dit qu'il veut faire le travail pour avoir du succès et aider son équipe à gagner chaque soir, normalement le club se débrouille bien. Je le vois ainsi », a cerné Marchessault. Ainsi, a-t-il été fâché ou déçu quand il a eu vent de cette déclaration? « Je connais Max et il ne voulait pas nous dénigrer ou dire rien contre les joueurs ou l'organisation. Quand je lui ai parlé, je lui ai fait comprendre que je comprenais comment ça marche parfois dans les entrevues, que des choses sortent hors du contexte, et je ne lui en veux pas, c'est encore un de mes bons amis », a-t-il répondu. Jack Eichel a été l'un des coéquipiers à accepter l'invitation de Marchessault. S'il a également plaidé pour des propos « mal perçus », il a reconnu que l'équipe peut progresser à ce chapitre. « Je ne crois pas qu'il voulait vraiment dire ça. Parfois, quand tu joues dans un climat comme Vegas, tu peux perdre de vue où tu es rendu dans la saison. Ce n'est pas comme quand il neige. Mais l'imputabilité est la chose la plus importante dans un vestiaire et on doit s'assurer que chacun soit imputable. Dans chaque vestiaire, à moins d'avoir soulevé la coupe Stanley, il y a des choses à améliorer », a noté Eichel qui a enfin recouvré la santé sans pouvoir se déclarer à 100%. En devenant l'une des pièces maîtresses des Knights, Eichel doit tirer ses partenaires dans la bonne direction et il mise sur l'humilité.  « Il faut accepter les critiques, c'est comme ça que les bonnes équipes deviennent excellentes », a admis Eichel en parlant du collectif. Le silence de Fleury Sans trop le vouloir, le gardien Marc-André a peut-être donné la meilleure réponse grâce à deux silences évocateurs quand il a été questionné sur le sujet. « Je n'étais pas avec eux la saison dernière."
Éric Leblanc,une chronique sportive,2022-10-26,https://www.rds.ca/hockey/canadiens/beaudin-a-les-atouts-pour-jouer-a-droite-1.16349234,LNH : Nicolas Beaudin détient les atouts pour jouer à droite avec le Canadien,"La saison dernière, Nicolas Beaudin n'a eu droit qu'à deux petites parties dans la LNH. Lorsqu'il a dû se contenter de 71 secondes d'action pendant la deuxième rencontre, il était devenu plus qu'évident qu'une transaction s'imposait. Le changement de l'état-major chez les Blackhawks de Chicago a rapidement fait dégringoler le choix de première ronde (27e au total) de 2018 dans la hiérarchie de l'équipe. Pas étonnant que le clan de Beaudin (cinq pieds onze pouces et 188 livres) accueille ce nouveau départ positivement. « Oui, Nicolas avait besoin d'un changement d'air comme on dit dans le monde du hockey. [...] Puisque le Canadien est un peu en reconstruction, ça lui donne une chance de se faire valoir », a admis André Ruel, son agent et bras droit de Pat Brisson au Québec. Étant gaucher, sa nouvelle destination a surpris plusieurs partisans du Canadien. Par contre, il y a fort à parier que Beaudin pourra démontrer ses atouts en jouant à droite. « Il est plus à l'aise de ce côté. Selon moi, dans la LNH, il aimera mieux jouer à droite qu'à gauche. Je crois que ça va lui permettre de devenir un défenseur régulier dans la LNH. Je trouve que c'est une avenue à exploiter pour le Canadien. », a confié Ruel. « Son bâton devient plus efficace, sa portée est plus grande vers la bande et ça l'aide beaucoup. Il peut jouer à droite parce que sa compréhension du jeu est élevée et il est habile avec la rondelle », a enchaîné l'agent. À Chicago, il ne cadrait tout simplement plus dans l'approche de la direction. « Leur nouvelle philosophie consiste à miser sur des défenseurs imposants. Ils ont même acquis (Jarred) Tinordi qui a appartenu à je ne sais plus combien d'équipes. Bref, tu voyais que le style de défenseur comme Nicolas était moins prisé. Il tombait un peu dans le vide, il y avait plus ou moins de chaises pour lui par rapport à sa façon de jouer », a ajouté Ruel. Quand une équipe en reconstruction comme les Hawks préfère miser sur Tinordi et un vétéran comme Jack Johnson, ça ne s'accepte pas facilement pour un jeune de 23 ans. Beaudin se voyait pourtant devenir un rouage intéressant pour les Hawks cette saison. « Dès son arrivée au camp d'entraînement, il a été un peu relégué aux oubliettes en commençant comme septième ou huitième défenseur », a indiqué Ruel. Le message des Hawks tournait autour du fait que Beaudin devait, à leurs yeux, mieux utiliser son bâton pour gagner des duels, être plus compétitif devant le filet et déployer un plus grand sentiment d'urgence sur la glace."
Éric Leblanc,une chronique sportive,2022-09-29,https://www.rds.ca/hockey/senateurs/apres-la-deception-du-repechage-lavoie-veut-percer-1.16240712,LNH : Zakary Lavoie croyait être repêché et il veut se reprendre,"Pendant qu'Owen Beck fait écarquiller les yeux au camp d'entraînement du Canadien, Zakary Lavoie, son coéquipier à Mississauga, tente de prouver qu'il mérite la confiance d'une équipe de la LNH. Cet été, Lavoie a vécu une grande déception en étant ignoré lors du repêchage. Puisqu'il n'habite qu'à deux petites heures du Centre Bell, il n'était pas question qu'il manque ce rendez-vous malgré le risque qui y était associé. Le Franco-Ontarien ne s'attendait pas à être choisi dès la deuxième ronde comme Beck et Luca Del Bel Belluz, ses partenaires chez les Steelheads de Mississauga. Il croyait cependant que sa récolte de 23 buts et 21 aides, en 64 parties, avait suffisamment milité en sa faveur. Il a pu chasser une partie de son amertume en recevant une invitation au camp de développement des Sénateurs. « Les Sens n'ont pas tardé à m'appeler pour me dire ‘Oh, vous aviez raison Coach, il a de très beaux atouts », a exprimé James Richmond, son entraîneur à Mississauga. Ça devenait donc tout naturel pour les Sénateurs de lui réserver une place au tournoi des recrues à Buffalo où il a été utilisé dans deux parties. « Je suis content d'avoir cette chance, car je crois que j'aurais dû être repêché. Évidemment, je joue pour un contrat cette semaine. Je veux démontrer que je mérite ma place avec tout le monde ici, que je ne suis pas l'intrus », a cerné l'attaquant droitier de cinq pieds dix pouces et 178 livres. Toutefois, Lavoie n'a pas été en mesure de convaincre les Sens de l'inviter à leur camp d'entraînement. Avec 59 joueurs sélectionnés, les ouvertures étaient moins nombreuses qu'à Montréal où le Canadien a convoqué 74 athlètes. Ce verdict devrait inciter Lavoie à entamer, jeudi soir, sa deuxième saison dans la Ligue junior de l'Ontario avec le couteau entre les dents. La saison dernière, il était tombé dans un piège."
Éric Leblanc,une chronique sportive,2022-07-07,https://www.rds.ca/hockey/canadiens/mesar-une-autre-selection-justifiee-en-slovaquie-1.15948809,"Repêchage LNH : le Canadien choisit au 26e rang, avec son 2e choix de 1re ronde","Déjà que le Canadien avait réservé une certaine surprise à ses partisans en optant pour Juraj Slafkovsky au premier rang, la sélection de son compatriote Filip Mesar a pu étonner également. Afin d'y voir plus clair, on a échangé des messages avec quatre recruteurs, dont un Européen qui couvre la Slovaquie et la République tchèque. Mais avant d'aborder le côté sportif, on doit s'attarder au volet humain qui était beau à voir. Dès que Slafkovsky a su que le Canadien venait de repêcher l'un de ses meilleurs amis, il s'est empressé de quitter la loge où il avait été rejoindre sa famille. Les deux copains ont pu échanger une accolade et un moment inoubliable. Ils espèrent maintenant en vivre plusieurs dans l'uniforme du Tricolore. « C'est merveilleux, c'est une soirée plutôt folle pour la Slovaquie. Ça rendra mon adaptation plus facile, tout est allé pour le mieux », a exposé Mesar avec le sourire d'un rêve qui se concrétise. Slafkovsky, Mesar et Simon Nemec (le 2e choix de la soirée) ont grandi ensemble et ils peinaient à croire ce qui venait de se passer dans l'amphithéâtre montréalais. Une publication partagée par Filip Mešár (@f.mesar) Au fil de la saison, Mesar a commencé à se douter qu'une connexion se développait avec le Tricolore. « On a discuté quelques fois de manière virtuelle et au Combine (à Buffalo), on a eu une longue rencontre d'environ 30 minutes. C'est vraiment excitant pour moi », a-t-il noté. En 2021-2022, Mesar n'a pas dominé la Ligue slovaque avec une production de huit buts et huit aides en 37 parties. Il souhaite d'ailleurs jouer dans un autre circuit. « Je suis ouvert à tous les scénarios. On fera sans doute des plans (avec le Canadien) pour la saison prochaine. Mais je ne veux pas rester au même endroit. Je souhaite aller en Amérique du Nord ou essayer une autre ligue professionnelle européenne comme en Suède ou en Finlande », a-t-il précisé. S'il choisit de poursuivre sa route dans les rangs juniors canadiens, ce serait avec les Rangers de Kitchener dans la Ligue de junior de l'Ontario, puisque ceux-ci l'ont sélectionné au 9e échelon au repêchage européen de la LCH, en 2021. Quand le nom de Mesar a été prononcé par Martin Lapointe, on a confirmé ce qu'on croyait : son classement variait du 15e au 60e rang selon différentes listes. Heureusement, des recruteurs ont accepté de nous partager leur verdict. Ce n'est pas si fréquent, mais leur conclusion est unanime : Mesar était classé exactement dans les environs que le Canadien l'a choisi. « Il a connu une très bonne année dans la Ligue slovaque."
Éric Leblanc,une chronique sportive,2022-08-13,https://www.rds.ca/hockey/lnh/chabot-ne-s-attendait-pas-a-tout-ce-renfort-1.15985320,Sénateurs : Thomas Chabot ne s'attendait pas à tout ce renfort,"Même Thomas Chabot ne s'attendait pas à ce que son équipe, les Sénateurs d'Ottawa, puissent acquérir les services d'Alex DeBrincat, Claude Giroux et Cam Talbot durant la saison morte qui se termine bientôt. « Euh, pas nécessairement tous ces joueurs, je ne mentirai pas », a confié l'inépuisable défenseur des Sens. Au terme de la dernière saison, la cinquième de suite menant à une exclusion des séries pour Ottawa, Chabot et Brady Tkachuk avaient pris le temps de préciser à leur directeur général Pierre Dorion que c'était le temps de dénicher du renfort pour maximiser le talent de la jeune équipe. Un moment donné, perdre, ça suffit. Mais les deux jeunes n'auraient pas osé exiger qu'un as marqueur comme DeBrincat, un vétéran de grande qualité comme Giroux et un gardien solide comme Talbot aboutissent à Ottawa. « DeBrincat, n'importe quelle équipe rêve d'un joueur comme lui qui peut compter 40 buts. Tu ne peux pas trouver ça du jour au lendemain. C'est spécial de l'avoir avec nous. Avec les gars qu'on a déjà pour l'entourer, ça va vraiment aider notre équipe », a noté Chabot. « D'ajouter un gars comme Giroux, avec sa carrière extraordinaire, il va apporter beaucoup de talent sur la glace. Son expérience d'avoir été capitaine plusieurs années aidera grandement notre jeune groupe », a convenu Chabot qui entrevoit la stabilité désirée avec Talbot et Anton Forsberg devant le filet. À deux reprises, Chabot s'est toutefois assuré de préciser que l'équipe doit demeurer réaliste considérant la puissance de la division Atlantique. Ravir une place éliminatoire aux Panthers, au Lightning, aux Maple Leafs ou aux Bruins demeure un défi de taille. Mais, pour une rare fois, le mot excitant est associé à la prochaine campagne des Sens. « C'est le fun, on est plusieurs jeunes qui ont été repêchés dans le même coin, on a grandi ensemble et on continue à avancer. On est prêts à faire un autre pas et amener la ville d'Ottawa, les fans, derrière nous. Ils le méritent énormément. On n'a pas participé aux séries depuis que je suis là », a commenté le gaucher. Si le renfort en attaque a été plus que satisfaisant, Chabot doit continuer de se poser des questions en regardant autour de lui pour patrouiller la ligne bleue."
Éric Leblanc,une chronique sportive,2023-02-11,https://www.rds.ca/football/nfl/a-contrecoeur-st-juste-favorise-les-eagles-1.16646132,"Super Bowl : À contrecoeur, Benjamin St-Juste favorise les Eagles pour vaincre les Chiefs","Le 14 novembre, les Eagles de Philadelphie se voyaient déjà savourer une neuvième victoire en autant de matchs en croisant le fer avec les Commanders de Washington. C'était sans se douter que Benjamin St-Juste ferait dérailler leur plan avec un jeu déterminant. Avec moins de six minutes à écouler au dernier quart, St-Juste a provoqué un échappé en plaquant le receveur Quez Watkins. Ce revirement a permis aux Commanders de conserver leur avance et infliger un premier revers aux Eagles. Un mois plus tôt, le Québécois de 25 ans avait réussi un autre jeu crucial en empêchant Darnell Mooney, des Bears de Chicago, d'inscrire un touché sur un quatrième essai et une verge à franchir en fin de rencontre. Ne voilà que deux exemples démontrant la superbe progression affichée par St-Juste à sa deuxième saison dans la NFL. « J'ai fait beaucoup de progrès. Je me suis développé comme joueur sur le terrain et à l'extérieur. S'implanter dans la NFL, c'est un processus, il y a beaucoup de choses à apprendre et je pense que j'ai fait un bon saut à ma deuxième année. C'est très prometteur pour la prochaine », a évalué l'athlète de six pieds trois pouces et 200 livres. St-Juste ne se trompe pas avec ce verdict et les Commanders l'ont prouvé en lui confiant un poste de demi de coin partant pendant la saison. Par conséquent, il s'est mesuré à plusieurs des plus redoutables receveurs de la NFL. « Je suis très fier d'avoir constamment démontré du progrès de semaine en semaine. Dans la NFL, c'est très difficile, mais je me suis bien adapté à ce changement », a expliqué St-Juste qui s'est déplacé en Arizona pour collaborer avec l'équipe de RDS et participer à des événements. À titre d'exemple, St-Juste et les Commanders ont eu à se mesurer aux Eagles à deux occasions. Le Québécois s'est donc retrouvé à devoir couvrir très souvent A.J. Brown et DeVonta Smith. « C'est une équipe remplie d'armes offensives, ils ont des joueurs clés un peu partout. Brown et Smith m'ont donné beaucoup de fil à retordre dans les deux matchs contre eux. Brown m'a aidé à me développer comme joueur, je devais être à 100% contre lui. C'est un athlète très physique qui est capable de capter des ballons au-delà de ta tête », a commenté celui qui est tout aussi naturel avec un micro à la main. « La clé, contre les Eagles, ce sera de limiter les jeux explosifs. Brown et Jalen Hurts aiment vraiment avoir une belle connexion pour les longs jeux. Si les Chiefs de Kansas City peuvent limiter ça, ils auront de meilleures chances de gagner », a-t-il ajouté. Pour compléter de longues passes, Hurts devra toutefois démontrer qu'il est rétabli de sa blessure à l'épaule droite subie en fin de saison. Depuis le début des éliminatoires, le jeu aérien des Eagles a été moins sollicité en raison de leur domination."
Éric Leblanc,une chronique sportive,2023-02-07,https://www.rds.ca/football/nfl/refonte-reussie-pour-proteger-mahomes-1.16603552,Super Bowl : Refonte réussie de la ligne offensive des Chiefs pour protéger Patrick Mahomes,"ll y a trois ans, lorsque les Chiefs de Kansas City ont remporté le Super Bowl, Laurent Duvernay-Tardif patrouillait le poste de garde à droite. Les Chiefs ont eu à rebâtir cette unité cruciale pour protéger Patrick Mahomes même si certains diront qu'il est assez habile pour se débrouiller. Les exploits de Mahomes ne fascinent pas seulement les partisans, plusieurs joueurs et entraîneurs sondés, lundi soir à la soirée des médias, partagent encore cette admiration. Mais pour assurer sa pérennité, les dirigeants des Chiefs ont procédé à un rajeunissement de la ligne offensive. Le pari comportait des risques dans les premières étapes du processus sauf que ça ne paraît plus désormais. Outre Joe Thuney, le vétéran et double champion du Super Bowl qui est venu solidifier le poste de garde à gauche, les Chiefs ont misé sur la relève. Orlando Brown fils a été acquis pour devenir le bloqueur à gauche, Creed Humphrey a hérité du rôle de centre, Trey Smith a remplacé LDT et Andrew Wylie a été déplacé comme bloqueur à droite. « Nos dirigeants trouvent de bons athlètes, mais surtout de bonnes personnes. Des jeunes qui aiment travailler et s'investir dans leur métier. On a un système et un standard que les gars adoptent avec plaisir », a prononcé Andy Heck, l'entraîneur de la ligne offensive, qui était content d'entendre une touche d'accent francophone dans la question. Croisés à différents endroits sur le parterre du Footprint Center, Wylie et Smith ont abondé dans le même sens que leur entraîneur de position. « On s'entend vraiment bien ensemble, j'ai beaucoup d'amour pour ces gars », a noté Wylie qui s'était promené avec les Colts, les Browns et les Chargers en 2017 avant d'obtenir la confiance, qui aura été déterminante, des Chiefs. « Ces gars-là sont merveilleux. Dès l'an passé, à ma première saison, le groupe de vétérans a été génial pour m'enseigner comment me comporter. J'ai encore beaucoup de travail à accomplir, mais je suis reconnaissant », exposé Smith avec son impressionnante stature de six pieds six pouces et 321 livres. Ce géant a démontré qu'il pouvait s'acquitter de la tâche de partant. De plus, en tant que joueur de ligne offensive, le fait qu'il rate très peu de matchs joue en sa faveur. « Oh, il est incroyable comme joueur. Peu d'athlètes ont un tel impact à son âge à cette position. C'est un spécimen physique, je m'amuse beaucoup à ses côtés », a indiqué Wylie."
Hugo Dumas,une chronique télévision,2022-04-06,https://www.lapresse.ca/arts/chroniques/2022-04-06/5-gars-pour-moi/on-veut-louise-sigouin-bon.php,"5 gars pour moi | On veut Louise Sigouin, bon ! ","Le printemps est déjà terne et gris et il s’enfoncera davantage dans la noirceur et la froideur sans notre papesse des dualités, Louise Sigouin. Ça me déchire l’âme de l’écrire, mais voilà : TVA a déplacé à l’automne – et peut-être même en 2023 – la prochaine édition de Si on s’aimait. Et contrairement aux participants de cette docuréalité, je suis incapable d’avaler, digérer et roter cette information dévastatrice. C’est une catastrophe encore pire que le dérapage émotionnel entre Audrey et Dominic après un cours d’aqua-sirène. Pire que les fraises moisies que Tim servait à la golfeuse Marie-Denise. Pire qu’un spectacle de cornemuse orchestré par Jean-François sur son patio de banlieue. Comment survivrons-nous sans guérir nos blessures de honte ? Qui nous aidera à établir nos limites et à connecter avec notre monde intérieur, hein ? Est-ce qu’on a le droit de vivre le bonheur conjugal par procuration avec Vicky et François, s’il vous plaît ? OK, non. Rayez la dernière phrase. Vicky et François, le couple chouchou de Si on s’aimait, ont rompu, selon mes taupes. Ils sont allés au bout de leur aventure et c’est ce qui explique la fermeture de leur page Facebook commune, me dit-on. Autre déception : l’émission printanière qui remplacera Si on s’aimait ne lui arrive pas à la cheville – ou à la cuisse tatouée de Gabriel. Cette quotidienne, qui débute lundi à 19 h sur les ondes de TVA, s’appelle 5 gars pour moi et son titre en encapsule tout le contenu. PHOTO JAY ARSENAULT, TIRÉE DU SITE DE 5 GARS POUR MOI La première concurrente, Janie, 35 ans, gestionnaire de projets de traduction, héberge chez elle cinq prétendants et en élimine un par jour jusqu’à ce qu’elle ne garde que le bon, à la fin de la semaine. Une célibataire héberge chez elle cinq prétendants et en élimine un par jour jusqu’à ce qu’elle ne garde que le bon, à la fin de la semaine. Ce format anglais (Five Guys a Week) ressemble à Un souper presque parfait en version Cupidon. Les quatre premiers épisodes de 30 minutes tournent autour de Janie, 35 ans, gestionnaire de projets de traduction. Un mécanicien (Simon, 41 ans), un fonctionnaire (Mathieu, 34 ans), un directeur de projets (Alexandre, 41 ans), un directeur des ventes et barman (Dany, 36 ans) ainsi qu’un conseiller aux ventes (Marc-André, 37 ans) déposent leurs valises dans la maison montérégienne de Janie dans l’espoir de conquérir son cœur. Dans un décor de type « Bois & Cuir », les hommes cuisinent des tatakis (classique !) et vendent leur salade (fraîcheur !) à Janie, qui « dégage une belle personnalité », selon Alexandre, poète et imitateur de l’accent gaspésien. Comme les candidats de 5 gars pour moi changent toutes les semaines, c’est impossible de s’attacher à eux ou de suivre leur évolution. C’est du « speed dating » de banlieue, sans l’accompagnement de Louise Sigouin et sans les pieds nus exposés de Guillaume Lemay-Thivierge et Émily Bégin. Ça manque de piquant et de malaises."
Hugo Dumas,une chronique télévision,2022-01-11,https://www.lapresse.ca/arts/chroniques/2022-01-11/aller-simple/jouer-a-clue-a-la-tele.php,Aller simple | Jouer à Clue à la télé ! ,"Oui, l’horaire télé déborde déjà de super séries à regarder, le catalogue extra garni de Netflix vous fait de l’œil, tout comme les 42 autres plateformes payantes bourrées d’émissions prestigieuses qui accumulent les prix. Mais gardez-vous une petite heure par semaine pour Aller simple de Noovo, un captivant thriller qui emprunte autant à l’œuvre d’Agatha Christie qu’à une excellente série comme Only Murders in the Building de Disney+ ou à des films comme Knives Out, avec une touche plus sombre. Message aux lecteurs qui ne trouvent pas Only Murders in the Building sur Disney+ : il faut retirer le filtre parental, qui bloque automatiquement les émissions dites pour adultes. De rien. Donc, Aller simple. Ça démarre mercredi à 20 h sur Noovo contre Les enfants de la télé à Radio-Canada et Les moments parfaits à TVA. Trois propositions qui plairont à trois publics différents. Si ça peut vous convaincre d’y jeter un œil, ou encore mieux les deux, sachez qu’Aller simple provient de l’efficace équipe derrière Épidémie et L’imposteur à TVA, soit les auteurs Bernard Dansereau, Annie Piérard et Étienne Piérard-Dansereau, de même que l’habile réalisateur Yan Lanouette Turgeon. Après avoir vu les deux premiers épisodes lundi, j’aurais volontiers enfilé les quatre derniers pour résoudre cet intrigant mystère. Mais qui tire les ficelles dans ce jeu humain de Clue ? Pourquoi ces six personnes – plus une accompagnatrice de dernière minute – ont-elles été réunies dans ce voyage qui tourne au cauchemar ? Qui essaie de les punir pour leurs erreurs du passé ? Voilà où réside le plaisir de visionner Aller simple, une minisérie où des protagonistes meurent très rapidement (ne vous attachez pas trop) et où aucun personnage ne montre son vrai visage. On cherche alors des indices, on s’attarde à tous les détails et on spécule sur qui a fait quoi et pourquoi dans cette histoire très bien tricotée. Aller simple est une production-oignon, qui se dévoile couche par couche, avec des punchs à la fin de chacun des épisodes. C’est rudement attrayant. Au départ, les six passagers d’Aller simple ne se connaissent pas. Ils se rencontrent sur le tarmac alors qu’ils s’apprêtent à monter dans un hélicoptère privé à destination de Val-Beaulac, un domaine appartenant à l’excentrique milliardaire Robert Beaulac (Germain Houde). PHOTO YAN TURCOTTE, FOURNIE PAR NOOVO Éric Bruneau incarne l’un des six passagers d’Aller simple."
Hugo Dumas,une chronique télévision,2022-01-20,https://www.lapresse.ca/arts/chroniques/2022-01-20/big-brother-covides-et-star-epidemie.php,Big Brother Covidés et Star Épidémie ,"Le variant Omicron continue de gangrener les deux plus grosses téléréalités du Québec. Après l’humoriste Eddy King, cinq autres concurrents de Big Brother Célébrités – sur un total de 17 – ont attrapé la COVID-19, ce qui a forcé la production à réaménager la maison-studio pour séparer les malades du reste des joueurs en santé, m’indiquent des sources bien branchées. Les six cas de COVID-19 au sein de la distribution de Big Brother Célébrités de Noovo n’ont toutefois pas empêché les tournages de se poursuivre dans un entrepôt d’Anjou, dans l’est de l’île de Montréal, me dit-on. Les cinq éclopés seraient Martin Vachon, Michelle Desrochers (ma préférée), Lysanne Richard, Valérie Carpentier et Stéphanie Harvey. Du côté de Star Académie, le premier gala dominical a été repoussé d’une autre semaine, car six académiciens ont été déclarés positifs à la COVID-19 en début de semaine, ce qui porte donc à dix le nombre de concurrents infectés sur une cohorte qui en compte 19. Ça commence à ressembler à de l’immunité collective. Selon mes informations, la directrice de la Star Ac, Lara Fabian, serait également tombée malade, ce que son attaché de presse, Junior Bombardier, n’a toutefois ni confirmé ni infirmé. Le premier gala du dimanche du populaire télé-crochet est maintenant prévu le 30 janvier à 19 h. Avec les mesures draconiennes qui ont été prises depuis l’éclosion et le nombre de candidats qui ont déjà contracté la COVID-19, « il est peu probable que cela nécessite un report supplémentaire », a affirmé TVA par voie de communiqué. Les producteurs Jean-Philippe Dion et Benoit Clermont, de Déferlantes, de même que la direction de TVA ont refusé des demandes d’entrevue mercredi. Le déplacement d’une semaine de Star Académie a coûté des millions, a révélé Jean-Philippe Dion, lundi soir, lors de son passage à l’émission spéciale de La tour de Patrick Huard. De retour à Big Brother Célébrités, l’augmentation des cas a scindé le jeu en deux factions : les covidés, qui ont emménagé dans la chambre du patron avec salle de bain adjacente, et les négatifs, qui évoluent dans le reste de la maison-studio. Les deux groupes ne se mélangent pas. Vous verrez cette division nette – et l’application des nouvelles règles sanitaires – dans l’épisode de Big Brother Célébrités que Noovo relaiera jeudi à 18 h 30. Évidemment, un participant infecté a toujours la possibilité, comme l’humoriste Eddy King, de déménager à l’hôtel et de revenir en santé sans subir de pénalité. Les cinq personnes atteintes de la COVID-19 ont cependant choisi de faire leur confinement devant les caméras, dans leur dortoir de quarantaine."
Hugo Dumas,une chronique télévision,2022-08-17,https://www.lapresse.ca/arts/chroniques/2022-08-17/bonjour-la-police-chez-vrak.php,Bonjour la police chez Vrak ! ,"Quand on pense à Vrak, on pense au Chalet, à Jérémie, à Code F, à Code G ou au (feu) gala KARV. Oubliez ces trucs de « djeunes », yo. La chaîne spécialisée de Bell Média s’adresse désormais aux adultes qui carburent aux séries peuplées de policiers, de pompiers et de premiers répondants. Il s’agit de la Sainte-Trinité des 3P en télévision, qui diffère du délicieux trio des 3P en gastronomie, soit les pâtes, le pain et les patates. Oui, les patronnes de Vrak ont songé à modifier le nom de leur station pour mieux refléter son virage mature, complété au printemps dernier. Mais la marque Vrak, qui existe depuis 2001, résonne encore très fort auprès des abonnés. Elle demeurera donc intacte, inchangée, Vrak la vie, Vrak pour la vie. Le créneau flic-médecin-sapeur ne dérougit pas – allumez les sirènes ici – comme en témoignent les programmations tonitruantes des postes concurrents tels Addik (Coroner, Chicago Fire, S.W.A.T.), Séries Plus (Blue Bloods, FBI, NCIS) ou Max (Dr House, Bones). N’empêche. Avec ses flics et ses toubibs, Vrak a plus que doublé son audience, indique la vice-présidente, programmation et information, chez Bell Média, Suzane Landry. Fait amusant : la moyenne d’âge des clients de Vrak s’établit maintenant à 46 ans. On est loin de Radio-Enfer et du Canal Famille. À partir de la semaine prochaine, Vrak présentera de costaudes séries primées, qui ont fait le bonheur des abonnés du service Crave dans les derniers mois. Je pense à Yellowjackets (13 septembre), Easttown avec Kate Winslet (24 août) ou Les paysagistes avec Olivia Colman (22 novembre). La troisième saison de Transplanté décollera le mercredi 12 octobre à 21 h. Fans de bisbille et de « twists », n’arrachez pas vos cheveux décolorés. Vrak demeure le point de chute pour les extras et les inédits d’Occupation double (retour : 12 septembre) ou de Big Brother Célébrités 3 (en janvier). Même si le soleil brille encore de tous ses rayons dans nos piscines, les chaînes spécialisées ont doucement amorcé leur rentrée (argh !) avant le gros boum des antennes traditionnelles, prévu dans la semaine du 12 septembre. PHOTO ANNIE SIMARD, FOURNIE PAR BELL Mélissa Bédard réalise un rêve en achetant sa première maison dans une docuréalité justement intitulée Ma première maison, diffusée à Canal Vie. Du côté de Canal Vie, la chanteuse et comédienne Mélissa Bédard réalise un rêve en achetant sa première maison dans une docuréalité justement intitulée Ma première maison, duh, qui commence le mardi 23 août à 19 h 30. Attendez-vous à un joli chaos avec six enfants sous un même toit (rénové, bien sûr). Dans Un nouveau jour (22 août), nous partons à la rencontre de personnes trans qui se préparent à subir une chirurgie d’affirmation de genre à l’hôpital montréalais GrS, un complexe spécialisé dans ce type d’interventions. Dans Cœurs migratoires (2 novembre), nous suivrons l’histoire d’amour – et non de désastre – de couples dont l’un des membres vit à l’étranger ou s’apprête à s’établir au Québec."
Hugo Dumas,une chronique télévision,2022-05-17,https://www.lapresse.ca/arts/chroniques/2022-05-17/cuisiner-par-procuration-devant-la-television.php,Cuisiner par procuration devant la télévision,"Je cuisine comme un chaudron. Je gaspille des aliments – bonjour sac de pousses d’épinards moisies au fond du tiroir à légumes. Je jette les choux gras, Jean-Luc Boulay frôlerait la syncope, je paie le salaire du rappeur Loud en Uber Eats et mon four n’a jamais été super taché ou ultracollant. Yeah pour moi ! Par contre, déposez devant moi une compétition de gâteaux sur Netflix (Nailed It !) ou une téléréalité comme Les chefs ! et je dévore tout jusqu’à en lécher le fond de l’assiette tel un Ostrogoth. Pour paraphraser Jean-Jacques Goldman, je cuisine par procuration devant mon poste de télévision, même si je ne mets pas de vieux pain sur mon balcon, quand même. Je raffole des émissions de bouffe, apprêtées de toutes les façons : compétition, fiction ou marathon. La dernière au menu ? La minisérie d’époque Julia de HBO que propose la plateforme Crave, en français et en anglais. C’est absolument charmant et craquant. C’est de la télé-bouffe réconfort comme on l’aime : chaleureuse, généreuse et zéro prétentieuse. Avec quelques touches de Mad Men, Julia s’intéresse aux débuts télévisuels de la plus européenne des cheffes américaines, Julia Child, jouée par l’excellente actrice britannique Sarah Lancashire, meilleure que Meryl Streep dans le film Julie & Julia, sorti en 2009. Le premier des huit épisodes de Julia débute en 1962, à Cambridge, en banlieue de Boston. Femme d’un diplomate qui a été déployé partout en Europe, la bonne vivante Julia Child a publié son premier livre de recettes Maîtriser l’art de la cuisine française, un classique pour les cuisinomanes. La célébrité relative de Julia Child à Boston pique l’intérêt de la jeune et allumée productrice d’une émission littéraire snobinarde de la chaîne publique locale, que personne ne regarde. Julia Child se méfie. De quoi causera-t-elle avec l’animateur qui reçoit habituellement des auteurs obscurs qui fument la pipe ? À la dernière minute, Julia fourre des œufs, du beurre et un fouet dans son sac. Sur le plateau, elle demande une poêle électrique et prépare, en direct, une onctueuse omelette devant l’équipe médusée. La joviale Julia Child rayonne devant les caméras. Elle est drôle, pleine d’esprit et naturelle, ce qui détonne dans cet environnement rigide et austère. Malgré les lettres de téléspectatrices qui réclament son retour, les patrons de la station méprisent Julia Child."
Hugo Dumas,une chronique télévision,2022-07-05,https://www.lapresse.ca/arts/chroniques/2022-07-05/des-trucs-pour-adoucir-la-facture-tele.php,Des trucs pour adoucir la facture télé ! ,"C’est un classique, comme les reportages imbibés de sueur chez Fairmount Bagel par temps de canicule. Dès que les mots Netflix, Club illico ou Amazon Prime apparaissent dans une chronique, les courriels de lecteurs fâchés, déçus ou perplexes s’entassent de façon serrée dans ma boîte. Des messages — pas du tout agressifs, je le précise — comme celui-ci : « Je n’ai pas embarqué dans le train des Netflix, Crave, etc. Je crois et, surtout, j’espère encore que la télé conventionnelle avec du contenu québécois sera encore accessible pour des gens comme nous le plus longtemps possible », indique Mario L. Marie-Josée B. dénonce également le petit écran des riches : « Il faut toujours être abonné à différentes chaînes. Ça devient frustrant à la longue de se faire suggérer ce genre d’émissions, nos finances ne supportant pas de tels montants. » Même souci budgétaire chez Patricia B. : « Mettez bout à bout le coût d’abonnement à toutes ces plateformes, dans le contexte d’inflation actuelle, ce n’est pas possible et ça m’enrage que certaines de ces séries québécoises aient été subventionnées. Pourquoi je devrais repayer pour les voir ? Alors tant pis, je ne verrai pas Audrey est revenue ou Une affaire criminelle », note-t-elle. Trop de plateformes numériques, trop d’ajouts automatiques sur la carte de crédit, trop cher, je comprends. Quand je regarde mes propres factures, je me console en me rappelant que je n’achète plus de coffrets DVD à 60 $ l’unité, ce qui équivaut à cinq mois de Disney+ avec contenu à volonté. Quand même. Les dollars que nous investissions jadis en séries de collection de 24, des Soprano ou de Sex and the City traversent maintenant chez Netflix ou Crave. C’est une tendance planétaire : la télé en ligne surpasse dorénavant la télé traditionnelle, et le Québec n’y échappe pas. Chez nous, 71 % des foyers souscrivent au moins un abonnement à une plateforme numérique, contre 66 % qui paient pour le câble dit traditionnel (ou par fibre optique), selon un récent rapport de l’Académie de la transformation numérique de l’Université Laval. Netflix demeure le service payant le plus populaire au Québec avec un taux d’abonnement frôlant les 60 %. C’est énorme. C’est pratiquement les deux tiers de la population. Le géant américain Netflix éclipse ainsi le rayonnement de la majorité des chaînes spécialisées québécoises régulières (Évasion, Historia, Investigation, etc.). Amazon Prime Video se classe au deuxième rang avec un taux de pénétration de 30 %, suivi par Disney+ (18 %), Club illico (16 %), l’Extra de Tou.TV (9 %) et Crave (8 %), toujours selon l’Académie de la transformation numérique de l’Université Laval."
Hugo Dumas,une chronique télévision,2022-01-03,https://www.lapresse.ca/arts/chroniques/2022-01-03/district-31/parlons-du-bon-commandant-chiasson.php,District 31 | Parlons du bon commandant Chiasson ! ,"Le « suspense » ne durera pas aussi longtemps que l’affaire des terrains volés au juge Pelland du service de courrier Ké-Pac (ou quelque chose du genre). Vous saurez ce lundi soir, dans les premières minutes de District 31 à Radio-Canada, ce qui adviendra de notre bon commandant Chiasson (Gildor Roy), kidnappé par les deux membres les plus influents des Sixers lors du dernier épisode diffusé en décembre. Rappel rapide ici. Daniel Chiasson, personnage pilier du feuilleton de Luc Dionne, conduisait de façon peinarde son Dodge Durango quand il a été intercepté par de faux policiers, qui l’ont ensuite livré à François Labelle (Peter Miller) et Ryan Robin (Dan Bigras). Debout dans un entrepôt mal éclairé, le caïd François Labelle a lancé à Chiasson, sur le seul ton qu’on lui connaisse jusqu’à présent : « Phaneuf, ça s’est passé dans le fond d’un panier à salade. Toi, ça va se passer ici. » Oh ! oh ! Évidemment, les fans ont capoté, encore traumatisés par l’assassinat de Poupou (Sébastien Delorme), le départ de Gabrielle Simard (Geneviève Brouillette) et les nouveaux cheveux de Sonia Blanchard (Pascale Montpetit). S’ils tuent Chiasson, pour vrai, je remets mon badge, mon arme et ma démission, avez-vous menacé en vous prenant tous pour des mini Me Durand (Stéphan Côté) au tribunal. Faut croire que le grand ménage effectué par le scénariste et la productrice Fabienne Larouche a bien fonctionné. Vous avez tous peur maintenant. Comme dans Game of Thrones, vous savez qu’aucun personnage de District 31, même un gentil comme Stéphane Pouliot, n’est à l’abri de faire un Nick Romano (Mathieu Baron), c’est-à-dire de disparaître sans laisser de traces. Dites-vous cependant une chose : avant de mourir ou de s’enfuir – pas de divulgâcheur, n’ayez crainte –, Daniel Chiasson aura une longue conversation avec ses deux « ravisseurs ». Et ces scènes regorgent d’infos cruciales pour la suite des enquêtes. Parlant d’investigations, celle impliquant l’achat et le rapatriement du VR aux États-Unis s’apprête à se clore. Ce qui signifie que Sylvain Coulombe (Denis Bouchard) ne dépensera plus autant d’argent au restaurant à déjeuner. Le ripou à Denis Corbin (Paul Doucet) demeure au cœur du récit dans les quatre premiers épisodes de 2022 que j’ai vus en avant-première. Corbin a été arrêté, et les sergents-détectives du 31 se démènent pour le relier au meurtre de Poupou."
Hugo Dumas,une chronique télévision,2022-01-26,https://www.lapresse.ca/arts/chroniques/2022-01-26/fans-de-district-31-calmez-vous.php,"Fans de District 31, calmez-vous ! ","« C’est vraiment l’année de trop de District 31 ! Franchement, le truc du gilet pare-balles, tellement improbable et ridicule ! OK, Luc Dionne manque tellement d’inspiration qu’il a essayé de se débarrasser de Noélie [Catherine St-Laurent], c’est fini pour moi ! » Chers fans de District 31, calmez-vous. Ça devient lourd, votre litanie de plaintes et vos menaces d’abandonner la populaire série de Radio-Canada à la moindre contrariété. Vous râlez sur tout, tout le temps, sans prendre de pause-café filtre ou faire une marche dans le stationnement. Ça use, toutes ces piques répétées. Quand la COVID-19 a stoppé les tournages du populaire feuilleton policier, vous avez tous grimpé dans les rideaux. Mais qu’est-ce qu’on va faire à 19 h, hein ? District 31, c’est un service essentiel ! Ramenez-nous nos enquêteurs ! Dans un contexte sanitaire archi-difficile, District 31 a réussi à rallumer ses caméras en respectant un paquet de consignes techniques contraignantes. Un petit miracle, à l’été 2020, rappelez-vous. Et quelle a été votre réaction en visionnant ces épisodes distanciés, qui ont été livrés de peine et de misère ? La mitraillette de reproches. « Voyons donc, les personnages qui se tiennent à deux mètres de même, c’est tellement gênant et mal fait ! » Vous avez ensuite passé les deux semaines suivantes à relever chacune des fois où la distanciation était visible à l’écran. Oh, elle était visible, la distanciation. Mais c’était ça ou rien du tout. Quelques mois plus tard, quand l’auteur Luc Dionne, pour pimenter son récit, a esquissé un potentiel départ du commandant Daniel Chiasson (Gildor Roy), vous avez collectivement capoté. « Pour vrai, si le commandant Chiasson meurt, je ne regarderai plus jamais District 31, c’est terminé ! Vous venez de perdre votre plus fidèle téléspectateur », avez-vous écrit sur les réseaux sociaux. Ce commentaire-là, je l’ai lu au moins 1000 fois. Il revient à heures fixes, comme Stéphanie Malo (Virginie Ranger-Beauregard) avec sa mallette de travail. Depuis deux ans, vous ne laissez plus aucune chance aux nouveaux personnages de District 31. Tout de suite, c’est la guillotine. Après une seule apparition de la lieutenante-détective Mélanie Charron (Ève Landry), votre jugement était tombé : je « l’haïs », elle est bête, pas assez ci, trop ça. Vous avez même réclamé le retour de (feu) Nadine Legrand (Magalie Lépine-Blondeau) au 31. Vous êtes nombreux à penser que Nadine n’a pas été tuée, qu’elle va réapparaître pour la grande finale. C’est du niaisage. Nadine est morte et enterrée. Oubliez-la. PHOTO TIRÉE DE LA PAGE FACEBOOK DE L’ÉMISSION Le commandant Chiasson (Gildor Roy) et la lieutenante-détective Mélanie Charron (Ève Landry) La mort de Poupou (Sébastien Delorme) vous a également secoués : comment Luc Dionne ose-t-il nous faire ça ? C’est sûr que je décroche sans Poupou ! Mais non, encore une menace en l’air."
Hugo Dumas,une chronique télévision,2022-06-09,https://www.lapresse.ca/arts/chroniques/2022-06-09/irma-vep/la-brillante-serie-du-remake-d-un-remake.php,Irma Vep | La brillante série du remake d’un remake,"Il y a plusieurs niveaux de lecture et de mises en abyme dans la drôle et dense minisérie Irma Vep de HBO, alors gardons ça le plus simple possible, d’accord ? Fermons tout de suite un dossier pressant : Irma Vep ne réfère pas à la pièce de théâtre survoltée Le mystère d’Irma Vep avec Serge Postigo, Éric Bernier et leur arsenal de perruques funky. Irma Vep — une anagramme du mot vampire — nous ramène d’abord au film qu’a tourné Olivier Assayas en 1996 avec sa conjointe de l’époque, l’époustouflante actrice hongkongaise Maggie Cheung. Et que racontait Irma Vep en 1996 ? L’histoire du tournage chaotique d’un vrai film muet, Les vampires, réalisé par Louis Feuillade en 1915. Vous suivez toujours ? C’est bon. J’ai tout googlé pour vous éviter de le faire. Donc, Irma Vep, c’est le nom de l’héroïne du film culte Les vampires, découpé en dix épisodes d’une quarantaine de minutes chacun. L’actrice parisienne Musidora — muse des surréalistes — a campé cette Irma Vep en 1915, une femme fatale sulfureuse, une des premières vamps du cinéma français. Voilà pour la mise en bouche. Poursuivons. Vingt-six ans après la création de son propre film, Olivier Assayas (Carlos, Clean) rebrasse Irma Vep en télésérie franco-américaine de huit épisodes d’une heure pour HBO, que la plateforme Crave propose en anglais et en version française sous-titrée. L’intrigue de 2022 reste la même qu’en 1996, mais les comédiens changent, évidemment. En gros, il s’agit du remake d’un remake, orchestré par la même personne (Olivier Assayas). Très méta comme concept. C’est une série sophistiquée de poupées russes qui s’emboîtent les unes dans les autres. Oui, à la lecture, Irma Vep peut paraître autoréférentielle et hermétique. Ça ne l’est pas. Si moi, qui ai de la difficulté à suivre un tirage de La poule aux œufs d’or sans perdre le fil, j’ai réussi à embarquer dans Irma Vep, tout le monde le peut. Yolo la gang. Photo Carole Bethuel, fournie par HBO Scène de la série Irma Vep Dans le Irma Vep de 2022, l’excellente Alicia Vikander (The Danish Girl, Ex Machina) campe une jeune actrice américaine qui cartonne dans des superproductions, dont elle se lasse. En peine d’amour et en quête de crédibilité professionnelle, elle accepte le rôle d’Irma Vep dans la nouvelle version du film Les vampires de 1915, que prépare un cinéaste réputé qu’elle admire. La star de Hollywood débarque donc à Paris pour plusieurs mois et plonge dans ce projet ensorcelant, qui rend toute l’équipe de production un peu dingue, disons-le."
Hugo Dumas,une chronique télévision,2022-03-03,https://www.lapresse.ca/arts/chroniques/2022-03-03/l-homme-n-aimera-plus-trop-a-noovo.php,L’homme n’aimera plus trop à Noovo,"L’artiste-sculpteure Nadira, la restauratrice Josée ou l’orthopédagogue Geneviève ? Laquelle des femmes de sa vie pardonnerait à Marc-Alexandre et le reprendrait à la maison pour vivre (enfin) heureux et avoir beaucoup (d’autres) enfants ? Aucune des trois, a-t-on découvert, mardi soir, dans le huitième et dernier épisode de l’intrigante minisérie L’homme qui aimait trop, qu’ont signée Anne Boyer et Michel d’Astous pour Noovo. Pour les retardataires du petit écran, l’alerte au divulgâcheur sonne ici comme l’un des deux cellulaires du commis voyageur Marc-Alexandre (Patrice Godin), mais lequel ? OK, c’est bon. L’homme qui aimait trop s’est conclu dans un bain de sang, ce que Nostradumas, pourtant un vieux de la vieille, n’avait pas vu venir. Rejetée et humiliée, la nouvelle maman Nadira (Nadia Kounda) a suivi Marc-Alexandre à Montréal et l’a abattu en pleine rue. Devant ses deux autres familles, réunies pour l’anniversaire de Sophie (Romy Bouchard). Pour Nadira, l’abandon était impardonnable, c’était intolérable. Nous préparions ça depuis le début et on avait même montré l’arme de son frère [Reda Guerinik] dans le deuxième épisode. Michel d’Astous, scénariste de L’homme qui aimait trop Sans son antihéros, vous comprendrez que L’homme qui aimait trop ne connaîtra pas de deuxième saison. C’est bel et bien fini. Au départ, ce thriller psychologique, que j’ai bien aimé, avait été imaginé comme une œuvre fermée, sans possibilité de suite. Sauf qu’en plein tournage, les deux auteurs ont fortement envisagé de ne plus liquider leur personnage central pour continuer l’exploration du polyamour dans un deuxième chapitre. « Il aurait fallu changer la fin, évidemment. Mais on aurait aimé ça, voir comment se vivrait le polyamour de Marc-Alexandre, si tout le monde embarquait. Ça aurait donné quoi ? », se demande Michel d’Astous. L’idée a été abandonnée, notamment par manque de temps pour pondre huit nouveaux épisodes, et la fin initiale est restée dans le scénario, qui a scellé le destin de tous les protagonistes. La première épouse de Marc-Alexandre, l’élégante Josée (Hélène Florent), a couché une dernière fois avec son ex pour s’en libérer. Cette scène de réappropriation du pouvoir dans une relation était puissante. PHOTO MARCO CAMPANOZZI, LA PRESSE Le scénariste Michel d’Astous À Magog, après avoir versé toutes les larmes de son corps, Geneviève (Fanny Mallette) a elle aussi compris que le lien de confiance avec Marc-Alexandre ne se rétablirait jamais. Et elle a fait la paix avec ça. Vu par 562 000 personnes les mardis soirs, L’homme qui aimait trop, qui explore la triple vie d’un homme que l’on ne décrirait pas d’emblée comme un trou de cul, a été difficile à écrire et à vendre à la chaîne Noovo, se souvient Michel d’Astous."
Hugo Dumas,une chronique télévision,2022-06-25,https://www.lapresse.ca/arts/chroniques/2022-06-25/la-serie-qui-sent-l-ete-tout-leger.php,"La série qui sent l’été, tout léger ","Il y a des séries et des téléfilms qui encapsulent parfaitement l’esprit de Noël avec leurs grelots joyeux, leur coulée de sentiments sucrés et leur neige duveteuse qui ne pince jamais le visage des protagonistes sous forme de giboulée. On regarde ces bluettes les yeux embrumés en ayant le goût de quitter Montréal et d’ouvrir une ferme de sapins dans un coquet village à la lisière du Vermont, où vit une personne de notre secondaire qui exerce aujourd’hui un métier manuel. Il existe le même type de télésérie qui sent le sel de mer, la peau qui dore au soleil et les feux de grève sur la plage. Il s’agit de The Summer I Turned Pretty, L’été où je suis devenue jolie, en version française, offerte sur le service Amazon Prime Video. Et c’est très bon, dans ce genre bien précis du récit d’apprentissage, où tout bascule le temps d’un été ensoleillé. Dès le premier épisode, l’envie nous prend de réserver une maison trop chère en bardeaux de cèdre à Nantucket, Ogunquit ou Cape Cod. The Summer I Turned Pretty, qui dérive de romans écrits par Jenny Han (À tous les garçons que j’ai aimés), se déroule dans une splendide résidence d’été d’une station balnéaire fictive de la côte est américaine. Pensez plus à Martha’s Vineyard qu’à Old Orchard Beach. Ce magnifique château rempli de fleurs fraîches appartient à la riche famille Fisher de Boston. Depuis toujours, les Fisher passent leurs étés – idylliques, bien sûr – à la plage avec la famille Conklin. La mère Fisher, la peintre Susannah, connaît la mère Conklin, l’écrivaine Laurel, depuis l’université, et leurs quatre enfants ont grandi ensemble entre deux parties de Marco Polo dans la piscine creusée. Les longues vacances à la mer se ressemblent jusqu’à celles où l’héroïne, Belly, fête ses 16 ans. Comme dans une chanson de Britney Spears, Belly n’est plus une enfant, mais pas encore une femme non plus. Les deux fils de Susannah (rappel : il s’agit de la peintre bohème qui possède la maison cossue) regardent maintenant Belly avec des yeux différents, et c’est ce que Belly souhaite : se défaire de son image de petite fille naïve à lunettes et broches. Belly entame ainsi un été de flirts, de triangle amoureux et de premières margaritas glacées à la pomme grenade. C’est un classique, limite cliché. Les deux premiers épisodes (sur un total de sept) paraissent rose bonbon, très magazine Vanity Fair dans l’esthétique Nouvelle-Angleterre, mais attendez."
Hugo Dumas,une chronique télévision,2022-02-28,https://www.lapresse.ca/arts/chroniques/2022-02-28/la-vie-d-factrie-d-olivier.php,La vie d’factrie d’Olivier ,"Difficile de demeurer insensible devant une histoire émouvante comme celle d’Olivier Bergeron de Star Académie. Le Néo-Brunswickois de 20 ans se dirigeait vers l’élimination en début de semaine. Sa mise en danger aux côtés de Mathieu Rheault et d’Édouard Lagacé ressemblait à une éviction assurée. Olivier Bergeron, qui travaille dans une scierie de Kedgwick, un emploi qu’il déteste, voyait son rêve musical lui filer entre les doigts. Et il a craqué devant les caméras. Je ne veux pas partir, a-t-il dit en substance, je veux vivre de ma musique, je fais enfin quelque chose que j’aime dans la vie, ne m’enlevez pas ça. PHOTO TIRÉE DE LA PAGE FACEBOOK DE STAR ACADÉMIE Olivier Bergeron Dans le bureau de la directrice, Lara Fabian, le timide Olivier Bergeron a prononcé des phrases qui ont broyé le cœur des téléspectateurs : « Ici, à Waterloo, je n’ai pas besoin de boire pour me sentir bien, alors qu’avant, j’avais juste hâte au week-end pour me détruire dans la boisson. » Ce fut un moment inattendu, d’une vérité très crue. Après des confessions aussi touchantes et sincères, qui évoquaient La vie d’factrie, de Clémence DesRochers, c’était impossible de ne pas appuyer ce jeune homme à la conquête de ses rêves. C’est ce que les téléspectateurs de TVA ont fait, dimanche soir, en protégeant Olivier de l’élimination. Vocalement, Olivier Bergeron n’est pas le plus doué des académiciens, mais il a opté pour une chanson taillée sur mesure pour lui, À hauteur d’homme, de Vincent Vallières, qui raconte presque sa propre vie. Il l’a interprétée sobrement, assis sur un tabouret, et il a conquis le cœur des électeurs. Jamais on n’aurait pu prédire un tel revirement la semaine dernière. PHOTO TIRÉE DE LA PAGE FACEBOOK DE STAR ACADÉMIE Édouard Lagacé Les trois professeurs ont repêché Édouard Lagacé, 27 ans, de Cowansville, qui a repris High Hopes, du groupe irlandais Kodaline. Prestation correcte, qui manquait cependant de relief. Édouard souffre d’un fort syndrome de l’imposteur que les profs s’acharnent à éradiquer. C’est donc Mathieu Rheault, 27 ans, de Laval, qui a été renvoyé chez lui. Comme il a été le moins solide des trois – avec sa relecture tiède de Je suis venu te dire que je m’en vais, de Serge Gainsbourg –, l’ordre logique a été respecté. PHOTO TIRÉE DE LA PAGE FACEBOOK DE STAR ACADÉMIE Mathieu Rheault Ce cinquième gala a décollé avec un pot-pourri des succès pop-punk de Simple Plan, où Audrey-Louise (sur Jet Lag) et Krystel (sur The Antidote) ont volé la vedette. Jérémy Plante a également été très bon sur I’d Do Anything. Drôle d’idée d’ajouter un BMX dans le tableau. Ça doit faire jeune, j’imagine. Le numéro orchestré par Mitsou, première directrice artistique invitée de la saison, a été surprenant et flamboyant, mais aurait gagné à exploiter davantage la profondeur de la scène. Cela dit, l’enfilade de La corrida, Les Chinois, Bye bye mon cowboy, Lettre à un cowboy, C’est chaud, Le yaya et Dis-moi, dis-moi nous a étampé un sourire au visage, tout comme les commentaires rigolos de Roxane Bruneau sur les trois gars en danger."
Hugo Dumas,une chronique télévision,2022-07-12,https://www.lapresse.ca/arts/chroniques/2022-07-12/larry/la-vie-la-vie-d-un-flic-dechu.php,"Larry | La vie, la vie d’un flic déchu ","Quartier multiethnique du nord de Montréal. Une fusillade éclate entre deux gangs de rue, en plein jour. Une balle perdue atteint une (innocente) passante dans le dos. Les suspects glissent entre les doigts des flics. S’agit-il d’un article récent de la section des faits divers de votre Presse préférée ? Nope. C’est plutôt le point de départ de l’excellent suspense policier Larry, du tandem mythique qui a créé La vie, la vie, soit l’auteur Stéphane Bourguignon et le réalisateur Patrice Sauvé. J’ai visionné les trois premiers épisodes de Larry lundi, sans cligner des yeux, et j’ai très hâte de voir les sept suivants, qui atterriront sur l’Extra de Tou.TV jeudi. Pour ceux qui ne souscrivent pas à cette plateforme payante, sachez que Radio-Canada déposera Larry dans sa prochaine saison de télé régulière. Larry ne se classe pas dans la filière des séries policières traditionnelles. Bien sûr, cette œuvre dense et brillante renferme une enquête haletante et des rebondissements imprévus, mais elle y incorpore des touches comiques et un drame personnel qui colore toute l’intrigue. Le tout, nappé de musique psychédélique des années 1970 et livré dans un emballage visuel évoquant le film classique The French Connection du cinéaste William Friedkin. C’est franchement captivant. Le Larry du titre de la série est un ancien policier d’infiltration (solide Benoît Gouin) de la police de Montréal, qui a été ostracisé après une affaire de filature douteuse, où il a soi-disant copiné avec le crime organisé. Amer, déçu et humilié, Larry, 62 ans, a remis badge et arme. Depuis huit ans, il occupe un boulot de gardien de sécurité dans un immeuble anonyme. Mais l’échec de sa dernière enquête, couplé à un sentiment de trahison aigu, l’obsède encore. Le jour où son épouse France (très juste Monique Spaziani) reçoit une balle d’arme à feu dans la colonne vertébrale, Larry active le mode « justicier ». PHOTO FOURNIE PAR RADIO-CANADA Monique Spaziani dans Larry D’abord, parce que la culpabilité le ronge. Il a été incapable de protéger sa femme. Il l’a abandonnée au beau milieu d’un échange de coups de feu. Il aurait pu et aurait dû prévenir l’attaque, franchement. Ensuite, parce que Larry refuse d’affronter les épreuves qui se dressent devant lui. Sa conjointe des 40 dernières années ne marchera plus jamais sur ses deux jambes. Et la vie qu’ils ont construite à deux changera de façon draconienne. Larry fuit tout ça dans l’enquête parallèle — et pas du tout légale – qu’il mène dans les rues du quartier Parc-Extension."
Hugo Dumas,une chronique télévision,2022-08-25,https://www.lapresse.ca/arts/chroniques/2022-08-25/le-dr-gagnon-revient-audrey-aussi.php,"Le Dr Gagnon revient, Audrey aussi ! ","Qui dit programmation automnale de Télé-Québec dit De garde 24/7. C’est un soin de base – et non un soin de confort. C’est un signe vital fort qui pousse toujours cette pulsante docuréalité au sommet des émissions les plus populaires de la chaîne publique. Bien sûr, le bon Dr Éric Gagnon de l’hôpital Maisonneuve-Rosemont retroussera les manches de sa veste dans cette huitième saison, tout comme la formidable Dre Nathalie Zan et l’énergique Dr Massimiliano Iseppon. Les premiers patients se pointeront à Télé-Québec le jeudi 8 septembre à 20 h. Nouveauté cette année : De garde 24/7 consacrera quatre épisodes à la pratique de la médecine hors des centres urbains. Les tournages ont été effectués à Baie-Comeau, Maria (en Gaspésie) et Murdochville. Et devinez qui l’équipe a croisé dans sa tournée des régions ? La Dre Camille Hudon, une urgentologue – et résidente en médecine familiale – qui a participé à la première édition de De garde 24/7 à l’hôpital Charles-LeMoyne, il y a sept ans déjà. Autre retour réjouissant : Télé-Québec relaiera la comédie dramatique Audrey est revenue les jeudis à 21 h à partir du 29 septembre. Pardon ? Le Club illico de Vidéotron ne détenait-il pas la primeur sur cette série étrangement attachante ? Oui, bien vu. PHOTO FOURNIE PAR TÉLÉ-QUÉBEC Audrey est revenue sera diffusée à Télé-Québec les jeudis à 21 h à partir du 29 septembre. Selon Marie Collin, la PDG de Télé-Québec, c’est Québecor qui a contacté Télé-Québec pour lui vendre la première diffusion d’Audrey est revenue sur une antenne conventionnelle. Ce type de déplacement commercial latéral, entre deux diffuseurs concurrents, se produit très rarement. Alors, profitons-en. Et entre vous et moi, Audrey est revenue, que cosignent Florence Longpré et Guillaume Lambert, cadre vraiment mieux à Télé-Québec qu’à TVA, où cette comédie singulière aurait été coincée entre Le tricheur, Chanteurs masqués et L’échappée. En compétition pour 13 prix Gémeaux, Audrey est revenue raconte le lent réveil d’une jeune Soreloise de 35 ans (Florence Longpré) après 18 ans passés dans le coma. Du lundi au jeudi à 18 h 30, Télé-Québec catapultera en ondes une nouvelle série quotidienne destinée aux 9 à 12 ans qui s’appelle Comme des têtes pas de poule. On y suit la famille Babin-Bibeau composée du papa musicien (David Savard), de la maman qui retourne étudier en charpenterie-menuiserie (Mélanie Pilon) et de leurs trois ados aux caractères bien trempés. L’auteur Pierre-Yves Bernard (Dans une galaxie près de chez vous, Minuit le soir) signe les textes et ça démarre le 5 septembre. Dans le nouveau magazine À boire et à manger, Vanessa Pilon, Rémi-Pierre Paquin et Lindsay Brun nous jasent de la pression optimale pour gonfler ses pneus d’hiver. Ben non, le trio louera des chalets partout au Québec, qui deviendront le point d’ancrage d’une alléchante virée gourmande chez différents producteurs locaux. Le premier épisode d’À boire et à manger jouera le vendredi 9 septembre à 20 h."
Hugo Dumas,une chronique télévision,2022-08-23,https://www.lapresse.ca/arts/chroniques/2022-08-23/le-rattrapage-avant-le-grand-deballage.php,Le rattrapage avant le grand déballage ,"Groupe ! Il reste trois semaines avant le retour des programmations d’automne sur les grandes chaînes de télé québécoises. Groupe ! Il reste donc trois semaines pour rattraper et dévorer des séries qui ont brillé sur le radar télévisuel estival. Voici quelques suggestions d’émissions à croquer avant de crouler sous les nouveautés de la rentrée (oui, ça rime et c’était voulu, bon). La deuxième saison d’Industry (L’industrie), offerte en français et en anglais sur la plateforme Crave, est géniale. Est-ce que l’on comprend tout son langage opaque à propos de transactions qui s’effectuent sur le plancher d’une puissante banque d’investissements ? Non, vraiment pas. Les personnages parleraient en klingon – ou en langue du Cirque du Soleil – que ça sonnerait du pareil au même. Bling, il faut vendre tel fonds étranger en bitcoins, alegria, c’est « short » sur le marché japonais des devises, kooza, un bloc d’actions se libère dans une fintech de capitalisation spéculative. Du charabia économique indéchiffrable, qui ne rebute étonnamment pas. À la fin de chacun des épisodes, la compulsion nous pousse à déclencher le prochain, et le suivant, et l’autre suivant. Le cœur battant d’Industry, qui loge au carrefour de Succession, Billions et Euphoria, ce sont les motivations qui animent ces jeunes (et moins jeunes) requins de la City londonienne. Jusqu’où se commettront-ils pour recruter des clients aux poches profondes ? Très loin. Autant dans la drogue, l’épuisement professionnel, la séduction, les crises de panique que dans le sexe, évidemment. Ce milieu de la finance féroce broie les plus faibles et pulvérise les amitiés, dont celle entre les deux héroïnes, Yasmin et Harper. Les lignes de cocaïne s’étirent plus loin que Matane et Bâton-Rouge. Et un petit mardi soir tranquille se transforme en fête arrosée où se croisent toujours de potentiels riches investisseurs. Dans Industry, le travail n’arrête jamais et avale tout, surtout à l’extérieur du 9 à 5. PHOTO BARBARA NITKE, FOURNIE PAR NETFLIX Neil Patrick Harris incarne le personnage de Michael Lawson dans la série Uncoupled. On le voit ici avec Peter Porte, dans le rôle de Josh. Sur Netflix, la comédie Uncoupled, ou Découplé, en version française, propose un sympathique divertissement à la Sex and the City, mais dans l’univers des célibataires gais de New York. Neil Patrick Harris, le Barney de How I Met Your Mother, y campe l’agent immobilier Michael, que son conjoint largue, sans avertissement, après 17 ans de vie commune. Cette rupture inattendue démolit notre bon Michael, qui ne sait pas comment draguer à l’ère de Grindr, Tinder et des photos de pénis non sollicitées. On ne se fera pas de cachette ici : Michael est essentiellement la version masculine de Carrie Bradshaw (Sarah Jessica Parker), un quadragénaire la fois comique, égoïste, brillant et champion de l’autodépréciation. La recette de Sex and the City s’applique également aux bons amis qui entourent Michael."
Hugo Dumas,une chronique télévision,2022-05-30,https://www.lapresse.ca/arts/chroniques/2022-05-30/merci-stranger-things-et-kate-bush.php,Merci Stranger Things et Kate Bush ! ,"Les téléphages qui ont enfourné le quatrième chapitre de Stranger Things ce week-end sont actuellement incapables de s’extraire une (excellente) chanson du coco. Un envoûtant morceau de 1985 si judicieusement employé au quatrième épisode – mais qui résonne aussi dans le walkman de Max au premier épisode – qu’il a catapulté son interprète dans les sujets chauds de Twitter. Il s’agit de Running Up That Hill (A Deal With God), de Kate Bush, une pièce extraite de l’album Hounds of Love. Depuis vendredi matin, les nostalgiques redécouvrent l’immense talent de cette auteure-compositrice-interprète britannique, et une nouvelle génération écoute compulsivement sur Spotify celle qui a été surnommée la « sorcière du son ». Le mariage entre l’étrange Kate Bush et Stranger Things sur Netflix n’aurait pu être mieux célébré. D’abord, le texte de Running Up That Hill colle parfaitement à la réalité de l’adolescente Max (Sadie Sink), qui se sent coupable de la mort de son grand frère Billy et qui dresse une barrière émotive entre ses amis et elle. Ensuite, la scène angoissante où Max court pour se sauver des mains griffues du démon Vecna se synchronise parfaitement avec le rythme percussif de Running Up That Hill. Cette séquence illustre avec brio comment une chanson choisie avec soin magnifie un scénario et élève l’œuvre à des niveaux rarement atteints. C’est superbe. Attendue depuis trois ans – c’est looong longtemps –, cette quatrième saison de Stranger Things, plus violente et plus gore que les précédentes, arrive en format jumbo : tous les épisodes durent entre 1 h et 1 h 40. Et les fans, comme moi, se régaleront dans ce buffet garni de culture pop. Le virage plus mature de Stranger Things nous sort des Goonies et d’Indiana Jones pour nous catapulter dans des univers d’horreur comme ceux de Carrie, The Exorcist, Hellraiser et A Nightmare on Elm Street (quel classique !), qui ont visiblement inspiré les créateurs de Stranger Things, les jumeaux Matt et Ross Duffer. Adieu John Hughes, allô Wes Craven. PHOTO FOURNIE PAR NETFLIX Stranger Things 4 Robert Englund, qui a longtemps enfilé les griffes acérées et le chandail rayé du meurtrier Freddy Krueger dans A Nightmare on Elm Street, apparaît même dans le quatrième épisode sous les traits de Victor Creel, le prisonnier aux yeux crevés. J’a-do-re. Stranger Things a vieilli, comme ses interprètes d’ailleurs, et ses références ne s’adressent plus à des préados. C’est devenu une frissonnante série d’épouvante à la It, où le nouveau méchant Vecna ressemble au terrifiant Night King dans Game of Thrones. Le premier épisode de Stranger Things 4 recadre bien l’histoire, qui reprend six mois après la bataille épique du centre commercial."
Hugo Dumas,une chronique télévision,2022-06-18,https://www.lapresse.ca/arts/chroniques/2022-06-18/mixmania-a-brise-la-glace-et-pris-sa-place.php,Mixmania a brisé la glace et pris sa place ,"Sans Mixmania, il n’y aurait pas eu de Star Académie. Sans Mixmania, il n’y aurait pas eu huit chapitres de La voix, encore moins d’éditions de La voix junior. Sans Mixmania, il n’y aurait pas eu de ver d’oreille comme Tu t’en vas (et c’est bien fait pour moi) ! Il y a 20 ans, en août 2002, Vrak mettait en orbite une des premières téléréalités musicales du Québec, qui rassemblait huit ados – les fameux Mix – dans un immense loft coloré. Scindés en deux groupes, soit Aucun regret (les filles) et Défense urbaine (les gars), ces jeunes apprenaient à chanter et à bouger dans l’œil des caméras. Et ils s’exécutaient dans une pop bonbon 100 % francophone. Personne n’aurait pu prédire le succès stratosphérique de Mixmania, qui a quasiment provoqué une émeute aux Galeries de la Capitale, à Québec, où 12 000 fans ont hurlé les paroles de la pièce Toucher le ciel. « Toi et moi jusqu’au sommet, toi et moi, on n’arrêtera jamais ! » Ramenons-nous en 2002, période pré-Star Académie où des émissions canons comme American Idol tonnaient depuis quelques semaines à peine. C’était l’époque où les puristes vomissaient sur ce sous-genre télévisuel voué à disparaître dans la honte avec les papillons-pinces dans les cheveux et les mèches en bandeau de couleur « chips au ketchup ». Beurk, de la téléréalité ! Ces « artistes » ne fabriquent pas de l’art, mais de la saucisse indigeste à saveur commerciale. Comme ces rabat-joie ont eu tort. Comme ils ont manqué de vision. Vingt ans après le décollage de Mixmania, deux de ses anciens participants, William Cloutier (Mixmania 3) et Krystel Mongeau (Mix 4), ont remporté les dernières saisons de Star Académie à TVA. Claudia Bouvette de Mixmania 2 a progressé très loin dans Big Brother Célébrités sur Noovo et a lancé un excellent album d’électropop intitulé The Paradise Club. Photo CATHERINE LEFEBVRE, Collaboration spéciale Claudia Bouvette a participé à la saison 2 de Mixmania avant d’embarquer dans l’aventure de Big Brother Célébrités et de lancer un album, The Paradise Club. Si vous suivez La voix, vous y avez probablement aperçu une ribambelle d’anciens Mix dont Krystel Mongeau (encore elle !), Redgee (gagnant de Mix 4), Gabriel Forest (Mixmania 3) et Tommy Tremblay (Mixmania 2). Ah oui, Anne-Sophie Demers (Mixmania 2) a également déménagé dans les condos en carton de XOXO, mais n’ouvrons pas ce dossier encore douloureux, merci. Pour mesurer le fort impact de la plus ancienne téléréalité musicale du Québec, Crave lance mercredi le documentaire Mixmania : 20 ans plus tard, qui braque les projecteurs sur la cohorte de 2002, les Mix originaux. C’est très bon, quoiqu’un peu court à une quarantaine de minutes."
Hugo Dumas,une chronique télévision,2022-03-17,https://www.lapresse.ca/arts/chroniques/2022-03-17/od-croatie-c-est-remis.php,"OD Croatie, c’est remis ! ","Après OD Chez nous à la montagne Coupée et OD dans l’Ouest à Whistler, la prochaine destination de la téléréalité cupidon de Noovo avait été choisie, selon mes fidèles espions. Il s’agissait de la Croatie, pays européen qui connaît un boom touristique considérable depuis de nombreuses années. Imaginez maintenant un ODéfi dans la vieille ville de Dubrovnik, la perle de l’Adriatique, où a été tournée une partie de la magnifique série Game of Thrones. Pensez à nos célibataires qui poppent une Poppers sur la plage de Zlatni Rat, dite la Corne d’or. Mettons que ça change des voyages virtuels dans un demi-sous-sol de Saint-Jean-de-Matha. Depuis le début de la pandémie, c’était la première fois que Jay Du Temple et sa bande auraient pu s’installer à l’extérieur du Canada. Mais la guerre en Ukraine, imprévisible et dangereuse, force l’équipe d’Occupation double à changer de camp de base, par souci de sécurité. Les deux maisons où la nouvelle cuvée d’OD aurait habité se situaient à environ 900 kilomètres de la frontière ukrainienne. Mais pas de risque à prendre, a tranché Productions J, qui manufacture Occupation double pour Noovo. La sécurité des concurrents et de la centaine d’employés de la téléréalité passe avant tout. La production d’OD cherche présentement un lieu alternatif, où il fera beau et chaud et où le climat politique sera moins explosif. Gageons que ce ne sera pas Las Terrenas, en République dominicaine, où déménage bientôt L’île de l’amour de TVA. De toute façon, OD y a été tournée en 2009. Et pas question de refaire une édition d’OD québécoise ou canadienne, à moins d’une 13e vague de COVID-19 à l’automne. Officiellement, Occupation double n’a pas encore « flushé à 100 % les maisons en Croatie », selon une source au sein de l’équipe. Il reste une mince chance que l’aventure s’y déroule. Mais ne misez pas une canette de Shaker Mixologie là-dessus. Vous risqueriez de perdre le prix de la consigne. PHOTO FOURNIE PAR LA PRODUCTION Normand Daneau, Yanic Truesdale, Christian Bégin et Alexis Martin, les quatre mecs Les deux derniers épisodes de la comédie Les mecs à Radio-Canada laissaient croire que le personnage d’Étienne Lebeau (Yanic Truesdale) disparaissait de la série. Sans préambule, on apprenait qu’Étienne sous-louait son condo, qu’il confiait le gym à son assistante (Catherine Renaud) et qu’il s’envolait avec son copain Dan (Guillaume Lambert) pour une escapade d’un an. Vérification faite : non, Étienne n’a pas été rayé du scénario. Si l’auteur Jacques Davidts a envoyé le quatrième membre du quatuor en voyage, c’était pour libérer temporairement l’acteur Yanic Truesdale, qui a participé au tournage le printemps dernier de la nouvelle série de Netflix God’s Favorite Idiot, aux côtés de son amie Melissa McCarthy (Gilmore Girls)."
Hugo Dumas,une chronique télévision,2022-06-04,https://www.lapresse.ca/arts/chroniques/2022-06-04/pourquoi-personne-ne-parle-de-wentworth.php,Pourquoi personne ne parle de Wentworth ? ,"Je capote sur Wentworth, l’équivalent australien d’Unité 9 sur toutes les drogues de synthèse que les prisonnières réussissent à sniffer, fumer, s’injecter ou avaler illégalement. Dans l’établissement carcéral de Wentworth, le Lietteville de la télé australienne, Boule de quilles, Jeanne Biron et Britanny Sizzla s’effondreraient d’une simple chiquenaude devant la « freak » Joan Ferguson, la psychopathe Lou Kelly ou la très militante Kaz Proctor. Les corridors de Wentworth suintent la peur et le danger. Les détenues se piègent dans les douches, se défient dans des combats au couteau artisanal et se torturent à la presse à la vapeur. C’est plus proche d’Oz que d’Orange Is the New Black, mettons. C’est le Game of Thrones de l’univers carcéral, où les héroïnes survivent rarement à plus de trois années dans leurs cellules. Ne vous attachez pas trop à elles, à part avec des menottes. Les larmes coulent à plus fort volume que celui de l’alcool frelaté. Les derniers épisodes de la huitième et ultime saison de Wentworth sont en ligne sur Netflix et (en version française sous-titrée) sur l’Extra de Tou.tv. Netflix possède toute la collection de Wentworth, soit 100 épisodes, si vous cherchez de la télé à croquer ce week-end. D’ailleurs, ça m’étonne que Wentworth ne remporte pas plus de succès et que les téléphiles n’en discutent pas davantage sur les réseaux sociaux : c’est un feuilleton extrêmement efficace, bourré de rebondissements. Pourquoi encenser une télésérie aussi violente et impitoyable ? Parce qu’elle remplit son mandat de divertissement. Parce que les actrices y sont bouleversantes. Parce qu’une prison fédérale comme celle dépeinte dans Wentworth, ce n’est pas un Club Med où l’on se tresse les cheveux entre deux chorégraphies de Macarena. De retour au huitième chapitre de Wentworth, la tension grimpe au niveau « bingo » à quelques heures de la grande finale. Deux meurtres crapuleux ont été commis à l’intérieur des murs de Wentworth, la direction serre davantage la vis et les prisonnières complotent non-stop pour éliminer leurs rivales. Et Wentworth n’existerait pas sans son trafic de drogue, ses séjours au trou, ses sévices physiques, ses guerres internes pour contrôler la prison, ses émeutes, ses bombes artisanales et sa mauvaise nourriture. Provenant de tous les horizons socio-économiques, les femmes enfermées à Wentworth – qui ont enfilé l’uniforme bleu sarcelle – nous ont permis d’explorer une tonne de sujets, dont l’amitié, la maternité, la transidentité, l’homosexualité, la toxicomanie, le racisme, l’abus de pouvoir et la maladie mentale. J’envie énormément ceux qui découvriront, pour la première fois, la fougue désespérée de la coiffeuse Bea Smith (et sa crinière rouge pompier), l’instinct de survie de la rusée Franky Doyle, une ancienne vedette de téléréalité hyper charismatique, ainsi que l’humour particulier de l’attachante Boomer, la colosse au cœur d’or."
Hugo Dumas,une chronique télévision,2022-02-03,https://www.lapresse.ca/arts/chroniques/2022-02-03/un-lac-noir-peu-profond.php,Un Lac-Noir peu profond,"Alors, c’est bon, le thriller policier surnaturel Lac-Noir, offert ce jeudi sur le Club illico de Vidéotron ? Je répondrais : noui. Ce n’est pas génial ni mauvais. Juste correct et moyen. Du moins dans les deux épisodes sur un total de huit que j’ai vus mercredi. C’est décevant, car tous les ingrédients d’un suspense captivant s’y côtoient : un village forestier à la Twin Peaks, un camp de vacances à la Vendredi 13 – ou même à la Jérémie, pour les amourettes –, des rumeurs de satanisme, une vieille dame à demi sénile qui sert d’oracle, un curé clairvoyant, des pentacles en bois comme dans Servant d’Apple TV+, cette recette éprouvée titille tout fan de séries de genre. À l’écran, Lac-Noir souffre de la construction boiteuse de son récit. Par exemple, le premier épisode débute avec une scène super forte impliquant un policier en détresse (Marc Fournier), qui en découd avec une (information effacée pour préserver le punch). C’est gore, angoissant et accrocheur. Et puis ? Et puis, plus rien. L’histoire reprend à propos du charmant village de Lac-Noir, dans le fond des Laurentides, et ne parle presque plus de cet enquêteur, qui a sûrement perdu beaucoup de sang. Partez ici une jolie musique country. En fait, on se doute bien que les habitants de Lac-Noir, derrière leurs sourires froids, cachent un truc très sombre. Du genre : ils vénèrent le diable dans une clairière les soirs de pleine lune. Le problème ? Les auteurs Martin Girard et Charles Dionne ne distillent pas assez d’indices pour nous hameçonner. C’est trop lent. Surtout pour une minisérie qui ne dure que huit heures. Et tant qu’à fabriquer une série d’horreur, pourquoi ne pas l’embrasser à fond ? Lac-Noir conduit avec le pied sur le frein, on dirait. Peut-être que les six épisodes suivants nous aspireront dans un vortex de peur, faudra voir. Lac-Noir démarre avec l’arrivée au village d’une nouvelle policière de la SQ, Valérie (Mélissa Désormeaux-Poulin). Cette patrouilleuse a vécu un évènement traumatisant à Montréal (flic tourmenté : coché !) et fuit dans les bois avec son fils Dave (Anthony Therrien des Bracelets rouges). Au minuscule poste de la SQ, non sans rappeler celui de 5e rang, Valérie enquête avec le chef de police Adrien (Stéphane Demers)."
Thomas Gerbet,un reportage,2020-05-22,https://ici.radio-canada.ca/nouvelle/1705010/certaines-ecoles-rouvriront-juin-grand-montreal-specialisees,Certaines écoles rouvriront dès le 1er juin dans le Grand Montréal,"Pour donner un répit aux parents d'enfants handicapés, le ministère de l'Éducation permet la réouverture d'écoles spécialisées. L'école primaire de l'Étincelle accueille des élèves autistes. Photo : Radio-Canada / Conrad Fournier Le retour en classe sera plus rapide que prévu pour des centaines d'élèves de la Communauté métropolitaine de Montréal (CMM) et de la MRC de Joliette. Des enseignants s'en inquiètent. Québec a annoncé jeudi aux écoles spécialisées à mandats régional et suprarégional qu'elles pourront rouvrir le 1er juin, à certaines conditions. La réouverture ne concerne que les clientèles particulièrement vulnérables. L'objectif est de répondre aux besoins des élèves handicapés ou ayant un trouble grave du comportement, explique le porte-parole du ministère, Bryan St-Louis. Avec le déconfinement à venir dès le 25 mai dans le Grand Montréal, le gouvernement veut faciliter la tâche des parents ayant des enfants à besoins particuliers ne pouvant demeurer seuls à la maison sans supervision. Le retour en classe sera toutefois facultatif, au choix des parents. À Montréal, certaines écoles ouvriront au complet et d'autres, qui accueillent des élèves handicapés et non handicapés, ouvriront uniquement pour recevoir les élèves handicapés. « Pour pouvoir revenir à l’école, l’élève ne doit pas présenter de symptômes associés à la COVID-19 et il ne doit pas avoir une condition de santé précaire pouvant être aggravée par un déconfinement. » Alors qu'ils se préparent à rouvrir, des membres du personnel s'interrogent sur les conditions de cette reprise des classes et sur la capacité à maintenir la distanciation physique avec certains élèves. À l'école Joseph-Charbonneau, de Montréal, qui accueille 188 élèves dont la majorité ont besoin d'aide pour se déplacer en fauteuil roulant, le conseil d'établissement est inquiet. Il a voté une motion, jeudi, exigeant des garanties supplémentaires avant de rouvrir, faisant état d'une grande peur vis-à-vis des mesures qui seront mises en place afin de recevoir sécuritairement les jeunes. La reprise est « imprévisible », selon l'enseignante de l'école L'Étincelle, de Montréal, Marie Contant. Les élèves lourdement autistes ne parviendront pas à respecter la distanciation physique, selon elle. « On doit leur tenir la main dans les déplacements, les nourrir à la cuillère, certains ont des comportements d'automutilation et il faut les arrêter. Il y a des crachats, des morsures, des coups, des lunettes arrachées... Mais là, ce sera probablement des masques et des visières qui seront arrachés. » Toutes nos équipes-écoles sont mobilisées pour mettre en place un environnement sécuritaire et adapté à la réalité de leur milieu, dit le porte-parole de la Commission scolaire de Montréal (CSDM), Alain Perron."
Thomas Gerbet,un reportage,2019-10-11,https://ici.radio-canada.ca/nouvelle/1341740/argent-election-impots-taxes-logement-ontario-canada,"Dans les poches des électeurs, la clé du pouvoir | Élections Canada 2019","Des maisons en rangée à Burlington, en banlieue de Toronto. Photo : Radio-Canada / Thomas Gerbet Le coût de la vie, c’est l’enjeu qui préoccupe le plus les Canadiens, selon des sondages, en particulier les familles. C'est ce qu'on a pu constater en banlieue de Toronto. Burlington aligne des maisons en rangée sur des kilomètres. Impensable de vivre ici sans voiture, dans cette banlieue à l'ouest de Toronto. Et la patience est de mise. À l'heure de pointe, se rendre au centre-ville de la métropole peut prendre jusqu'à deux heures. « Il faut conduire pour amener les enfants à la garderie, conduire pour aller au travail, conduire, conduire et conduire », se plaint Judy, qui met de l'essence dans sa voiture. À la hauteur de ses yeux à la pompe, le gouvernement provincial de Doug Ford a placé des autocollants contre la taxe carbone instaurée par les libéraux de Justin Trudeau. On peut voir sur les autocollants le coût de la taxe carbone par litre (4,4 cents) et sa progression à venir jusqu'à 11,1 cents par litre, en 2022. Aucune mention du remboursement aux citoyens par le gouvernement fédéral. Tout est fait pour envoyer le message que ça va coûter cher. « On va recevoir 300 $, mais la taxe carbone m'aura coûté plus cher que ça, calcule Judy. D'ailleurs, à quoi ça servirait de le facturer pour ensuite remettre l'argent à tout le monde. Ça n'aurait aucun sens. » Les circonscriptions de la banlieue de Toronto sont très nombreuses et votent souvent en bloc. Ici, on peut gagner ou perdre le pouvoir. « Le coût de la vie est très élevé, chaque jour on a l'impression d'en perdre un peu plus au profit des taxes ou autres. » Trent, qui a deux voitures, a-t-il des difficultés à boucler ses fins de mois? « Je n'ai pas de dettes personnelles, reconnaît-il, à l'exception du crédit auto. » S'il veut plus d'argent dans ses poches, c'est en prévision de la retraite, dit-il, pour laquelle il a très peu d'épargnes de côté. Quelques maisons plus loin, devant son camion pickup et son bateau, John peste contre le bilan du gouvernement libéral : « Trudeau avait promis d'équilibrer le budget en 2019 et il ne l'a pas fait. C'est un échec total. » Cet électeur conservateur revendique, lui aussi, moins de taxes : « Je préfère avoir plus d'argent dans mes poches pour contrôler ma propre destinée. Je peux mieux gérer cet argent que le gouvernement. » L'agente immobilière Audrey Bailey, qui travaille sur les territoires de Burlington et Hamilton, juge qu'il faut au moins un budget entre 500 000 $ et 700 000 $ pour qu'une famille puisse acheter une propriété. Même à 50 kilomètres de Toronto. « Des jeunes couples sans enfant qui ont des budgets de moins de 500 000 $, ça devient très difficile de trouver, explique-t-elle. Malheureusement, ils doivent continuer de louer. » Le problème, c'est que la location coûte aussi très cher."
Thomas Gerbet,un reportage,2019-07-30,https://ici.radio-canada.ca/nouvelle/1240580/desjardins-banque-nationale-vol-donnees-securite-equifax-compte-bancaire,Des contrôles resserrés pour les clients de Desjardins à la Banque Nationale,"Les clients de Desjardins sont-ils devenus « toxiques » à la suite de la fuite massive de données personnelles? Photo : Radio-Canada / Ivanoh Demers La Banque Nationale se méfie des demandes de clients Desjardins et renforce ses mesures de sécurité à leur égard, a appris Radio-Canada. Selon un expert en sécurité informatique, les victimes du vol massif de données doivent se préparer à subir des vérifications plus pointilleuses auprès de banques et de commerces. Les clients de Desjardins sont-ils devenus « toxiques »? Selon nos informations, la Banque Nationale a récemment pris des mesures de sécurité accrues les visant spécifiquement. Ainsi, l'ouverture d'un compte bancaire en ligne n'est plus facilitée comme pour les clients venant d'autres institutions financières. L'auteur de cet article a fait le test, puisqu'il fait partie des 2,9 millions de membres Desjardins touchés par le vol de données personnelles. Au moment de s'identifier comme client Desjardins, il a vu le processus d'ouverture du compte en ligne s'arrêter net et un message l'a renvoyé vers une succursale de la BNC. En revanche, il lui était possible d'ouvrir un compte s'il indiquait appartenir à une autre banque que Desjardins. Quand nous avons indiqué être client sur le site de Desjardins, un message nous a renvoyé vers une succursale. Mais en sélectionnant une autre institution financière, l'ouverture du compte en ligne était possible. Photo : Capture d'écran/Radio-Canada « Je vous confirme que nous avons accru nos mesures de surveillance pour l’ouverture de comptes en ligne, mais il n’y a toutefois pas de refus systématique », dit la directrice principale des affaires publiques de la Banque Nationale, Marie-Pierre Jodoin. Certains membres de Desjardins auraient encore la possibilité d'ouvrir un compte en ligne, affirme la BNC. Lesquels? La Banque refuse d'entrer le détail de ses stratégies de sécurité, se contentant d'évoquer des « croisements d'informations ». « Je ferais la même chose si j'étais à leur place », explique l'expert en sécurité informatique chez Okiok, François Daigle. Il juge la mesure de la Banque Nationale à l'égard des clients Desjardins « normale, appropriée et prudente ». Selon l'expert, les clients de Desjardins victimes du vol de données devrait être rassurés : « Ça va réduire le risque que leur identité soit usurpée ». En revanche, François Daigle s'attend à ce que d'autres banques et commerces fassent comme la BNC et vérifient deux fois plutôt qu'une qu'il s'agit des vraies personnes. « On va vouloir vérifier leur identité peut-être plus que les autres », croit-il. « Ça va prendre plus de temps, ça sera plus compliqué. Ce sont, malheureusement, les conséquences d'un vol d'identité. » Les clients Desjardins doivent s'attendre à être envoyés plus souvent vers des succursales ou à se présenter en personne dans certains commerces."
Thomas Gerbet,un reportage,2021-03-26,https://ici.radio-canada.ca/nouvelle/1780300/masque-gris-bleu-toxiques-ecoles-garderies-quebec-snn200642,Des masques au potentiel toxique distribués dans des écoles et des garderies du Québec | Coronavirus,"Il ne faut plus utiliser les masques SNN200642 gris et bleu, préviennent Québec et Ottawa. Les masques SNN200642 ont un côté gris et un côté gris et bleu. Photo : Radio-Canada Les masques SNN200642 du fournisseur Metallifer ont un « potentiel de toxicité pulmonaire précoce », peut-on lire dans une directive envoyée vendredi aux réseaux du ministère de la Famille, de l'Éducation et de l'Enseignement supérieur du Québec. Dans le document obtenu par Radio-Canada, on apprend que l'avis fait suite à la réception d’une mise en garde de Santé Canada, jeudi. Certaines éducatrices de garderie se méfiaient depuis un moment de ces masques gris et bleu, car elles avaient le sentiment d'avaler des poils de chat en les portant. « Santé Canada a procédé à une évaluation préliminaire des risques qui a révélé un potentiel de toxicité pulmonaire précoce liée à l’inhalation de graphène nanoformé. » Selon une fiche de Santé Canada, une toxicité pulmonaire précoce est caractérisée par des infiltrats pulmonaires, par la fibrose ou par les deux à la fois. Il s'agit d'un risque potentiel, insiste le ministère de la Santé et des Services sociaux du Québec dans un communiqué, en assurant que le gouvernement agit de manière proactive pour éviter tout danger possible et que la directive ne touche pas les masques pédiatriques. Le ministère de la Famille du Québec spécifie que le réseau de l’Éducation et de l’Enseignement supérieur est également concerné. Il joint à sa mise en garde un avis rédigé par le directeur des acquisitions de fournitures de laboratoire et d’imagerie médicale, Patrick Baillargeon. On peut lire dans le document : À ce jour, Santé Canada n’a pas reçu de données permettant d’appuyer l’innocuité et l’efficacité des masques faciaux contenant du graphène nanoformé. Par conséquent, compte tenu de l’absence de données probantes fournies par les fabricants [...], Santé Canada juge inacceptables les risques liés à ces instruments médicaux. « Si vous avez ce type de masques en inventaire, nous vous demandons de ne plus les distribuer et de les conserver dans un endroit sécuritaire dès maintenant. » On apprend également que ces masques ont été distribués par Revenu Québec dans les derniers mois. Nous demandons donc à tous nos clients de vérifier s’ils en ont en leur possession, écrit Patrick Baillargeon."
Thomas Gerbet,un reportage,2021-03-30,https://ici.radio-canada.ca/nouvelle/1781050/vaccins-montreal--regions-quebec-pfizer-astrazeneca-variants,Des milliers de doses de vaccin de Montréal envoyées dans les régions | Coronavirus,"Les nouvelles plages de rendez-vous seront réduites dans la métropole. Des vaccins Pfizer de Montréal seront envoyés en régions. Photo : afp via getty images / Jean-François Monier La 3e vague et la montée en flèche des cas dans certaines régions forcent le gouvernement du Québec à réacheminer des dizaines de milliers de doses de vaccins destinées à l'île de Montréal vers cinq régions. Dans un premier temps, au moins 15 000 doses seraient retirées à Montréal, mais cela n'aurait pas d'incidence sur les personnes qui ont déjà un rendez-vous. Des plages de rendez-vous vont toutefois disparaître pour les autres. La nouvelle annoncée aux établissements de santé de l'île de Montréal n'a pas fait d'heureux alors que les équipes de santé de la métropole font des pieds et des mains pour vacciner le plus de monde possible dans plusieurs quartiers aux prises avec de nombreux cas de COVID-19. On n'est pas très contents, car beaucoup de travailleurs n'ont pas encore reçu leur première dose, indique une source, frustrée. L'amertume est palpable parmi les directions. Il faut qu'on partage le peu qu'il y a, déplore une autre source. Mais la flambée des cas dans certaines régions, en plus du frein à l'utilisation du vaccin d'AstraZeneca, ne donne plus le choix aux autorités. « Les régions où c'est plus difficile, on va augmenter les vaccins, avec une nouvelle organisation de la distribution. » Le ministre de la Santé Christian Dubé a expliqué que cette décision survient après une demande de la santé publique en raison de l'augmentation de la présence des variants dans ces régions. Autre raison évoquée par le ministre : rééquilibrer l'avancement de la vaccination où la prise de rendez-vous n'est pas rendue aux mêmes groupes d'âge partout. Le Bas-Saint-Laurent et l'Outaouais sont particulièrement en retard. Alors que 20 % de la population montréalaise a reçu une première dose du vaccin, ils ne sont que 12 % à l'avoir reçue dans le Bas-Saint-Laurent et 11 % en Outaouais. Dans le Bas-Saint-Laurent, la région de Kamouraska compte 405 cas de COVID pour 100 000 habitants et cela monte même à 487 dans la région de Rivière-du-Loup. C’est deux à trois fois plus en proportion que l’île de Montréal."
Thomas Gerbet,un reportage,2020-05-13,https://ici.radio-canada.ca/nouvelle/1702424/eclosions-covid-hopital-charles-lemoyne-longueuil,Éclosions de COVID-19 à l'Hôpital Charles-Le Moyne de Longueuil | Coronavirus,"Au moins 37 patients ont été infectés par le coronavirus à l'intérieur des murs de l'hôpital. Les admissions sont suspendues dans les deux unités touchées. Photo : La Presse canadienne / Ryan Remiorz Un autre hôpital s'ajoute à la longue liste de ceux aux prises avec des éclosions de COVID-19. Radio-Canada a appris que le virus s'est propagé à l'extérieur des unités réservées aux patients atteints de la COVID-19 à l'Hôpital Charles-Le Moyne, situé à Longueuil. Deux unités sont touchées et les admissions y sont suspendues le temps que la situation se rétablisse, confirme le Centre intégré de santé et de services sociaux (CISSS) de la Montérégie-Centre. Les chirurgies peuvent être réalisées comme prévu, affirme la porte-parole du CISSS Sara-Ève Tremblay. Toutefois, selon une source médicale à l'intérieur de l'établissement, plusieurs salles de chirurgies ne fonctionnent pas et les listes d'attente s'allongent en dehors des urgences et semi-urgences. Pour obtenir une confirmation de ces éclosions, il nous a fallu relancer cinq fois le CISSS depuis le mercredi 6 mai. Les 37 patients infectés ont été transférés dans une unité réservée aux patients contaminés par la COVID-19 dans l'hôpital. Par ailleurs, des dépistages ont permis de détecter 32 employés positifs qu'on a placés en isolement. D’autres dépistages sont en cours, indique le CISSS. « Pour endiguer la propagation du virus, les mesures de prévention et de contrôle des infections s’appliquent comme lors de tout autre type d’éclosions. » Mardi soir, l'urgence de Charles-Le Moyne était occupée à 116 %. Un total de 17 patients attendaient sur une civière depuis plus de 24 heures et 7 depuis plus de 48 heures. À Longueuil, l'autre hôpital, Pierre-Boucher, est également aux prises avec des éclosions, révélait Radio-Canada le 5 mai. Comme Pierre-Boucher, l'Hôpital Charles-Le Moyne est désigné par le ministère de la Santé pour recevoir des patients atteints de la COVID-19, mais comme bien d'autres établissements, il n'est pas parvenu à contenir le virus dans les unités chaudes. Ces dernières semaines, des éclosions ont déstabilisé l'Hôpital Maisonneuve-Rosemont, qui a dû annuler des chirurgies et envoyer des patients ailleurs."
Thomas Gerbet,un reportage,2019-04-08,https://ici.radio-canada.ca/nouvelle/1163188/reouverture-unite-obstetrique-lasarre-ste-justine,Encore beaucoup de travail à faire avant la réouverture de l'unité d'obstétrique à La Sarre,"Centre hospilatier de La Sarre, en Abitibi-Ouest Photo : artcad.qc.ca Six jours avant la réouverture de l'unité d'obstétrique à La Sarre, le ministère de la Santé a encore beaucoup de travail à faire. Les 8 infirmières qui viendront en relève en Abitibi-Ouest auraient finalement été confirmées au cours des derniers jours. Il y en aura quatre de Sainte-Justine, deux de la clinique Prénato à Québec et deux du CIUSSS de l'Ouest-de-l'Île-de-Montréal. Le ministère de la Santé travaille en ce moment à compléter les horaires de travail. Il faudra aussi gérer les va-et-vient des différentes infirmières de l'extérieur et leur trouver un hébergement. Les premières infirmières devraient arriver à la dernière minute, soit le 14 avril. L'annonce de la réouverture du département de natalité à La Sarre avait pris plusieurs personnes par surprise. Le président-directeur général, Yves Desjardins, n'avait même pas été avisé de la situation. La chef du département d'obstétrique, Kim Beauregard-Lepage, réclame que le département de médecine chirurgie ne soit plus fusionné avec celui d'obstétrique. Photo : Radio-Canada / Jean-Marc Belzile Les infirmières de Sainte-Justine surprises Le représentant national du personnel en soins infirmiers pour le syndicat CSN à l'hôpital Sainte-Justine, Félix-Olivier Bonneville, affirme aussi avoir été très surpris au moment de l'annonce, surtout considérant la pénurie d'infirmières à Sainte-Justine. En ce moment, en avril, il y a un peu plus de 150 quarts de travail qui sont plus ou moins comblés, à savoir est-ce que des personnes pourraient les combler en temps supplémentaire, est-ce qu'on peut couper un peu pour avoir un peu moins d'accouchements électifs qui seraient prévus d'avance, donc il y a toute une mécanique qui doit être faite qui n'est pas encore faite, dit-il. Oui je pense que la ministre McCann quand elle a fait sa sortie c'était un peu prémédité. Félix-Olivier Bonneville assure être en faveur de la réouverture de l'unité d'obstétrique à La Sarre, mais il croit que tout s'est fait trop rapidement. On sait qu'il y a des filles intéressées, on sait que c'est quelque chose qui a suscité de l'intérêt chez les infirmières de l'unité des naissances. Quand la sortie a été faite par la ministre, beaucoup de ces infirmières étaient en train de questionner sur comment ça va se passer. Il y a des questions de base qui ne sont pas encore réglées, soulève-t-il. Pour cette deuxième soirée d'information, une brochette de 13 personnes étaient assises sur la scène pour présenter à la population des actions concrètes afin de tenter de corriger le problème de découverture en obstétrique. Photo : Radio-Canada / Lise Millette La présidente de la Fédération des médecins spécialistes, Diane Francoeur, déplore le manque de planification dans les hôpitaux. Une situation qui serait directement responsable selon elle des fermetures des unités d'obstétrique à La Sarre en Abitibi-Témiscamingue et à La Malbaie à Charlevoix."
Thomas Gerbet,un reportage,2021-06-17,https://ici.radio-canada.ca/nouvelle/1802145/sans-appel-offres-2022-sante-quebec-derapages-anglade,"Gré à gré jusqu'en 2022 : « une ouverture aux dérapages », dit Dominique Anglade | Coronavirus","La cheffe libérale s'inquiète du feu vert donné aux contrats sans appel d'offres en santé pour encore 9 mois. La cheffe du Parti libéral du Québec, Dominique Anglade Photo : La Presse canadienne / Jacques Boissinot La cheffe de l'opposition officielle demande des explications au gouvernement et interpelle la Vérificatrice générale, au lendemain de la publication d'un décret qui autorise l'achat de biens et services médicaux sans appels d'offres jusqu'au 31 mars 2022. Pourquoi ça n'a pas été adopté la semaine dernière, quand on était capables d'en débattre à l'Assemblée nationale? s'étonne Dominique Anglade, en entrevue à Radio-Canada. Le nouveau décret permet au Centre d'acquisitions gouvernementales d'octroyer des contrats par des ententes de gré à gré, quel que soit le montant, pour toute une liste de fournitures médicales et de bureau. « Il y a une ouverture aux dérapages qui est manifeste et on fait passer ça cinq jours après la fin de la session parlementaire. » Parmi les produits pouvant être acquis sans appel d'offres, on retrouve des accessoires d'anesthésie et d'inhalothérapie, des fournitures d'angio-radiologie ou encore des produits orthopédiques. Le gouvernement craint des ruptures de services si ces équipements viennent à manquer. Québec justifie la nécessité du décret par le retard qu'ont pris les gestionnaires de la santé pour se réapprovisionner durant la pandémie. S'il y a des enjeux d'approvisionnement, on veut savoir où ils sont, dit Dominique Anglade, dénonçant un manque de transparence alors que 145 000 Québécois sont en attente d'une chirurgie. « Qu'est-ce qui est à risque en termes de rupture de stock et d'approvisionnement? Où sont les ruptures de service possibles? » Dans un courriel à Radio-Canada, le Centre d'acquisitions gouvernementales explique qu'il cherche à éviter des risques importants dans l’offre de services de soins aux patients ainsi que de la turbulence pour les établissements. Dominique Anglade s'étonne qu'on ait besoin d'étirer l'autorisation sur encore neuf mois. C'est beaucoup trop long, dit-elle. Le décret prévoit que les contrats ne devront pas être conclus pour plus de 18 mois ni être renouvelables. Dans des contrats de 18 mois, on peut aboutir avec du stock pour cinq ans, dit la cheffe libérale. Le ministère de la Santé a d'ailleurs acheté trop de certains équipements de protection individuelle (EPI) durant la pandémie et certains risquent d'être périmés sans être utilisés. Entre mars et décembre 2020, le Québec a dépensé plus de 3 milliards de dollars en fournitures médicales à travers des contrats sans appel d'offres. Dans l'urgence, des masques ont été payés sept fois le prix normal. Québec refuse de dévoiler les détails de ses dépenses liées à la COVID-19 et le commissaire de l'Unité permanente anticorruption (UPAC) s'intéresse aux contrats signés en marge de la pandémie."
Thomas Gerbet,un reportage,2020-05-05,https://ici.radio-canada.ca/nouvelle/1700013/cri-coeur-veronique-hivon-covid-mourir-seul-dignite,Le cri du coeur de Véronique Hivon contre la mort sans dignité,"La députée réclame un « minimum d'humanité » parce que des proches ne parviennent toujours pas à accompagner leur parent mourant de la COVID-19, malgré la directive qui le permet. La députée Véronique Hivon est connue du grand public pour sa gestion du dossier « Mourir dans la dignité ». Photo : Radio-Canada / Ivanoh Demers Véronique Hivon hausse le ton contre le gouvernement, dans une entrevue accordée à Radio-Canada. La députée derrière la Loi concernant les soins de fin de vie au Québec constate que beaucoup trop d'aînés meurent encore seuls et sans dignité dans les CHSLD. Elle s'inquiète pour la santé mentale des proches. Je ne peux pas croire qu'on va laisser toujours plus d'aînés mourir seuls. C'est l'inverse de la dignité, dit Véronique Hivon, très affectée par la situation. C'est l'inverse de l'approche qu'on voulait tellement humaine et proactive au Québec. « Dans une société aussi avancée, aussi humaine, aussi solidaire que celle du Québec, où on a tellement travaillé sur la mort dans la dignité, sur l'accompagnement de la fin de vie, il me semble que l'on doit bien ça aux aînés qui ont bâti le Québec. » Une directive datée du 23 mars﻿ (Nouvelle fenêtre)﻿ du ministère de la Santé du Québec permet les visites aux proches en fin de vie, y compris dans les CHSLD. Une personne à la fois est autorisée, avec la présence maximale de trois proches à tour de rôle par période de 24 heures. Comment ça se fait que ce n'est pas appliqué alors que tout est supposé être mis en place pour ça, lance-t-elle. Le 8 avril, la ministre de la Santé Danielle McCann a réitéré le « mot d'ordre » aux établissements d'appeler et de tenir informées les familles de la santé de leurs proches. Les familles, on ne vous oublie pas, avait-elle déclaré. Le 11 avril, le premier ministre François Legault a même suggéré d'embaucher du personnel pour se consacrer à cette tâche de communication, reconnaissant un écart entre la directive qui est donnée et ce qu'il est possible humainement de faire à certains endroits. La députée péquiste reconnaît que le manque de personnel complique les choses dans cette crise sans précédent, mais elle se demande si les efforts suffisants sont faits : Je ne peux pas croire qu'on n'est pas assez imaginatifs et créatifs au Québec pour trouver des moyens. Véronique Hivon recommande de recourir aux comités d'usagers ou aux comités de résidents, un peu laissés de côté depuis le début de la crise, afin de faire la liaison avec les familles. Comme la Dre Joanne Liu, elle suggère aussi d'autoriser les proches aidants à revenir dans les résidences, même celles aux prises avec la COVID-19. « Ce n'est pas plus risqué pour un proche qui porte tout le matériel de protection que pour un bénévole sans expérience qui vient prêter main-forte et s'occuper de 20-30 résidents. » La députée cite l'exemple du Montréalais Réal Migneault, dont la présence aux côtés de sa mère mourante a même réussi à renverser son état, avant de se voir interdire l'accès au CHSLD."
Thomas Gerbet,un reportage,2022-01-10,https://ici.radio-canada.ca/nouvelle/1853035/alexandre-parizeau-directeur-general-longueuil-catherine-fournier,Le petit-fils de Jacques Parizeau devient directeur général de Longueuil,"Alexandre Parizeau remplace l'actuel DG Patrick Savard, car il correspond au changement de génération souhaité par la nouvelle mairesse Catherine Fournier. Le nouveau directeur général de la Ville de Longueuil, Alexandre Parizeau, en compagnie de la mairesse Catherine Fournier. Photo : Philippe Desforges, cabinet de la mairesse de Longueuil Encore un jeune au pouvoir à Longueuil. Alexandre Parizeau, 36 ans, a été nommé ce matin directeur général de la Ville de Longueuil. Le petit-fils de l'ancien premier ministre Jacques Parizeau remplace Patrick Savard, qui avait été nommé meilleur directeur général du Québec, en 2019. Une séance extraordinaire du conseil municipal, ce matin, a entériné le départ de l'un et l'arrivée de l'autre. Alexandre Parizeau était jusqu'à présent directeur des travaux publics à la Ville de Saint-Jean-sur-Richelieu. Dans le passé, il a travaillé sept ans à la Ville de Longueuil, dans différents postes de gestionnaire. Il est le frère de l'ancien conseiller municipal de Montréal Hadrien Parizeau. Le nouveau DG devient l’un des plus jeunes directeurs généraux d’une municipalité du Québec, alors même que la mairesse de Longueuil, Catherine Fournier, est la plus jeune mairesse des grandes villes de la province. « Tout comme nous, il fait partie d’une relève dynamique qui combine à la fois renouveau et expérience. [...] nous partageons tous les deux l’ambition d’innover et le désir de rendre les Longueuilloises et les Longueuillois encore plus fiers de leur ville. » La mairesse Catherine Fournier, 29 ans, s'est déjà entourée de nombreux jeunes de moins de 40 ans. En entrevue avec Radio-Canada, elle affirme qu'Alexandre Parizeau a la même vision et le même regard qu'elle. La mairesse veut que le vent de changement s'exprime aussi dans l'administration, parce que les deux marchent main dans la main. Au lendemain de son arrivée au pouvoir, Radio-Canada révélait que sa première rencontre avec l'ex-DG Patrick Savard ne s'était pas passée comme elle l'aurait voulu. Catherine Fournier avait dû insister pour qu'il recule au sujet des travaux de prolongement d'un boulevard qui menaçait la rainette faux-grillon. Le directeur général sortant était en poste depuis huit ans. En 2019, il avait été nommé directeur général de l'année au Québec. Difficile de savoir précisément pourquoi Patrick Savard ne faisait plus l'affaire, mis à part une volonté de nouvelle impulsion et de faire de la place à une nouvelle génération, une relève. M. Savard a commencé sa carrière dans le monde municipal avant même que Catherine Fournier vienne au monde. Pour des raisons légales, la nouvelle mairesse n'est pas autorisée à commenter l'entente survenue entre les deux parties. Elle assure toutefois que le contrat du directeur général sortant a été respecté à la lettre. Patrick Savard avait un contrat à durée indéterminée. En 2015, il gagnait 272 835 $."
Thomas Gerbet,un reportage,2019-01-21,https://ici.radio-canada.ca/nouvelle/1148071/canada-prix-maisons-abordables-inabordables-etude,Les maisons les plus abordables et les plus inabordables au monde sont au Canada,"Au Cap-Breton, le prix médian des maisons est de 162 000 $ et le revenu médian de 75 700 $. Photo : iStock C'est au Cap-Breton, en Nouvelle-Écosse, que l'accès à la propriété est le plus facile, selon une étude annuelle comparant divers marchés immobiliers de la planète. À l'inverse, Vancouver, qui est « extrêmement inabordable », est classée avant-dernière dans le monde. Selon l'étude américaine Demographia International Housing Affordability, publiée lundi, le prix médian d'une maison représente deux fois le revenu médian des ménages au Cap-Breton. Un marché immobilier est considéré comme abordable quand il ne dépasse pas trois fois ce ratio. De l'autre côté du pays, à Vancouver, il faut 12,6 fois le revenu annuel pour se payer une maison au prix médian. À ne pas confondre avec le prix moyen, le prix médian signifie que la moitié des maisons coûtent plus cher et l'autre moitié coûte moins cher. L'étude compare 309 marchés immobiliers du Canada, des États-Unis, du Royaume-Uni, de l'Australie, de la Nouvelle-Zélande, de l'Irlande, de Hong Kong et de Singapour. Les données sont celles du quatrième trimestre 2018. Le Canada compte 17 villes au marché immobilier « extrêmement inabordable », c'est-à-dire que le prix médian des maisons y représente plus de cinq fois le revenu médian des ménages. De plus, 5 villes sont « très inabordables » (ratio entre 4,1 et 5), 16 sont « modérément inabordables » (ratio de 3,1 à 4) et 12 sont « abordables » (3 et moins). Le Cap-Breton (2,1) est le marché le plus abordable de tous les pays étudiés. On retrouve également parmi les villes offrant les maisons les plus accessibles selon le revenu, Fort McMurray (2,2), Moncton (2,3) et Fredericton (2,4). À Montréal, un ménage a besoin de 4,6 fois son revenu médian pour s'offrir une maison, ce qui place la métropole québécoise dans les marchés « très inabordables ». En 2004, Montréal était à la limite de l'abordable (3.1). Des tours d'habitation à Vancouver Photo : Radio-Canada / Christer Waara Cette année, Vancouver (12,6) dépasse Sydney (11,7), en Australie dans le marché des villes inabordables de la planète. Hong Kong occupe la tête de ce palmarès (20,9). La situation de Toronto se dégrade, elle aussi, puisque la métropole ontarienne (8,3) est aussi inabordable que Londres (8,3) et même moins abordable que New York (5,5). « » Depuis une quinzaine d'années, le marché immobilier devient de plus en plus inabordable dans les principales villes canadiennes. Photo : Demographia International Housing Affordability Survey 2019 Les auteurs de l'étude mentionnent que « des organisations nationales et internationales ont exprimé des inquiétudes au sujet des conséquences que pourraient avoir ces augmentations de prix sur l’économie canadienne »."
Thomas Gerbet,un reportage,2019-07-31,https://ici.radio-canada.ca/nouvelle/1242587/louis-robert-emploi-reintegre-mapaq-ministere-agriculture-agronome-entente,Louis Robert retrouve son emploi et les mois de salaire perdus,"Louis Robert avait été congédié du ministère de l'Agriculture après 32 ans de service. Photo : Radio-Canada / La semaine verte Victoire sur toute la ligne pour le lanceur d’alerte congédié par le ministère de l'Agriculture, des Pêcheries et de l'Alimentation du Québec (MAPAQ). Radio-Canada a appris que l’agronome retrouvera son poste le 6 août. Il obtient même une compensation financière pour le préjudice subi. Les employés du bureau du ministère de l’Agriculture à Saint-Hyacinthe ont été informés par leurs supérieurs, mardi matin, que leur collègue Louis Robert avait signé une entente à l'amiable avec le gouvernement. Selon nos sources, le lanceur d’alerte obtient une réintégration dans le même poste qu’il occupait, le versement des six mois de salaire perdus durant son congédiement, ainsi qu’une compensation pour le stress occasionné. Dans le cadre des négociations, le Conseil du Trésor a même offert à Louis Robert de prendre sa pleine retraite, alors qu’il lui reste trois ans d’exercice. Mais le fonctionnaire a refusé, préférant reprendre son travail. L’entente à l'amiable met fin au processus d’arbitrage, et tous les griefs sont abandonnés. Louis Robert n’a pas souhaité faire de commentaire. Dans un communiqué, le Syndicat des professionnels du gouvernement du Québec « espère que le gouvernement aura eu sa leçon avec la saga de l’agronome et que plus jamais un salarié ne se retrouvera dans une telle tempête pour avoir voulu protéger le public ». Le MAPAQ a pour sa part accueilli « favorablement le retour au travail » de Louis Robert et s'est dit « satisfait de pouvoir compter sur son expertise ». « M. Robert et le MAPAQ sont déterminés à travailler dans la même direction, c’est-à-dire au bénéfice des agriculteurs de la Montérégie et du Québec », a réagi Mélissa Lapointe, porte-parole du ministère de l’Agriculture du Québec. Louis Robert, qui avait plus de 30 années d’expérience au MAPAQ, avait dénoncé l’ingérence du privé dans la recherche publique sur les pesticides. Le 24 janvier dernier, il a été congédié pour avoir transmis à Radio-Canada des documents confidentiels. Quelques jours plus tard, la protectrice du citoyen annonçait l’ouverture d’une enquête. Dans son rapport, la protectrice avait sévèrement blâmé le ministère de l’Agriculture pour ne pas avoir respecté la loi et pour ne pas avoir protégé l’identité du divulgateur."
Thomas Gerbet,un reportage,2020-10-02,https://ici.radio-canada.ca/nouvelle/1738169/eleves-retires-ecole-enseignement-maison-parents-covid,Montée en flèche des enfants retirés de l’école depuis la rentrée au Québec | Coronavirus,"Des milliers de parents inquiets des éclosions demandent à faire l’enseignement à la maison. Le ministère se retrouve à court de ressources. Le reportage de Marie-Isabelle Rochon Photo : Getty Images / pinstock Christine Desrochers a préparé les documents nécessaires. Dans les prochains jours, elle retirera son fils et sa fille de leur école de Sainte-Anne-des-Plaines pour toute l'année scolaire, par crainte des éclosions de COVID-19. « Je crois qu'ils ne sont pas en sécurité. Ça m'inquiète vraiment et j'aime mieux les garder à la maison avec moi. » Comme eux, 3340 élèves supplémentaires ont été retirés de l'école en l'espace d'un mois. C'est du jamais vu. Ces chiffres n'incluent même pas les absences sur la base d'une exemption médicale, que le ministère de l'Éducation ne compile pas encore. Les données n'incluent pas non plus les élèves en isolement qui retourneront en classe par la suite. Alors qu'à la rentrée, fin août, ils étaient 8304 enfants en enseignement à la maison, ce qui était déjà bien plus que l'an dernier, ils sont aujourd'hui 11 644 et leur nombre ne cesse de grandir. Christine Desrochers déplore le grand nombre d'élèves par classe et les regroupements à l'heure du dîner ou lors des récréations. L'école n'en fait pas assez selon elle, alors qu'une centaine d'établissements sont touchés par des éclosions à travers la province. À l'inverse, des parents trouvent que l'école de leur enfant en fait trop, comme l'a constaté la présidente de l'Association québécoise pour l'éducation à domicile (AQED) Marine Dumond. « Il y a également des familles qui jugent que les mesures sanitaires mises en place ne procureront pas une expérience éducative optimale pour leur enfant cette année, donc ils décident de faire sans le milieu scolaire avec un enseignement à la maison. » Lors de l'année scolaire 2019-2020, 5964 enfants étaient déclarés à la maison, deux fois moins qu'aujourd'hui. Le ministère de l'Éducation veut se faire rassurant en rappelant que 99 % des 1,3 million d’élèves fréquentent encore l'école. Toutefois, il n'a plus assez de personnel pour effectuer le suivi des enfants à la maison et accompagner les parents. Compte tenu de la hausse des inscriptions, un ajout de ressources est en cours, explique le ministère. Christine Desrochers, elle, ne s'inquiète pas de sa capacité à dispenser cet enseignement en raison des nombreux outils disponibles sur Internet."
Thomas Gerbet,un reportage,2020-12-10,https://ici.radio-canada.ca/nouvelle/1756198/protegez-vous-vol-donnees-enquete-magazine,Protégez-Vous  ouvre une enquête sur un vol de données touchant ses abonnés,"Les informations personnelles de 380 000 abonnés actuels et anciens du magazine sont vendues sur le web. En janvier 2020, le magazine avait publié un dossier spécial sur la protection des données personnelles. Photo : Protégez-Vous Le magazine Protégez-Vous ouvre une enquête interne après un vol massif de données personnelles de ses abonnés actuels et anciens, a appris Radio-Canada. Les adresses courriel de 380 000 personnes, présentes sur deux bases de données de Protégez-Vous, sont vendues sur le web en échange de bitcoins, depuis le 7 décembre. Nous avons pu constater que les mots de passe sont aussi fournis, mais ils sont toutefois cryptés. Fort heureusement pour les abonnés et ex-abonnés, leurs données de cartes de crédit ne font pas partie de la fuite. Le magazine n'était pas au courant de cette brèche de sécurité. Quelques minutes après que nous l'en ayons informé, la direction nous a averti qu'une enquête interne était enclenchée. « Protégez-Vous déclenche une enquête interne en concordance avec ses processus de cybersécurité. » Dans un extrait de la liste visible à tous sur un forum web, on peut voir des adresses courriel avec des noms à consonance francophone, une adresse courriel d'un employé de Protégez-Vous et une adresse courriel d'une fonctionnaire du ministère de l'Agriculture du Québec. Nous sommes entrés en contact avec quatre personnes présentes sur cette liste. Toutes sont des abonnés ou d'anciens abonnés du magazine. Protégez-Vous compte actuellement 97 000 abonnés, en formats papier et numérique. Selon le PDG de EVA Technologies, spécialiste en cybersécurité, Éric Parent, les personnes présentes sur cette liste s'exposent à des tentatives d'hameçonnage par courriel. « Après une brèche comme ça, les attaquants vont souvent utiliser cette liste-là pour envoyer des faux courriels et essayer de se faire passer pour Protégez-Vous. » L'expert conseille aux abonnés et ex-abonnés du magazine de changer leur mot de passe sur le site du magazine, mais aussi de changer tous leurs mots de passe semblables sur d'autres sites. On ne sait pas si le vol de données est survenu par quelqu'un à l'interne ou par une attaque extérieure qui aurait exploité une brèche de sécurité. En janvier, le magazine Protégez-Vous avait publié un grand dossier sur la protection des données personnelles. En préambule de ses articles, on pouvait lire : Vos infos valent de l’or et quelqu’un, quelque part, voudra s’en servir pour s’enrichir. L’ère de l’insouciance est terminée."
Thomas Gerbet,un reportage,2019-11-15,https://ici.radio-canada.ca/nouvelle/1390083/spvm-camion-blinde-police-montreal,Record d'utilisation du camion blindé du SPVM,"L'engin sert lors d'interventions à haut risque auprès de suspects munis d'armes à feu. Le camion de protection balistique, acheté en 2013 par le SPVM. Photo : Radio-Canada / Dominic Brassard Acheté il y a six ans pour 365 000 $ par le Service de police de la Ville de Montréal (SPVM), le camion de protection balistique a été utilisé 13 fois depuis mai 2018, selon des données obtenues par Radio-Canada. Le camion Thunder-1 est un monstre de métal : 17 tonnes, 285 chevaux. L'engin qui peut transporter une dizaine de personnes a la capacité de rouler à une vitesse de 120 km/h. Le véhicule doit servir de bouclier au Groupe tactique d'intervention (GTI) lors d'opérations très risquées, comme lorsqu'une personne armée est barricadée ou qu'il faut évacuer des otages. Le blindé est muni de 13 meurtrières permettant aux policiers de faire feu vers l'extérieur ou de tendre des objets de communication à des individus barricadés pour négocier. Le SPVM a ajouté au camion un bélier hydraulique pour défoncer une porte ou une fenêtre à une distance de 3,5 mètres. La police estime que cette protection lui évite d'avoir à recourir à la force létale et permet aussi de protéger les citoyens lors d'opérations. Selon les données obtenues en vertu de la Loi sur l'accès aux documents des organismes publics, le camion blindé a servi huit fois en 2018, un record, dont sept fois entre mai et décembre. Nous n'avons retenu que les utilisations opérationnelles, en excluant les entraînements et les présentations publiques du véhicule. Entre le début de l'année 2019 et le 22 octobre, le camion blindé a servi cinq fois. Impossible de savoir quand ni pourquoi, car ces informations sont confidentielles. On ne sait pas non plus si l'engin a contribué à sauver des vies. Critiqué à l'époque pour cette acquisition considérée comme une forme de militarisation, le Service de police avait justifié son utilité en planifiant s'en servir de 10 à 15 fois par an. Or, depuis six ans, le SPVM n'a jamais atteint le seuil d'utilisation prévu pour justifier l'achat. « Le SPVM ne regrette aucunement l’achat de ce véhicule. Sa pertinence ne se mesure pas dans son nombre de sorties, mais plutôt dans le fait qu’il peut être essentiel dans certaines situations pour assurer la sécurité des citoyens et des policiers."
Thomas Gerbet,un reportage,2021-09-09,https://ici.radio-canada.ca/nouvelle/1822636/fausse-identite-autochtone-suzy-kies-demissionne-parti-liberal,"Sans statut autochtone, Suzy Kies démissionne du Parti libéral du Canada","Pour ne pas nuire à la campagne de Justin Trudeau, celle qui se proclame « gardienne du savoir » autochtone a quitté son poste juste avant le débat des chefs. Suzy Kies était coprésidente de la Commission des peuples autochtones du Parti libéral du Canada. On la voit ici en photo avec le premier ministre Justin Trudeau, en 2018. Photo : Facebook/CPA Suzy Kies n'est plus coprésidente de la Commission des peuples autochtones du Parti libéral du Canada. Dans une déclaration transmise aux médias, elle annonce qu'elle démissionne, dans la foulée de la controverse sur sa fausse identité autochtone et le tollé causé par sa participation au projet de brûler des livres dans des écoles ontariennes. Je refuse [...] que l’on se serve de mon histoire pour nuire à Justin Trudeau et notre parti, écrit Suzy Kies. Radio-Canada révélait mercredi que Suzy Kies n'est pas Autochtone. Elle n'a pas de statut d'Indien en vertu de la loi, elle ne figure pas dans les registres des conseils de bande abénakis, dont elle se réclame, et on ne lui trouve aucun ancêtre autochtone sur sept générations, jusqu'à au moins l'année 1780. Malgré ces informations, Suzy Kies affirme que sa famille a effectué des recherches généalogiques, au début des années 1990. Ces recherches, explique-t-elle, ont confirmé que nous étions d'ascendance abénakise. Cela a confirmé ce que ma grand-mère nous avait toujours dit. Les deux conseils de bande abénakis d'Odanak et de Wôlinak rejettent l'appartenance de Mme Kies à leur communauté. « Malgré la remise en question blessante de mon ascendance, de mon identité et de ma culture, je vais poursuivre mon travail pour faire avancer la réconciliation et honorer l'histoire de ma famille. » Mercredi, le Conseil scolaire catholique Providence a annoncé qu'il suspend son projet de retirer et détruire les livres de ses bibliothèques qui propageraient des stéréotypes envers les Autochtones. Nous avons le regret de ne pas avoir fait des recherches plus approfondies à son sujet, a déclaré le Conseil scolaire, qui a dit aussi regretter sincèrement l’impact de cette initiative de brûler des livres dans un but de réconciliation avec les Autochtones, ce qui a provoqué un tollé. J'ai consacré ma vie à rendre hommage à ma culture et à défendre les droits des enfants et jeunes Autochtones à bénéficier des mêmes opportunités d'éducation et d'emploi que les peuples non autochtones, a conclu Suzy Kies dans sa déclaration."
Thomas Gerbet,un reportage,2020-03-28,https://ici.radio-canada.ca/nouvelle/1689375/bebe-enfant-mort-joliette-dpj,Un bébé de deux ans meurt durant une intervention de la DPJ à Joliette,"Les services sociaux avaient sous-estimé l'urgence de la situation familiale . La section des crimes majeurs de la Sûreté du Québec a ouvert une enquête. Photo : Radio-Canada / Félix B. Desfossés L’enfant est décédé soudainement de détresse respiratoire, alors que les intervenants de la Direction de la protection de la jeunesse (DPJ) s’étaient absentés quelques instants de son logement, a appris Radio-Canada. À 13 h 15, jeudi 26 mars, des intervenants de la DPJ se présentent dans une résidence de Joliette, mais les parents sont réticents à les laisser entrer. Après avoir insisté, ils découvrent une scène d’horreur rarement vue, témoignent trois sources bien au fait du dossier. Dans le logement insalubre, les quatre jeunes enfants de la famille avaient des champignons sur le visage et la peau purulente. Une négligence évidente de la part des parents, mais le pire était à venir. À 14 h, la DPJ décide de procéder d’urgence au placement des enfants, un garçon de 6 ans, un autre de 2 ans et deux fillettes jumelles de 6 mois. Les deux intervenants quittent la résidence pendant quelques instants. Ils alertent la police, trouvent rapidement une famille d’accueil et se mettent en quête d’un véhicule avec des sièges pour bébé afin de transporter les enfants. À leur retour dans le logement à 15 h, ils sont surpris de découvrir une ambulance sur place, en plus des policiers. Le garçon de deux ans est inanimé et en détresse respiratoire. Il décède à son arrivée à l’hôpital d’un arrêt cardio-respiratoire. La situation des enfants de la famille avait été signalée à la DPJ de Lanaudière au mois de janvier. Le cas avait été classé « code 3 », soit le niveau de priorité le moins élevé. Il requiert toutefois une évaluation dans un délai de douze jours. Or, il s’est passé plus de deux mois avant que la DPJ ne l’évalue. L'abondance des dossiers serait en cause. Selon nos informations, les services sociaux ont appelé pour la première fois la famille il y a quelques jours. Une intervenante a constaté au téléphone un manque de collaboration de la famille et s’en est inquiétée, ce qui a déclenché la visite au domicile de jeudi. La Direction du CISSS de Lanaudière souhaite ses plus sincères condoléances à la famille, écrit la porte-parole du Centre intégré de santé et de services sociaux, Pascale Lamy, dans un courriel. Considérant les règles de confidentialité qui s’appliquent, nous ne pouvons donner aucune information en lien avec cette situation. La section des crimes majeurs de la Sûreté du Québec a ouvert une enquête. Des interrogatoires seront menés, entre autres avec la famille et les intervenants de la DPJ. Pourquoi personne n’est-il resté sur place entre 14 h et 15 h? Les intervenants n’auraient pas jugé que les enfants couraient un risque immédiat pour leur vie."
Thomas Gerbet,un reportage,2022-12-16,https://ici.radio-canada.ca/nouvelle/1941615/comite-francisation-spectra-francos-office-langue-francaise,"Un comité de francisation aux Francos de Montréal, après une enquête de l’OQLF","Le gouvernement Legault s'était inquiété de l'usage de l'anglais dans les coulisses et les bureaux du festival. Gestionnaire des Francos de Montréal, L'Équipe Spectra possède notamment le M Telus, l'une des salles phares du Quartier des spectacles. Photo : L'Équipe Spectra Devoir travailler en anglais aux Francos de Montréal, c'est terminé. L'Équipe Spectra a mis en place un comité de francisation chargé de s'assurer que le français soit maintenu comme langue de travail au sein de l’entreprise, a appris Radio-Canada. En juin, le gouvernement du Québec avait mandaté l'Office québécois de la langue française (OQLF) pour vérifier que la loi était respectée au sein de l'organisation de ce festival consacré à la chanson francophone. L'événement s'était retrouvé dans l'embarras à la suite des révélations de Radio-Canada sur l'usage grandissant de l'anglais dans ses coulisses et ses bureaux. Des employés et des collaborateurs du festival, ainsi que d'anciens employés, avaient dénoncé la présence grandissante de l'anglais comme langue de travail en interne. Ils témoignaient de réunions tenues en anglais, malgré la présence de francophones autour de la table, et de consignes écrites ou orales parfois en anglais uniquement. Six mois plus tard, l'OQLF a terminé son enquête qui l'a amené à s'entretenir avec la direction de l’entreprise, des membres du personnel, des sous-traitants de L’Équipe Spectra et des associations du milieu du spectacle. L'Office conclut que la situation rapportée dans les médias était une situation ponctuelle et constate que l'entreprise Équipe Spectra a pris des mesures pour corriger cette situation. « Afin d’éviter qu’une situation similaire se reproduise, l’entreprise a volontairement mis en place un comité de francisation composé de membres représentant les travailleurs et la direction. Ce comité a notamment la responsabilité de s’assurer que le français soit maintenu comme langue de travail au sein de l’entreprise. » En juin, l'entreprise avait fait l'objet de nombreuses critiques, notamment parmi la classe politique. Contactée par Radio-Canada, L'Équipe Spectra nous écrit par courriel : Nous nous en tenons à la déclaration de l'OQLF et [...] nous n’avons rien de plus à ajouter. Fondée en 1977, L'Équipe Spectra gère plusieurs des grands festivals de Montréal, comme le Festival international de jazz, les Francos et Montréal en lumière. Elle possède aussi plusieurs salles de spectacles, dont le M Telus, l'ancien Métropolis."
Thomas Gerbet,un reportage,2019-03-07,https://ici.radio-canada.ca/nouvelle/1157024/demission-journal-metro-montreal-demissions,Vague de démissions au journal  Métro,"Le quotidien montréalais traverse une crise. Photo : Radio-Canada / Jérôme Labbé C'est l'hécatombe au journal Métro de Montréal, où près d'une dizaine d'employés ont démissionné dans les derniers jours, la plupart au sein de la salle de rédaction. Le directeur a aussi quitté ses fonctions le 1er mars. Selon nos informations, le quart de l'effectif total a claqué la porte. On retrouve parmi les démissionnaires les deux directeurs de l'information : Marie-Ève Shaffer et Baptiste Barbe. À ceux-là s'ajoutent une directrice de l'information web et au moins trois journalistes, dont une surnuméraire régulière. Une responsable des ventes a aussi remis sa démission dans les derniers jours. Par ailleurs, le directeur principal des opérations, Yves Bédard, a quitté son poste le 1er mars. Il était présent depuis le premier jour du journal, il y a 18 ans. « » Des employés dénoncent un grand manque d'écoute et de communication des nouveaux dirigeants, arrivés au mois d'août, à la suite de la vente du journal. Plusieurs événements auraient miné la confiance des employés. La goutte d'eau qui a fait déborder le vase serait le déménagement des locaux prévu d'ici la fin du mois, dans l'arrondissement de Saint-Laurent. Le propriétaire souhaite regrouper ses différents médias sous un seul toit. Le journal Métro a été racheté, comme d'autres publications de TC Transcontinental, par l'homme d'affaires Michael Raffoul, en avril. Le vice-président de la compagnie propriétaire, Métro Média, Andrew Mulé, confirme les démissions, sans vouloir les commenter « pour des raisons de confidentialité. » Deux postes vacants ont déjà été pourvus et l'entreprise compte remplacer les autres employés démissionnaires « dans un avenir rapproché ». « » Métro Média affirme avoir mis en place une « modernisation » qui s’est traduite par des investissements « afin d’améliorer l’expérience utilisateur [des] plateformes numériques, le développement de [l']offre de contenu et de nouvelles occasions professionnelles [aux] employés pour contribuer au vent de changement qui souffle sur Métro. » Métro, journal gratuit, se targue d'être le quotidien le plus lu dans la grande région métropolitaine."
Thomas Gerbet,un reportage,2019-01-10,https://ici.radio-canada.ca/nouvelle/1146133/harcelement-universites-colleges-politique-quebec,"Violences sexuelles : l'UQAM, McGill et la moitié des cégeps ne se conforment pas à la loi","L'UQAM est l'une des universités québécoises n'ayant pas encore adopté de politique visant à prévenir et à combattre les violences à caractère sexuel. Photo : Radio-Canada / Martin Thibault Deux universités et 26 cégeps sur 48 n'ont toujours pas adopté de politique visant à prévenir et à combattre les violences à caractère sexuel, requise par la loi votée dans la foulée du mouvement #MoiAussi. Le gouvernement du Québec exigeait pourtant que tous les établissements d'enseignement supérieur le fassent avant le 1er janvier 2019. Le ministère de l'Éducation et de l'Enseignement supérieur a publié sur son site web, jeudi, sa liste des bons élèves, c'est-à-dire les universités et les cégeps qui se sont conformés à la loi. On constate cependant qu'il manque de nombreux établissements dans cette liste. Le 8 décembre 2017, l'Assemblée nationale a adopté à l'unanimité le projet de loi porté par l'ex-ministre Hélène David qui obligeait les universités et les cégeps à mettre en place une politique spécifique contre les violences sexuelles avant le 1er janvier 2019. La loi étend la notion de violence sexuelle aux inconduites, comme des gestes, des paroles, des comportements ou des attitudes à connotation sexuelle non désirés, exprimés directement ou indirectement, y compris dans le cyberespace. Beaucoup d'établissements ont tardé à lancer le processus de préparation des politiques. À la mi-novembre, Radio-Canada révélait qu'aucun cégep et aucune université n'avait encore adopté de politique. Des représentants d'établissements s'étaient plaints de n'avoir reçu qu'à la fin de l'été le guide d'accompagnement du ministère. Les établissements doivent mettre en oeuvre la politique au plus tard le 1er septembre 2019. Tout retard d'adoption de la politique pourrait rendre plus difficile le processus pour l'appliquer sur le terrain. La Fédération étudiante collégiale du Québec demande au ministre de l'Éducation et de l'Enseignement supérieur, Jean-François Roberge, de s'assurer que les politiques et les services prévus entrent en vigueur pour le mois de septembre, malgré le retard. De son côté, l'ex-ministre Hélène David se dit « déçue » : « Ça fait 13 mois que la loi est adoptée et elle est très claire. Le sujet est encore extrêmement d'actualité. Quel temps va-t-il leur rester pour l'implanter? » « » Le vice-président de la Fédération nationale des enseignants du Québec, Richard Bousquet, est moins inquiet de la situation. « Pour nous, l'important c'est qu'il y ait une véritable consultation dans les établissement, dit-il. On aime mieux avoir un peu de retard dans l'adoption, mais que ça se fasse le plus possible par consensus. Ça permettra une mise en application plus facile. » La loi oblige aussi les cégeps et les universités à consulter les étudiants, les dirigeants et les membres du personnel dans le cadre des travaux de leur politique."
